links,title,contents,date,press,category
https://www.hani.co.kr/arti/politics/assembly/1103059.html,'사진 따귀' 노인회장에 “후대 모범 아니다…명백한 폭력”,"“후대 실수 점잖게 꾸짖는 게 어르신의 모범” 비판 나와. 김호일 대한노인회 회장이 3일 서울 용산 대한노인회 중앙회에서 노인폄하 발언 
사과를 위해 방문한...",2023. 08. 14.,한겨레,정치
https://news.kbs.co.kr/news/view.do?ncd=7738697,대한노인회 “오늘까지 '노인 폄하' 사과하라”…진화 나선 민주 ...,"더불어민주당 김은경 혁신위원장의 '노인 폄하 발언' 논란의 후폭풍이 좀처럼 가라앉지 않고 있습니다. 김 위원장은 어제(1일) 
'인천시민과의 대화'에서 ""혹시 그것으로...",2023. 08. 14.,KBS 뉴스,없음
https://www.chosun.com/politics/politics_general/2023/08/03/2O47CIR7BVF4VIVGPR7CNOEQXI/,"사과 방문한 김은경에... 노인회장, 사진 뺨 때리며 “정신 차려라”","대한노인회장이 '노인 비하' 발언을 사과하러 온 김은경 더불어민주당 혁신위원장 앞에서 김은경 위원장 사진 '뺨 때리기' 퍼포먼스를 
했다. 김 위원장은 노인회 방문...",2023. 08. 14.,조선일보,정치 일반
https://www.hani.co.kr/arti/area/area_general/1079276.html,지방 노인은 무임승차도 못한다 [The 5],"[더 파이브: The 5] 39년 버틴 노인 무임승차, 바뀔까. 8일 지하철 종로3가역에 한 노인이 개찰구를 향해 걸어가고 있다. 
연합뉴스.",2023. 2. 12.,한겨레,전국
https://m.health.chosun.com/svc/news_view.html?contid=2023020601879,"65세 이상 '노인'들에게 '노인 기준' 물었더니, 이런 답이…","서울시가 6일 발표한 2022년 노인실태조사에서 만 65세 이상 서울 시민이 생각하는 노인 연령 기준은 평균 72.6세인 것으로 
확인됐다. 실제로 노인(老人) 신체도 젊어지고...",2023. 2. 7.,헬스조선,없음
https://www.yna.co.kr/view/AKR20230206062000530,불붙은 노인연령 상향…무임승차 논란부터 연금·정년 논의까지,"한국 OECD 중 노인빈곤률 최악…""'행복한 삶' 차원 접근을"". (서울=연합뉴스) 김병규 기자 = 일부 지자체에서 지하철 무임승차 
연령을 높이자는 주장이 나오면서 '만 65세'...",2023. 2. 6.,연합뉴스,사회
https://www.akomnews.com/bbs/board.php?bo_table=news&wr_id=49492,코로나로 노인학대 증가…가해자는 배우자>아들 순 > 뉴스,"코로나19로 가족 간 갈등과 돌봄 부담 스트레스 등이 작용하면서 지난해 노인학대 건수가 증가한 것으로 나타났다. 보건복지부는 '제6회 
노인학대 예방의 날' 을 맞아 전국...",2022. 6. 15.,한의신문,News
https://www.hani.co.kr/arti/area/capital/1079722.html,손익만 따질 수 없는 '대중교통 노인 무임승차' 핵심 쟁점은?,"“노인교통복지 사회적 효과 커” VS “기준 연령 높여 지하철 손실 메워야”. 지하철역 개찰구를 향해 걸어가는 어르신들의 모습. 한겨레 
자료사진.",2023. 2. 15.,한겨레,전국
https://www.bokjitimes.com/news/articleView.html?idxno=34212,"용인시처인노인복지관, 전 항목 A등급으로 4회 연속 A등급 달성","이번 평가는 경기도 58개 노인복지관을 대상으로 2019년부터 2021년까지 3년간의 △시설 및 환경 △재정 및 조직운영 △프로그램 및 
서비스 △이용자의 권리 △지역사회...",2023. 2. 20.,복지타임즈,"뉴스, 현장, 뉴스 > 현장"
https://news.sbs.co.kr/news/endPage.do?news_id=N1007065167,"[사실은] 노인 무임승차에 들어가는 비용, 얼마나 될까","65세 이상 노인에 대한 지하철 무임승차 제도가 정치권 화두로 떠올랐습니다. 포문은 오세훈 서울시장이 열었습니다. 오 시장은 지난 
30일 신년 기자 간담회에서 정부...",2023. 2. 2.,SBS 뉴스,사회
https://www.hani.co.kr/arti/politics/assembly/1103346.html,"이재명, '김은경 노인 폄하' 논란에 “유감…신중하지 못한 발언”","이재명 더불어민주당 대표가 김은경 당 혁신위원장의 '노인 폄하' 발언을 “유감스럽게 생각한다”며 7일 뒤늦게 사과했다. 이 대표가 지난 
1일 나흘간의 여름휴가를...",2023. 08. 14.,한겨레,정치
https://www.hani.co.kr/arti/economy/economy_general/1066525.html,[팩트체크] 노인 일자리 증가? “체질 개선” vs “패륜 예산” 따져봤다,"정부가 재정으로 직접 만드는 노인 일자리는 정부가 편성한 내년도 예산안에 따라 늘어날까 아니면 줄어들까. 국민의힘은 “관련 예산이 
790억원 늘어 일자리 수가 2만9...",2022. 11. 9.,한겨레,경제
http://www.bosa.co.kr/news/articleView.html?idxno=2200336,'노인 의료·돌봄 통합지원 시범사업' 본격 실시,"복지부 김헌주 기획조정실장은 개회사에서 “노인의료 통합돌봄지원사업은 초고령화를 맞는 어르신들이 살던 곳에서 건강한 노후를 보내도록 
수요자 중심, 의료요양돌봄체계...",2023. 6. 28.,의학신문,"정책·행정, 복지부, 정책·행정 > 복지부"
https://www.hani.co.kr/arti/economy/economy_general/1060660.html,"고령인구 900만명 돌파…노인을 위한 한국, 어떻게?","노인을 위한 한국, 어떻게? 박종오 기자. 구독. 등록 2022-09-29 14:44 수정...",2022. 9. 29.,한겨레,경제
https://www.hani.co.kr/arti/society/rights/1096064.html,"노인학대 가해자 35%, 나이 든 배우자였다 : 인권·복지 : 사회 : 뉴스",노인 부부만 사는 가정 늘고 돌봄 스트레스 영향도. 한겨레 자료사진. ☞한겨레 뉴스레터 H:730 구독하기. 검색창...,2023. 6. 15.,한겨레,사회
https://www.bokjitimes.com/news/articleView.html?idxno=33963,"홀로사는 노인, 월소득 202만원 이하면 기초연금 지급","보건복지부(복지부)는 올해 기초연금 선정기준액 인상안을 1일 이같이 고시했다. 기초연금은 65세 이상 노인 중 소득 하위 70%에게 
지급하는 노후소득 보장 목적의 급여로,...",2023. 1. 2.,복지타임즈,"뉴스, 정책&이슈, 뉴스 > 정책&이슈"
https://www.chosun.com/national/welfare-medical/2023/08/17/HZ5A2SKGYBGSBH4A7C7BRVYOJU/,살던 집에서 요양하는 노인도 시설만큼 급여받는다,노인 장기요양보험은 정부가 고령이나 치매 등 질병으로 혼자 생활하기 어려운 노인에게 요양 서비스를 지원해주는 제도다.,2023. 08. 21.,조선일보,복지·의료
https://www.hani.co.kr/arti/opinion/editorial/1102021.html,"[사설] 베이비부머 697만명 은퇴기, 노인 일자리 대폭 늘려야","정부가 27일 1000만 노인 시대에 대비해 2027년까지 노인 인구의 10% 수준으로 노인 일자리를 확충하는 방안을 내놨다. 65살 
이상 노인은 올해 950만명인데 4년 뒤에는...",2023. 08. 14.,한겨레,사설.칼럼
https://www.bokjitimes.com/news/articleView.html?idxno=35127,"세종도덕노인복지센터, 초복맞이 삼계탕 나눔 행사 진행","센터는 세종독거노인 및 취약계층 어르신 470여명을 방문하여 뜨거운 햇살과 더위로 몸과 마음이 지쳐 계실 어르신들께 여름을 잘 보내시길 
바라는 마음을 전하고자 삼계탕...",2023. 7. 7.,복지타임즈,"뉴스, 행사, 뉴스 > 행사"
https://www.bokjitimes.com/news/articleView.html?idxno=33258,"늙어가는 대한민국… KDI ""노인연령 기준 65세, 상향 필요""","한국의 노인 비율이 약 30년 후 전 세계에서 가장 높을 것으로 예상되고 있다. 이런 가운데 현재 65세인 노인연령을 상향 조정하는 
장기적인 계획과 함께 취약 집단...",2022. 9. 6.,복지타임즈,"뉴스, 정책&이슈, 뉴스 > 정책&이슈"
https://www.yna.co.kr/view/AKR20230509082100004,"""노인은 사람 아닌가""…'노 시니어 존' 등장에 찬반 가열","(서울=연합뉴스) 김정진 기자 = ""60세 이상은 사람이 아닌가 보죠."" 9일 오전 서울 종로구에서 만난 권모(78)씨는 '노 시니어 
존'(No Senior Zone·노인 출입 금지)에...",2023. 5. 9.,연합뉴스,사회
https://www.eroun.net/news/articleView.html?idxno=35777,"인천시, 전국 '노인일자리 우수기관 평가' 대상 수상","인천시가 2022년도 노인일자리 종합평가에서 전년도 최우수상에 이어 올해는 최고 영예인 '대상'에 선정돼, 명실상부 '노인일자리는 
인천'의 명성을 잇게 됐다.",2023. 08. 14.,이로운넷,"지역, 인천, 지역 > 인천"
https://www.medifonews.com/news/article.html?no=175265,'노인 의료·돌봄 통합지원 시범사업' 참여 지자체 공모(~2/21),"보건복지부가 노인 의료·돌봄 통합지원 시범사업 참여 지자체를 공개 모집한다. 보건복지부는 초고령사회 도래에 대비해 지역사회에서 
어르신들의 건강한 노후를 보장하기...",2023. 2. 7.,메디포뉴스,없음
https://bravo.etoday.co.kr/view/atc_view/14223,"공공형 축소된 '2023년 노인 일자리', 개선 방향은?","'2023년 노인 일자리 및 사회활동 지원사업'(이하 노인 일자리) 참여자 모집이 시행됐다. 앞서 정부가 노인 일자리, 그중에서도 
공공형 일자리를 축소한다고 밝혔던 바...",2022. 12. 20.,브라보 마이 라이프,머니
https://www.aitimes.kr/news/articleView.html?idxno=27574,"SKT, 독거노인종합지원센터와 인공지능 기반 노인 맞춤 돌봄 ...","SK텔레콤(대표 유영상)은 노인돌봄 체계 지원 전문기관 독거노인종합지원센터(센터장 김현미)와 노인 안부 확인 등 업무에 인공지능(AI) 
기반 'NUGU 비즈콜(biz call)'...",2023. 3. 15.,인공지능신문,"FOCUS, 기업, FOCUS > 기업"
https://www.hani.co.kr/arti/politics/assembly/1103087.html,"민주 혁신위, 조기 종료 가닥…'노인 폄하' 발언 여파","더불어민주당 혁신위원회가 당초 9월 초로 예정된 혁신위 운영을 2주가량 앞당겨 정리할 계획인 것으로 파악됐다. 김은경 혁신위원장의 
'노인 폄하' 발언 등이 논란이...",2023. 08. 14.,한겨레,정치
https://www.bokjitimes.com/news/articleView.html?idxno=34140,"압구정노인복지센터, '2023년 노인사회활동지원사업 발대식' 개최","2023년 노인사회활동지원사업 참여 어르신들은 노노케어, 서울자전거 따릉이, 놀이터행복지킴이, 우리동네 정류소지킴이 등 4개 사업에 
참여할 예정이다. 강남구립압구정...",2023. 2. 6.,복지타임즈,"뉴스, 행사, 뉴스 > 행사"
https://news.sktelecom.com/195555,"“아리아, 살려줘” 독거어르신을 돌보는 AI 돌봄의 현황은? – SK ...","그와 함께 노인 고독사, 노인 돌봄, 노인 빈곤 등의 관련 사회적 문제도 대두되고 있습니다. SK텔레콤은 이에 대한 해결 방법으로 지난 
2019년 4월부터 AI를 기반으로...",2023. 5. 8.,SK텔레콤 뉴스룸,없음
https://www.hani.co.kr/arti/society/rights/1087115.html,1인 가구 절반은 '가난'…여성·노인에 더 가혹한 빈곤의 늪,2022년 빈곤통계연보. 지난 1월10일 서울 마포구 공덕동에서 한 노인이 폐지를 담은 수레를 끌고 있다.,2023. 4. 9.,한겨레,사회
https://www.donga.com/news/Culture/article/all/20220405/112711003/1,황동혁 감독 “차기작은 ‘노인 죽이기 클럽’… 오겜보다 더 폭력적”,"“새 작품으로 '노인 죽이기 클럽(Killing Old People Club·가제)'을 구상하고 있습니다. '오징어게임'보다 더 
폭력적인 내용이 될 겁니다.”",2022. 4. 5.,동아일보,"문화,문화 일반"
https://bravo.etoday.co.kr/view/atc_view/13434,"""지니야 도와줘"" KT AI 스피커, 독거노인 돕는다","또한 노인실태조사에 따르면 2020년 기준 독거노인 비율도 5명 중 1명에 달한다. 이에 노령인구 돌봄을 위한 대처 방안이 필요해지고 
있는 가운데, KT는 AI 케어 서비스를...",2022. 4. 28.,브라보 마이 라이프,라이프
https://www.ntoday.co.kr/news/articleView.html?idxno=96467,생활고에 분신 시도한 80대 독거노인 끝내 숨져…‘복지 사각지대’ 여전,"【투데이신문 박효령 기자】 생활고에 시달리던 80대 노인이 서울소재 모 오피스텔에서 분신을 시도했다가 전신 2도 화상을 입고 입원 치료 
중에 숨지는 사건이 발생...",2023. 3. 6.,투데이신문,"사회, 사회일반, 사회 > 사회일반"
https://www.hani.co.kr/arti/economy/economy_general/1062351.html,[뉴스AS] 노인 일자리도 '민영화'…저소득층보다 고학력 우대?,"전문가들 “고학력 노인고용 연계는 빙산의 일각일 뿐”. 클립아트코리아 제공. 정부가 내년부터 70대 이상 저소득 노인이 주요 정책 
대상인 '...",2022. 10. 12.,한겨레,경제
https://www.seoul.co.kr/news/newsView.php?id=20230904500096,폐지 줍는 노인 우산 씌워준 여성…뜻밖의 사실 전해졌다,"그렇게 노인과 함께 약 1㎞를 걸어간 여성의 한쪽 어깨와 몸은 다 젖어 있었다. A씨의 선행은 언론에 보도되며 화제가 됐다. 이후 
연합뉴스TV는 지난 1일 '다다를 인터뷰'...",2023. 09. 04.,서울신문,없음
http://www.docdocdoc.co.kr/news/articleView.html?idxno=2029103,"16%인 노인 인구, 전체 건강보험 진료비의 43% 차지","인구 고령화 영향으로 지난해 65세 이상 노인 진료비가 41조원을 돌파했다. 이는 전체 진료비의 43.4%를 차지하는 수치다. 
국민건강보험공단과 건강보험심사평가원이 9...",2022. 11. 10.,청년의사,"뉴스, 정책, 뉴스 > 정책"
https://biz.sbs.co.kr/article/20000121036,68세 月 소득 고작 180만원…韓 노인빈곤 OECD 1위,"한국 사회가 급속히 고령화하는 가운데 많은 국민의 노후 준비가 부족해 노인 빈곤이 심각하다는 진단이 나왔습니다. 오늘(4일) 
한국고용정보원에 따르면 오태희 한국...",2023. 6. 4.,SBS Biz,없음
https://www.chosun.com/economy/money/2023/07/01/42ZMMOCKTJGQROZZVKCFQRPSKE/,한국 노인 빈곤율 40% ‘OECD 1위’는 통계의 착시,"2020년 기준 우리나라 노인 빈곤율은 40.4%로 경제협력개발기구(OECD) 회원국 중 1위다. 우리나라 노인들이 미국이나 일본 
노인에 버금가는 상당한 부를 가졌는데도...",2023. 7. 1.,조선일보,머니
https://www.hani.co.kr/arti/society/rights/870997.html,노인 요양병원 격리 '그만'…평소 살던 곳에서 '돌봄' 받아요,지역사회에서 통합 돌봄서비스 제공. 성남 위례 공공실버주택 안에 위치한 종합사회복지관에서 게임을 즐기고 있는 노인들. 정부...,2018. 11. 20.,한겨레,사회
https://www.bokjitimes.com/news/articleView.html?idxno=35296,폭염으로 11일까지 노인일자리 참여자 실외활동 중단,"보건복지부는 지난 4일 폭염으로 인한 노인일자리 참여자들의 피해 예방을 위해 실외 일자리 사업을 실내활동을 전환한다고 밝혔다. 최근 
폭염에 따른 온열환자 급증...",2023. 08. 14.,복지타임즈,"뉴스, 정책&이슈, 뉴스 > 정책&이슈"
http://www.monews.co.kr/news/articleView.html?idxno=317878,정서적 지지 못 받는 노인... 치매 발병 위험도 높다,"분당서울대병원 김기웅 교수(정신건강의학과), 강북삼성병원 기업정신건강연구소 오대종 교수 연구팀이 국내 60세 이상 노인 5852명을 
8년 동안 추적관찰하며 정서적 지지...",2022. 12. 12.,메디칼업저버,"병원·개원가, 의대병원, 병원·개원가 > 의대병원 > 순환기/뇌혈관"
https://www.donga.com/news/Society/article/all/20220517/113440211/2,노인 근로자 97.6% “계속 일하고 싶어”…은퇴 희망 연령은 71세,"이어 '노인 친화적 근무 환경 조성' 24.5%, '수준과 경력에 맞는 일자리 연계' 21.5% 순이었다. 노인 근로자 '월 평균 
임금' 167만 원…“노인친화적 근로환경 필요”. 통계청...",2022. 5. 17.,동아일보,"사회,사회일반"
https://www.hani.co.kr/arti/economy/economy_general/1065375.html,"연금 받는 노인 절반, 일 못 놓는다…'나홀로 창업'도 증가","전국경제인연합회(전경련)는 최근 5년간(2017~2022년) 통계청 데이터를 바탕으로 '55~79살 고령인구의 노후실태 및 취업 
현황'을 분석한 결과를 2일 발표했다.",2022. 11. 2.,한겨레,경제
https://m.khan.co.kr/article/202306041534001,“돈 없으니 119 부르지 마라” 주저앉은 노인에 20만원 쥐여준 안경사,"지난달 19일 몸을 제대로 가누지 못하는 노인에게 '갚을 필요 없다'며 20만원을 건네고 119를 부른 안경사 김민영씨(가운데). 
치료를 마친 노인(왼쪽)은 김씨의 가게로...",2023. 6. 4.,경향신문,사회
https://www.chosun.com/international/japan/2023/02/13/3AKIIAUEGNDMRPOOFFFQIQGQWQ/,“노인들 할복해 부담 줄여야” 日 뒤집은 예일대 일본계 교수,"“노인들 할복해 부담 줄여야” 日 뒤집은 예일대 일본계 교수. 37세 도쿄대 출신의 MIT 박사, 논란 되자 “세대교체의 은유적 표현” 
57만 명 트위터 팔로워..",2023. 2. 13.,조선일보,일본
http://m.dongascience.com/news.php?idx=61025,12년간 '허약한 노인' 반으로 줄고 만성질환은 약 2배 증가,"연구팀은 국민건강보험 데이터베이스를 활용해 2008~2020년까지 65세 이상 노인 1만 7784명의 연도별 노쇠 지수를 분석했다. 
동반질환, 기능적 수행능력, 징후 및 증상,...",2023. 08. 14.,동아사이언스,12년간 ‘허약한 노인’ 반으로 줄고 만성질환은 약 2배 증가
https://www.chosun.com/economy/economy_general/2023/08/29/H2R4JSVX3VFLRFSVPJTMN7JZ44/,"[2024년 예산안] 노인 일자리, 100만개 넘겨... 역대 최대폭 증가","노인 일자리 수당도 6년 만에 매달 2만~4만원씩 올리기로 했다. 베이비부머의 상징인 '58년 개띠'가 65세 대열에 들어서며 내년 
대한민국 노인 인구(1000만8000명)가 1000...",2023. 08. 28.,조선일보,경제 일반
https://m.khan.co.kr/article/202210051416001,"폐지 줍는 노인 1만5000명, 하루 11시간 일하고 1만원 번다","국회 보건복지위원회 강선우 더불어민주당 의원이 한국노인인력개발원으로부터 받아 5일 공개한 보고서 '폐지수집 노인 현황과 
실태'(배재윤·김남훈)를 보면 전국 폐지...",2022. 10. 5.,경향신문,사회
https://www.k-health.com/news/articleView.html?idxno=63862,"음식 잘 못 씹는 노인, 노쇠위험 2배 더 높다","또 저작기능이 떨어지는 노인은 정상노인보다 치주질환이 많고 치아개수는 적은 것으로 나타났다. 구체적으로 연구팀은 이번 평가를 위해 
음식을 씹는 데 어려움이 있는지...",2023. 2. 20.,헬스경향,"건강정보, 건강일반, 건강정보 > 건강일반"
https://www.k-health.com/news/articleView.html?idxno=61312,"노인일자리, 신체·심리건강↑ 보건의료비↓","“노인일자리는 무한의 가치를 창출하는 큰 의미를 지닙니다. 어르신이 보다 활기차고 건강한 노후를 영위할 수 있도록 다양한 
일자리·사회활동을 지원함으로써 노인...",2022. 9. 27.,헬스경향,"뉴스, 정책, 뉴스 > 정책"
https://m.khan.co.kr/article/202308031618001,고령층 5명 중 1명은 독거노인…혼자 살 수록 더 가난하다,"독거노인의 소득은 2인 이상 같이 사는 고령층 가구의 절반 수준도 안되는 것으로 나타났다. 3일 통계청 인구주택총조사에 따르면 지난해 
11월 기준 65세 이상 내국인(904...",2023. 08. 14.,경향신문,경제
https://www.jjan.kr/article/20230221580166,[NIE]노인 연령을 상향해야 할까요?,서울 지하철 무임승차 논란으로 촉발된 노인 연령 상향 문제와 더불어 국민연금 수급 기준 연령을 두고 연초부터 대한민국이 뜨겁습니다.,2023. 2. 21.,전북일보,교육일반
https://www.bokjitimes.com/news/articleView.html?idxno=33108,"한국노인인력개발원, LH와 'LH생활돌봄서비스' 추진","한국노인인력개발원은 한국토지주택공사와 협업하여 노인일자리 확대와 LH입주민 주거 복지 향상을 위한 'LH생활돌봄서비스' 시범사업을 
추진한다.",2022. 8. 22.,복지타임즈,"뉴스, 현장, 뉴스 > 현장"
https://m.health.chosun.com/svc/news_view.html?contid=2018092701862,노인 1인당 진료비 年 426만원…400만원 첫 돌파,"2017년 건강보험통계연보 발표. △ 지난해 노인 1인당 연평균 의료비가 426만원으로, 처음으로 400만원을 
넘어섰다./사진=헬스조선DB.",2018. 9. 27.,헬스조선,없음
https://www.hani.co.kr/arti/society/society_general/1087596.html,"“기초연금, 소득계층별로 차등화해 빈곤노인에 더 줘야”","기초연금 개편이 국민연금 개혁 논의에서 핵심 쟁점 중 하나로 떠오른 가운데, 만 65살 이상 소득 하위 70% 노인에게 지급하는 현행 
기초연금을 40만원으로 인상할 때...",2023. 4. 12.,한겨레,사회
https://www.hani.co.kr/arti/society/rights/1074077.html,노인이라 느끼는 나이는 '69.4살'…법적 기준보다 네 살 많다,"우리나라 50대 이상 중고령자가 '노인'이라고 생각하는 나이는 69.4살이라는 조사결과가 나왔다. 이들이 생각하는 적정 노후 생활비는 
부부의 경우 월 277만원,...",2023. 1. 2.,한겨레,사회
http://tbs.seoul.kr/news/newsView.do?typ_800=7&idx_800=3498389&seq_800=20491079,"경기도, 인공지능 상담 '노인말벗서비스' 19일부터 시행 | 서울 ...",경기도는 인공지능 상담원이 65세 이상 홀몸노인에게 안부를 묻고 복지서비스를 연계하는 `노인말벗서비스`를 오는 19일부터 시행합니다.,2023. 6. 6.,TBS,TBS
http://www.hnews.kr/news/view.php?no=60581,노인학대 88%는 가정 내 발생...국민권익위,"[현대건강신문=김형준 기자] 고령화로 노인 인구가 급증하면서, 노인학대 건수도 매년 가파르게 상승하고 있다. 특히 코로나19 상황에서 
시설 등에 고립된 생활시설...",2022. 11. 22.,현대건강신문,News
http://www.doctorstimes.com/news/articleView.html?idxno=223624,"""노인외래정액제 구간 개선해 본인부담금 현행보다 낮춰야""","초고령화 사회가 코앞에 다가온 것을 대비해 현행 노인외래정액제를 개선해야 한다는 의견이 나왔다. 대한의사협회(회장 이필수)는 19일 
서울 이촌동 의협회관에서...",2023. 08. 14.,의사신문,"의료뉴스, 일반, 의료뉴스 > 일반 > 헤드라인"
https://www.hani.co.kr/arti/society/health/912160.html,"“초고령사회 도달하는 2025년 노인 진료비, 현재 2배 수준”","“노인성 질환 예방 및 건강 증진 정책 강화해야”. 노인 인구 비중이 전체 인구의 20%에 달할 것으로 보이는 2025년에는 노인 
진료비가 지난해의 약 2배 수준인 58...",2019. 10. 6.,한겨레,사회
https://m.khan.co.kr/article/202307021102001,"노인복지시설 1만3000개 더 생길 때, 어린이집은 9000곳 없어졌다","이는 경로당과 노인복지관 등 노인여가복지시설, 치매·중풍 등 노인성 질환으로 도움이 필요한 노인을 위한 노인의료복지시설, 방문요양서비스 
등을 제공하는 재가노인복지...",2023. 7. 2.,경향신문,사회
http://www.monews.co.kr/news/articleView.html?idxno=313435,장기요양 급여비 11조원 넘었다...노인인구 900만명 코앞,"[메디칼업저버 김나현 기자] 지난해 노인인구 증가율보다 장기요양 등급 인정자 비율 증가가 더 높았다. 급격한 고령화로 노인장기요양보험 
급여비는 11조원을 넘어...",2022. 6. 29.,메디칼업저버,"정책, 건보공단·심평원, 정책 > 건보공단·심평원"
https://m.health.chosun.com/svc/news_view.html?contid=2023011700703,"""'혼밥' 하는 노인, 빨리 노쇠한다""","혼자서 밥을 먹는 '혼밥' 노인들은 노쇠 속도가 빠르다는 국내 연구 결과가 나왔다. 삼성서울병원 가정의학과(송윤미 교수, 박준희 
임상강사)·경희대병원 가정...",2023. 1. 17.,헬스조선,없음
https://www.yna.co.kr/view/AKR20230522098200061,80대 독거노인 집에 10여년간 눌러살며 때리고 학대…60대 구속,"경기 양평경찰서는 노인학대, 퇴거불응, 상해 등 혐의로 A(65) 씨를 구속해 조사하고 있다고 22일 밝혔다. 
ADVERTISEMENT. A씨는 10년이 넘도록 양평군 거주 80대 여성 B씨...",2023. 5. 22.,연합뉴스,사회
https://www.chosun.com/culture-life/culture_general/2023/06/15/H3EA67QCVFA6XI32XHRM2G253Q/,‘노인을 위한 나라는 없다’ 코맥 매카시 별세,"매카시는 영화 '노인을 위한 나라는 없다' '더 로드'의 원작자로 잘 알려졌다. 문학평론가 해럴드 블룸은 매카시를 필립 로스, 토머스 
핀천, 돈 드릴로와 함께 미국...",2023. 6. 15.,조선일보,문화 일반
https://www.medifonews.com/mobile/article.html?no=168196,"政, 폭염 대비 노인취약계층 보호·지원 및 현황 점검 실시","취약노인 대상 안전 확인 및 폭염 응급상황 행동요령과 건강수칙 안내. 보건복지부가 최근 무더위로 인한 노인들의 피해를 사전에 예방하기 
위한 지원방안 마련 및 현장...",2022. 7. 6.,메디포뉴스,없음
http://www.monews.co.kr/news/articleView.html?idxno=315983,노인 진료비 연간 41조 5천억…5년새 13조원 증가,"국회 보건복지위원회 더불어민주당 신현영 의원이 국민건강보험공단으로부터 제출받은 자료에 따르면, 2021년 65세 이상 노인 진료비는 
41조 5042억원으로, 2017년 대비 46...",2022. 10. 4.,메디칼업저버,"정책, 보건복지, 정책 > 보건복지 > 국정감사"
https://www.yna.co.kr/view/AKR20230118084500501,2021년 노인빈곤율 37.6%…10년간 8.9%p 떨어져,"노인빈곤율을 성별로 살펴보면 남성 31.3%, 여성 42.6%로 여성이 훨씬 높았다. 상대적 빈곤율은 전체 노인 중 소득수준이 
중위소득의 50%(상대빈곤선) 이하인 사람의 비율...",2023. 1. 19.,연합뉴스,경제
https://www.medifonews.com/news/article.html?no=171215,2050년 노인 6명중 1명은 치매,"후기 고령인구 증가에 따라 치매 환자가 계속 증가하고 이로 인한 사회적 부담이 커질 것으로 예상되는 가운데 2050년 치매 유병률이 
65세 이상 노인의 15.9%(302만...",2022. 10. 17.,메디포뉴스,없음
https://m.khan.co.kr/article/202210130300095,[정동칼럼] 노인 100%에 기초연금은 보편주의?,"종종 70%는 노인을 고르는 선별복지이고 100%는 보편복지라 말하는데 이는 개별 제도에 한정된 이해이다. 이미 노후소득보장은 
기초연금, 국민연금, 퇴직연금의 3층 법정...",2022. 10. 13.,경향신문,오피니언
https://www.sedaily.com/NewsView/29LO6M0GOK,기초연금만 2040년 102兆…노인기준 유지땐 나라살림 거덜난다 - 서울경제,"우리나라에서 노인 연령의 법적 기준에 대한 논란이 일어나고 있는 것은 현재 기준을 그대로 유지할 경우 재정지출이 매년 급증해 국가 
재정의 지속 가능성이 흔들릴...",2023. 2. 8.,서울경제,경제 · 금융
http://www.bosa.co.kr/news/articleView.html?idxno=2203002,"복지부, 노인 의료·돌봄 통합지원 시범사업 점검","[의학신문·일간보사=김현기 기자] 보건복지부가 올해 7월부터 실시하고 있는 '노인 의료·돌봄 통합지원 시범사업'의 추진현황을 점검하기 
위해 나섰다.",2023. 08. 14.,의학신문,"정책·행정, 복지부, 정책·행정 > 복지부"
https://www.eroun.net/news/articleView.html?idxno=32896,노인학대 현장조사 거부자 1천만 원 이하 과태료 부과,"｢노인복지법｣ 일부개정법률안, 국회 본회의 통과. 보건복지부는 25일(목)「노인복지법」일부개정법률안이 국회 본회의...",2023. 5. 27.,이로운넷,"외 분류, 외 분류"
https://news.kbs.co.kr/news/view.do?ncd=5572227,"새 정부 노인일자리정책, '76살 이상 어르신'에겐 명백한 후퇴?","일자리이긴 하지만, 노인 복지 차원에서도 의미가 있다. 이 일자리를 줄이면 노인들은 어떻게 하란 말인가. 시각②> “아니다, 더 좋은 
노인 일자리가 생긴다”...",2022. 10. 6.,KBS 뉴스,없음
https://www.donga.com/news/Economy/article/all/20230616/119800650/1,65~74세 노인 중 60% “계속 일하고 싶어”…10년 전比 11.9%↑,"16일 통계청이 발표한 '고령자 특성과 인식변화' 자료에 따르면 지난해 65~74세 노인 인구의 59.6%가 장래 근로를 희망한다고 
밝혔다. 이는 10년 전보다 11.9%포인트(p)...",2023. 6. 16.,동아일보,"경제,경제일반,취업,JOB,사회,노동"
https://www.akomnews.com/bbs/board.php?bo_table=news&wr_id=54078,“이용자 중심의 노인장기요양보험 서비스 재고가 필요” > 뉴스,"노인장기요양보험 수급자 '08년 21만명에서 '22년 102만명으로 급증 재정수입, '22년 11조원 규모로 확대…노인맞춤돌봄 예산은 
6400억원에 그쳐 보건복지부-건보공단,...",2023. 7. 12.,한의신문,News
http://www.docdocdoc.co.kr/news/articleView.html?idxno=3006500,"""통합노인돌봄 위해선 ‘요양병원’을 장기요양보험체계로 이전해야""","더불어민주당 김상희‧인재근 의원은 5일 오전 국회에서 '병원이 아닌 내 집에서 죽을 권리-자택 임종‧가정 호스피스 제도 확대를 
중심으로' 토론회를 개최했다. 통합노인...",2023. 6. 5.,청년의사,"뉴스, 정책, 뉴스 > 정책"
https://m.health.chosun.com/svc/news_view.html?contid=2022092602060,"눈 '이렇게' 변한 노인, 치매 위험 높아","나이가 들면 망막 두께가 얇아지고, 이로 인해 시신경 기능 또한 저하된다. 최근에는 '망막 황반부 신경섬유층' 두께가 얇아진 노인일수록 
치매, 경도인지장애 등을 겪을...",2022. 9. 26.,헬스조선,없음
https://m.medigatenews.com/news/655012060,MEDI:GATE NEWS : 수술 절반은 노인...노년외과 개설해 수술 ...,"이날 정책 세션에서는 고령화와 함께 서전(surgeon)인 외과 의사들의 노년 환자 수술에 대한 고민과 함께 진정 환자를 위한 수술을 
제공할 방법으로 노인포괄평가(CGA)...",2022. 11. 5.,MedigateNews,없음
https://theindigo.co.kr/archives/49538,장애인·독거노인 응급안전서비스 3차 시행… 전화로도 신청,"[더인디고] '독거노인·장애인 응급안전안심서비스' 3차 사업이 본격 시행된다. 이에 따라 보건복지부는 추가 10만 가구에 서비스를 확대 
제공한다고 14일 밝혔다.",2023. 6. 14.,더인디고,없음
https://medigatenews.com/news/1317651889,MEDI:GATE NEWS : 코로나로 80세 이상 노인 사망률 60 ...,"더불어민주당 신현영 의원과 대한노인병학회, 대한노인의학세부전문의 추진관리위원회는 7일 오후 '코로나19를 통해 본 노인의료' 국회 
토론회를 개최했다.",2022. 7. 8.,메디게이트 뉴스,없음
https://www.k-health.com/news/articleView.html?idxno=58509,"노쇠하고 인지기능 저하된 노인, 더 세심한 혈압관리 필요한 이유","구체적으로 이번 연구는 2019~2020년까지 6개 요양병원에 입원 중인 394명의 노인환자를 대상으로 진행됐다. 연구팀은 
'Health-RESPECT(integrated caRE Systems for...",2022. 3. 15.,헬스경향,"건강정보, 건강일반, 건강정보 > 건강일반"
https://www.bokjitimes.com/news/articleView.html?idxno=34834,"노인일자리, 제주지역 환경·자원·복지 분야 현안 해결에 앞장","한국노인인력개발원은 19일 제주특별자치도와 '제주특별자치도 맞춤형 노인일자리 사업 모델 발굴 및 확대'를 위한 업무협약을 체결했다. 이 
협약은 '곶자왈 복원',...",2023. 5. 21.,복지타임즈,"뉴스, 현장, 뉴스 > 현장"
https://www.akomnews.com/bbs/board.php?bo_table=news&wr_id=54335,노인장기요양보험 인정자 100만명… 총급여비 12조 5742억원 ...,"국민건강보험, 2022 노인장기요양보험 통계연보 발간 65세 이상 노인인구 938만 명 중 노인장기요양 등급 인정자 102만 명 총 
급여비 12조 5742억 원으로 전년대비...",2023. 08. 14.,한의신문,News
https://mediahub.seoul.go.kr/archives/1296616,'노인지원주택' 90호 첫 공급…10월 15일부터 신청,"'노인지원주택(Seniors' Supportive Housing)'은 주거복지와 돌봄서비스를 결합한 공공임대주택으로, 서울시가 전국 
최초로 도입했다. 주거코디(사회복지사)가 이사부터...",2020. 9. 24.,내 손안에 서울,없음
https://www.industrynews.co.kr/news/articleView.html?idxno=47898,"부산시, 치매노인 배회 막는 NFC 안심 신발 개발 나선다","이날 협약식에는 박형준 부산시장과 우철문 부산경찰청장, 권동칠 트렉스타 대표가 직접 참석해 업무협약서에 서명할 예정이다. 이번 
업무협약은 치매노인이 외출할 때...",2022. 11. 21.,인더스트리뉴스,"정책, 정책 > 이슈ㆍ트렌드"
https://www.eroun.net/news/articleView.html?idxno=31328,"치매 노인을 주로 돌보는 가족은 여성 (82.4%), 딸이 가장 많다",치매 노인 돌봄은 딸·며느리 '몫. 울사시 북구 송정동 찾아가는 보건...,2023. 3. 13.,이로운넷,"기후·생명·평화, 건강.생명과학, 기후·생명·평화 > 건강.생명과학"
https://www.akomnews.com/bbs/board.php?bo_table=news&wr_id=52951,‘노인복지법 개정안’·‘장애인복지법 개정안’ 국회 통과 > 뉴스,"국회 보건복지위원회 강선우 의원(더불어민주당)이 노인·장애인 학대 관련 언론보도 권고기준 수립 등의 내용을 담아 대표발의한 '노인복지법 
개정안'과 '장애인복지법...",2023. 4. 17.,한의신문,News
http://mdon.co.kr/mobile/article.html?no=32816,"'류신', 노인의 근력 향상에 효과","Archives of Gerontology and Geriatrics)' 온라인 호 게재. 류신 풍부한 영양보충제 섭취 시 근감소증 
있는 노인의 근력 향상 뚜렷.",2022. 7. 13.,eMD Medical News,없음
https://www.medicaltimes.com/Main/News/NewsView.html?ID=1154925,방파제 무너지는 노인의료…간병비 급여화 논의 재점화,"10일 대한요양병원협회는 '노인의료·돌봄시스템의 기능정립을 통한 국가 위기 극복' 국회토론회를 열고, 요양병원 간병제도가 미비한 
우리나라의 현실을 꼬집었다. 대한...",2023. 08. 14.,메디칼타임즈,없음
https://www.mygoyang.com/news/articleView.html?idxno=72751,"“노인, 돌봄 대상에서 경험과 지식 나누는 존재로”","21일 '2023년 노인자원봉사 전문가 포럼'에 참석한 발제 및 토론자와 주요 내빈이 기념촬영을 하고 있다. [고양신문] 21일 
고양실버인력뱅크와 한국자원봉사포럼이...",2023. 4. 25.,고양신문,"뉴스, 뉴스"
http://www.docdocdoc.co.kr/news/articleView.html?idxno=3002897,"""노인 주치의제도 도입 위해 지불제도 개편 등 선행돼야""","더불어민주당 김성환‧신현영‧이용빈‧이용우 의원과 대한가정의학회, 국민건강보험공단은 지난 21일 오후 국회에서 '초고령사회 노인의료정책의 
해법 : 노인주치의제, 다제...",2023. 2. 22.,청년의사,"뉴스, 정책, 뉴스 > 정책"
https://www.hani.co.kr/arti/society/society_general/1102797.html,34도 불볕에도 '거리의 노인' 위한 그늘은 없다,"34도 불볕에도 '거리의 노인' 위한 그늘은 없다. 김가윤 기자. 구독. 등록 2023-08-03 05:00 수정 2023-08-03 
15:02. 텍스트 크기 조정...",2023. 08. 14.,한겨레,사회
https://www.yna.co.kr/view/AKR20230407070900017,"[위클리 건강] ""한국 노인 평균 보행속도 '1분에 64ｍ'…빠른 걸음이 이롭다""","(서울=연합뉴스) 김길원 기자 = 노인의 보행 속도는 근감소증과 노화 정도 등을 가늠할 수 있는 노년기 건강의 핵심 지표 중 하나로 
꼽힌다.",2023. 4. 8.,연합뉴스,생활.건강
https://www.fsnews.co.kr/news/articleView.html?idxno=49264,"무료노인급식 단가, 지나치게 낮다","민홍철 의원, 도시별 '노인급식 지원 단가' 조사 결과 발표 단가 1끼당 대구 2300원, 울산 3000원 불과, 부실급식·영양부족 
우려. [대한급식신문=김기연 기자] '인구가...",2023. 6. 20.,대한급식신문,"정책&제도, 정책&제도"
https://www.k-health.com/news/articleView.html?idxno=63715,초고령사회 목전…국내 현실에 맞는 '노인 통합돌봄 정책'은?,"전 세계적으로 인구고령화가 급속히 진행되면서 세계보건기구(이하 WHO)는 초고령사회 대응방안으로 노인통합관리를 강조하고 있다. 이에 
WHO는 건강노화 10년을...",2023. 2. 13.,헬스경향,"뉴스, 정책, 뉴스 > 정책"
https://zdnet.co.kr/view/?no=20230221171608,독거노인 말벗 '돌봄로봇' 고령사회 해결사 될까,"노인 옆에서 말벗이 되거나 치매 예방 프로그램을 제공하는 등 역할도 다양하다. 돌봄 수요가 늘어나는 고령화 사회에서 부족한 돌봄 인력을 
대체할 대안으로 기대가...",2023. 2. 22.,지디넷코리아,홈&모바일
http://www.docdocdoc.co.kr/news/articleView.html?idxno=2025155,건강보험 노인 진료비 비중 42.3%…지난해 40조원 돌파,"건강보험 총 진료비 가운데 65세 이상 노인 진료비가 차지하는 비중도 점점 늘고 있다. 건강보험심사평가원이 최근 공개한 '2021년 
진료비 통계지표(진료일 기준)'에...",2022. 7. 18.,청년의사,"뉴스, 정책, 뉴스 > 정책"
https://www.yna.co.kr/view/AKR20220307098400501,"노인빈곤율 38.9%로 하락…첫 30%대 기록은 ""기초연금 효과""","8일 통계청에 따르면 처분가능소득 기준 65세 이상 노인 인구의 상대적 빈곤율(노인 빈곤율)은 2020년 38.9%로 집계됐다. 
ADVERTISEMENT. 전년보다 2.5% 포인트 감소한...",2022. 3. 8.,연합뉴스,국제
http://m.mdilbo.com/detail/AVkixT/699172,[청년칼럼] 노인을 위한 나라로 가는 길,"여기에 더해 65세를 넘어가는 노인 10명 중 4명이 '상대적 빈곤층'인 대한민국 사회에선 노인 빈곤 역시 심각한 문제인데 우리나라의 
은퇴 후 소득 보장은 국민연금과 기초...",2023. 08. 14.,무등일보,없음
https://www.hani.co.kr/arti/society/rights/1105113.html,"“노인요양시설 임차 허용 안 돼…투기자본, 돌봄에 관심 없어”","“노인요양시설 임차 허용 안 돼…투기자본, 돌봄에 관심 없어”. 김윤주 기자. 구독. 등록 2023-08-21 14:15 수정 
2023-08-28 18:01. 텍스트 크기 조정...",2023. 08. 21.,한겨레,사회
http://www.monews.co.kr/news/articleView.html?idxno=313591,"노인 만성콩팥병, 투석치료가 보존적 치료보다 생존율↑","한국보건의료연구원은 노인 만성콩팥병 환자의 투석치료 여부와 투석치료법 간의 임상적 효과, 사전 계획 여부에 따른 예후요인을 분석한 연구 
결과를 발표했다. 70대 이상...",2022. 7. 6.,메디칼업저버,"정책, 보건복지, 정책 > 보건복지"
http://m.dongascience.com/news.php?idx=60024,"차·사과·베리에 풍부한 플라바놀…""노인 기억력 감퇴 개선 효과""","스콧 스몰 영국 컬럼비아대 교수 연구팀은 매일 500mg의 플라바놀 영양제를 먹은 노인들의 기억 기능이 개선됐다는 연구 결과를 
29일(현지시간) 국제학술지 '미국과학원...",2023. 5. 30.,동아사이언스,차·사과·베리에 풍부한 플라바놀…
https://www.eroun.net/news/articleView.html?idxno=31726,"인천시 노인일자리 사업단 '쿠키하면 쿠키지' 어르신들, 직접 쇼 ...",생산부터 판매까지 어르신 직접 참여 … 판로 다양화로 소득 확충 기대. 네이버 쇼핑...,2023. 4. 11.,이로운넷,"지역, 인천, 지역 > 인천"
https://m.khan.co.kr/article/202208312135005,내년 ‘공공형 노인일자리’ 6만개 급감…고령층 복지 사각 우려,"2020년 노인 실태조사를 보면 일하는 노인의 73.9%는 생계를 위해 취업한다고 답했다. 추경호 부총리 겸 기획재정부 장관은 지난 
25일 예산안 브리핑에서 “노인일자리의...",2022. 8. 31.,경향신문,경제
https://www.bokjitimes.com/news/articleView.html?idxno=34779,"한국노인인력개발원, 'T-플랫폼 물류 매니저' 시범사업 추진","시니어인턴십 사업은 보건복지부의 노인일자리 및 사회활동 지원사업 중 하나로 만 60세 이상자를 고용하는 기업에게 인건비 일부를 지원하여 
신규 및 계속 고용을 유도...",2023. 5. 16.,복지타임즈,"뉴스, 현장, 뉴스 > 현장"
http://www.mygoyang.com/news/articleView.html?idxno=74604,일산2동 독거노인 안부 챙긴다 < 지역 < 뉴스 < 기사본문,"[고양신문] 일산2동이 여름철 복지사각지대를 해소하고자 지역 내 독거노인의 안부 확인사업을 추진한다고 14일 전했다. 이번 사업은 연일 
지속된 폭염으로 온열질환자...",2023. 08. 14.,고양신문,"뉴스, 지역, 뉴스 > 지역"
https://www.medifonews.com/mobile/article.html?no=177236,노인을 위한 건강 검진 : 어떤 검진을 몇 세까지 해야 할까,"지난 2일 세종대학교 광개토관에서 개최된 대한임상노인의학회(회장 유순집, 이사장 송정수) 춘계학술대회에서 국제성모병원 건강증진센터장 
황희진 교수는 '노인을...",2023. 4. 3.,메디포뉴스,없음
https://m.khan.co.kr/article/202308301018001,"“마음 속 깊은 얘기 편하게 해요”… 경기도, AI노인말벗 두달새 5900건 상담","#여주시에 거주하는 70대 B씨는 공황장애·우울증에 최근 허리수술까지 받았다는 고충을 AI 상담원에게 털어놓았다. 이를 접수한 
노인맞춤돌봄지원센터가 생활지원사와 응급...",2023. 08. 28.,경향신문,지역
https://biz.sbs.co.kr/article/20000132186,[직설] 월소득 396만원 노인도 기초연금 수급…7년 뒤엔 세금 2배 더 써야,"노년유니온 고현종 사무처장, 연세대 행정학과 최영준 교수, 한국보건사회연구원 최현수 연구위원 나오셨습니다. Q. 만 65세 이상 소득 
하위 70% 노인에게 주는 기초연금...",2023. 08. 21.,SBS Biz,없음
https://www.sedaily.com/NewsView/29N7C9MIAL,연령기준 논의 본격화…65세 노인 기준 40년 만에 점검 - 서울경제,"정부는 저출산 대책의 일환으로 현행 65세 이상인 노인 연령 기준을 재검토하기로 했다. 1981년 노인복지법 제정으로 정해진 노인 
기준을 40여 년 만에 재조정해 인구...",2023. 3. 28.,서울경제신문,증권
https://www.donga.com/news/Society/article/all/20230510/119216728/1,"고령사회, 더 치열해진 노인 일자리 경쟁… ‘초저임금’ 근로자 절반이 60세이상","노인들의 저임금 일자리가 특히 한국에서 문제인 이유는 한국 고령층의 특수한 상황 때문이다. 한국은 연금의 사회 보장성이 낮아 노인들이 
늦은 나이까지 일을 할 수밖에...",2023. 5. 10.,동아일보,"사회,경제일반,경제,저출산 고령화,노동"
https://news.kbs.co.kr/news/view.do?ncd=7732168,횡단보도에 서 있어서?…노인들 무차별 폭행,"제주에서 길을 걷던 노인들을 이유 없이 무차별 폭행한 30대가 경찰에 붙잡혔습니다. 이 남성은 이달 초에도 관광객과 운전자 등을 
폭행했던 것으로 드러났습니다.",2023. 08. 14.,KBS 뉴스,없음
https://www.bokjitimes.com/news/articleView.html?idxno=34524,"한국노인인력개발원, '전달체계 개선방안 연구 결과' 발표","사회서비스형 노인일자리사업은 노인의 경력과 역량을 활용하여 돌봄, 안전 등 사회적 도움이 필요한 영역에 서비스를 제공한다. 업무 역량과 
건강 수준이 높고, 사회공헌...",2023. 4. 5.,복지타임즈,"뉴스, 정책&이슈, 뉴스 > 정책&이슈"
https://www.medifonews.com/news/article.html?no=181990,"지오영, '노인요양협회'에 마스크 300만장 전달","지오영(대표이사 조선혜 회장/이하 지오영)은 (사)한국 노인장기요양기관 협회(회장 박원)와 방역마스크 300만장 지원을 위한 협약식을 
진행했다고 1일 밝혔다.",2023. 09. 04.,메디포뉴스,없음
http://ccej.or.kr/88872,[개최안내] 노인요양시설 임차제도의 도입과 장기요양시장 ...,"<노인요양시설 임차제도의 도입과 장기요양시장 금융화 쟁점과 과제 정책토론회> · 정부는 노인돌봄의 국가 책임을 금융자본에 넘기려 하는가 
· 2023년 08월 28일(월) 오전...",2023. 08. 28.,경실련,없음
https://kormedi.com/1609753/%EB%85%B8%EC%9D%B8%EB%93%A4%EC%9D%98-%EB%A7%8C%EC%82%AC-%EA%B7%80%EC%B0%AE%EB%8B%A4-%ED%9D%98%EB%A0%A4%EB%93%A4%EC%96%B4%EC%84%A0-%EC%95%88%EB%90%98%EB%8A%94-%EC%9D%B4%EC%9C%A0/,"노인들의 ""만사 귀찮다"", 흘려들어선 안되는 이유?","나이가 들며 귀찮음을 느끼는 일이 잦고 몸 곳곳이 아프다면 노년기 우울증을 의심해볼 수 있다. [사진=게티이미지뱅크] “만사가 
귀찮다.” 나이가 든 노인들이 자주 내뱉는...",2023. 08. 14.,코메디닷컴,없음
https://www.hani.co.kr/arti/economy/economy_general/1066473.html,“기초수급? 임대주택? 노인 일자리?…예산 어디 '약자복지' 있나”,"“기초수급? 임대주택? 노인 일자리?…예산 어디 '약자복지' 있나”. 박종오 기자. 구독. 등록 2022-11-09 15:50 수정 
2022-11-09 16:00. 텍스트 크기 조정...",2022. 11. 9.,한겨레,경제
https://www.hani.co.kr/arti/society/health/1073402.html,"아픈 노인들, 일본은 집으로 한국은 요양원으로","몸이 불편한 노인이 돌봄을 받기 어려운 경우 요양병원이나 요양원에서 장기간 머물 수밖에 없는 한국과 사뭇 다른 풍경이다. '집으로 
돌아가자' 병원처럼 회복기 재활치료...",2022. 12. 27.,한겨레,사회
http://www.bosa.co.kr/news/articleView.html?idxno=2205276,"노인 삶의 질, 원활한 독립적 일상활동 수행이 큰 영향","건국대병원 정신건강의학과 전홍준 교수 연구팀은 최근 질병관리본부의 국민건강영양조사 자료를 활용해 65세 이상 노인 4317명을 대상으로 
노인의 삶의 질을 평가한 결과...",2023. 09. 09.,의학신문,"의원·병원, 학회/학술, 의원·병원 > 학회/학술"
http://www.docdocdoc.co.kr/news/articleView.html?idxno=3007986,"초고령화 시대, 노인의료와 돌봄 어떻게 바뀌어야 하나","지정토론에서는 대구보건대 간호학과 임은실 교수, 대한노인회 한국노인복지정책연구소 황진수 소장, 간호와 돌봄을 바꾸는 시민행동 김원일 
활동가, 요양병원협회 김기주...",2023. 08. 14.,청년의사,"인사·동정·부음, 동정, 인사·동정·부음 > 동정"
https://www.bokjitimes.com/news/articleView.html?idxno=33998,폐지값도 반토막… 고물가에 더욱 빈곤해진 노인들,"전문가들은 빈곤 노인에 대한 사회적 지원이 시급하다고 지적한다. 10일 자원순환정보시스템이 발표한 '재활용가능자원 가격조사'에 따르면 
지난달 수도권 기준 폐지(...",2023. 1. 10.,복지타임즈,"뉴스, 현장, 뉴스 > 현장"
http://www.monews.co.kr/news/articleView.html?idxno=319217,한국 '노인의학' 이해도 현저히 낮아…적극적 지원 필요,"한국보건의료연구원(NECA)는 26일 노인 건강관리를 위한 정책 방향 세미나를 주최했다. [메디칼업저버 박서영 기자] 초고령화 시대를 
대비한 노인의학의 전폭적 지원이...",2023. 1. 27.,메디칼업저버,"정책, 보건복지, 정책 > 보건복지"
http://www.doctorstimes.com/news/articleView.html?idxno=224067,물가·환경변화에 따른 노인외래정액제 개선 요구 높아져,"노인 인구의 급속한 증가로 만성질환 및 재활, 암, 지속적인 건강관리 등 노인 의료비 지출이 평일 80%, 주말 85%에 달하는 등 
진료비가 2만원이 넘는 노인 환자 비율이 10...",2023. 09. 05.,의사신문,"의료뉴스, 일반, 의료뉴스 > 일반 > 헤드라인"
https://www.bokjitimes.com/news/articleView.html?idxno=35272,"부산시, 독거노인 인식개선 콘텐츠 공모전 진행","이는 독거노인에게도 젊은 시절이 있었고 2030세대도 미래에는 노인이 될 수 있기에 편견을 버리고 함께 어울려 살아보자는 의미를 담고 
있다. 공모전은 사진, 그림, SNS,...",2023. 08. 14.,복지타임즈,"뉴스, 행사, 뉴스 > 행사"
https://m.health.chosun.com/svc/news_view.html?contid=2023010401664,노인이 단백질 섭취 늘렸더니 '이런 변화',"노인이 유청 단백질 등 단백질 섭취를 늘리면 골격근량은 늘고, 체지방률은 줄어드는 것으로 밝혀졌다. 이는 노인이 유청 단백질 등을 
보충하면 근감소증을 효과적으로...",2023. 1. 4.,헬스조선,없음
https://kormedi.com/1609753/%EB%85%B8%EC%9D%B8%EB%93%A4%EC%9D%98-%EB%A7%8C%EC%82%AC-%EA%B7%80%EC%B0%AE%EB%8B%A4-%ED%9D%98%EB%A0%A4%EB%93%A4%EC%96%B4%EC%84%A0-%EC%95%88%EB%90%98%EB%8A%94-%EC%9D%B4%EC%9C%A0/,"노인들의 ""만사 귀찮다"", 흘려들어선 안되는 이유?","나이가 들면 신체적 노화와 더불어 사회적 관계마저 좁아진다. 시간이 흐를 수록 가속화하는 이런 변화는 노인 우울증의 가장 큰 원인 중 
하나로 꼽힌다. 특히 노인들은...",2023. 08. 14.,코메디닷컴,없음
https://www.labortoday.co.kr/news/articleView.html?idxno=213960,노인 10명 중 6명 “나이 제한으로 취업 어려워”,"인권위는 “고용영역에서 노인차별이 상존하는 가운데 초고령사회로 이행하는 한국 사회에서 일하거나 일하려는 고령자에 대한 나이 차별, 
사회적 배제 등이 더욱 확대될...",2023. 3. 15.,매일노동뉴스,"정치ㆍ경제, 노동시장, 정치ㆍ경제 > 노동시장"
http://www.monthlypeople.com/news/articleView.html?idxno=654110,"충청남도, '건강한 백세! 전국노인체육대회' 막 올라","이날 개회식은 김태흠 지사를 비롯해 박상돈 천안시장, 김호일 대한노인회장, 최희택 충남도노인체육회장 등이 참석해 자리를 빛낸 가운데, 
개회선언, 유공자 표창, 선수·...",2023. 09. 10.,월간인물,"일반, 지역, 일반 > 지역"
https://www.yna.co.kr/view/AKR20230115034000004,"""디지털 격차 커지면 사회에서 노인들 완전 배제""","16일 정책연구·컨설팅업체 케이스탯컨설팅이 국가인권위원회에 제출한 연구용역보고서 '디지털 격차로 인한 노인의 인권상황 실태조사'를 보면 
전문가들은 디지털 중심의...",2023. 1. 16.,연합뉴스,사회
https://www.bokjitimes.com/news/articleView.html?idxno=33556,"한국노인인력개발원-홈플러스, 노인생산품 판매하는 '시니어 ...","홈플러스 시니어마켓에서는 16일까지 노인일자리 및 사회활동 지원사업 중 시장형사업단, 고령자친화기업 등에서 어르신들이 정성과 숙련된 
기술로 제작한 쿠키, 참기름,...",2022. 11. 3.,복지타임즈,"뉴스, 현장, 뉴스 > 현장"
https://kormedi.com/1604003/%EC%99%B8%EB%A1%9C%EC%9A%B4-%EB%85%B8%EC%9D%B8-%EB%87%8C-%EB%B9%A0%EB%A5%B4%EA%B2%8C-%EC%A4%84%EC%96%B4%EB%93%A0%EB%8B%A4/,8900명 노인 뇌 찍었더니…외로운 이들 '공통점' 나와,"사회적 고립이 노인들의 뇌 용적과 관련 있는가? 사람들이 나이 들면 뇌는 자연스럽게 신경 세포와 그들의 연결의 손실을 반영하여 
수축된다. 하지만 신경조직의 손실은...",2023. 7. 14.,코메디닷컴,없음
http://www.sanlim.kr/m/page/view.php?no=60654,"독거노인의 건강한 사회생활, 산림치유 앞장선다!","한국산림복지진흥원(원장 남태헌, 이하 진흥원)은 8일 서울 서초구 양재동 EL타워 엘하우스홀에서 보건복지부(장관 조규홍) 위탁기관인 
독거노인종합지원센터와 산림...",2023. 5. 8.,산림신문,없음
http://www.hnews.kr/news/view.php?no=59235,혼자 식사하는 독거노인 10명 중 4명 '건강 나쁘다',"일산백병원 가정의학과 이준형 교수팀이 65세 이상 '혼밥 노인'을 분석한 결과, 함께 식사하는 노인들보다 운동은 적게 하고 건강검진 
수검률은 떨어지는 것으로...",2022. 4. 15.,현대건강신문,News
https://health.chosun.com/site/data/html_dir/2018/11/12/2018111200695.html,"노인, 감기로 착각해 '폐렴' 방치했다 사망까지","노인에게는 암만큼 위험한 '폐렴'일 수 있다. 노인은 폐렴에 걸리면 치료받더라도 건강한 성인과 달리 악화될 수 있고, 심하면 사망에 
이른다. 실제 국내 폐렴 사망자의 98...",2018. 11. 12.,헬스조선,없음
https://www.bokjitimes.com/news/articleView.html?idxno=35074,“사회서비스형 선도모델 노인일자리 창출로 사회안전망 강화한다”,"이날 협약식에는 한국노인인력개발원 세종충북지사 이상철 지사장, 음성군 조병옥 군수를 비롯해 각 기관 대표자와 관계자들이 참석했다. 이번 
협약은 노인일자리를 통해...",2023. 6. 30.,복지타임즈,"뉴스, 행사, 뉴스 > 행사"
https://m.health.chosun.com/svc/news_view.html?contid=2022072801066,땀도 안 났는데 탈수? 노인 위협하는 '이 질환',"그러다 보니 노인은 온열질환을 인식하지 못해 탈수로 인한 심각한 건강문제를 겪을 확률이 높다. 서울아산병원 노년내과 정희원 교수의 
도움을 받아 여름철 건강을 지키기...",2022. 7. 30.,헬스조선,없음
https://www.hani.co.kr/arti/society/rights/896687.html,"기저귀 하루 7번 교체, 욕창없는 요양원…그러나 대기 노인만 ...","이 가운데 중증 치매 노인 12명이 거주하는 목련마을은 '치매전담실'인데, 60시간 이상 치매 전문교육을 받은 요양보호사 6명이 
배치됐다. 치매전담실은 노인 2.5명당 요양...",2019. 6. 5.,한겨레,사회
https://www.peoplepower21.org/magazine/1932172,[이슈] 노인은 왜 ‘65세’부터일까,"또 노인연령만 조정하면 되는지도 생각해 볼 문제다. 이와 관련해서는 노인 기준연령이 65세가 된 배경부터 알아볼 필요가 있다. 최근 
노인연령 문제가 논란이 되자 여당...",2023. 3. 29.,참여연대,없음
https://www.medifonews.com/mobile/article.html?no=177868,"다가오는 초고령시대, 노인에게 꼭 필요한 예방접종은?","노인은 아이들과 마찬가지로 면역력이 취약한 계층으로 꼽힌다. 건강관리에 있어 예방접종보다 중요한 것은 없다. 김시현 가톨릭대학교 
인천성모병원 감염내과 교수는 “...",2023. 4. 21.,메디포뉴스,없음
https://health.chosun.com/site/data/html_dir/2023/05/03/2023050301180.html,"여성 노인, '이 음식' 즐기면 노쇠 위험 절반으로 뚝","3일 한국식품커뮤니케이션포럼(KOFRUM)에 따르면 이화여대 식품영양학과 김양하 교수팀이 2016∼2018년 국민건강영양조사에 참여한 
65세 이상 노인 3675명(남 1643명, 여...",2023. 5. 3.,헬스조선,없음
https://m.dongascience.com/news.php?idx=59703,인터넷 사용이 노인 치매를 예방할 수 '있다',"노인들의 정기적인 인터넷 사용은 치매를 예방하는 효과가 있다는 연구 결과가 나왔다. 인터넷을 지나치게 많이 사용하거나 온라인 게임 등에 
몰두하면 중독증상이...",2023. 5. 6.,동아사이언스,인터넷 사용이 노인 치매를 예방할 수 '있다'
https://www.medicaltimes.com/Mobile/News/NewsView.html?ID=1152256,"줄줄 새는 노인 배뇨 관리, 배뇨감염안전센터 해법될까","대한비뇨의학회, 노인 배뇨질환 현황 및 대응 방안 토론회 요양시설 내 배뇨 관리 구멍…치매센터와 같은 공적 개입 필요. 23일 
대한비뇨의학회는 노인 배뇨질환에 대한...",2023. 2. 24.,메디칼타임즈,없음
https://www.medifonews.com/news/article.html?no=170797,"보행 능력 저하 노인, 정상 노인比 장애 발생 1.6배↑","의자에서 일어나 왕복 6m를 걷고 다시 의자에 앉기까지 10초 이상 걸리는 노인은 신체 움직임이나 뇌, 시각, 청각, 언어, 정신 등에 
장애가 발생할 위험이 크다는 연구...",2022. 10. 5.,메디포뉴스,없음
https://news.mt.co.kr/mtview.php?no=2023010821221964536,"""돈 없어 은퇴도 못한다""…韓노인들 '눈물의 취업' 조명한 외신","한·중·일 고령 노동자 현실 전한 美뉴욕타임스… ""국가 기초연금만으론 먹고 살기 어려워""… 70대에도 고된 노동 내몰리는 노동자 많아… 
韓 65세 이상 노인 40% 일해,...",2023. 1. 9.,머니투데이,world
https://www.hankyung.com/economy/article/2022111356481,'노인대국' 치닫는 韓 2030년 日 넘어선다,"한경DB 일본은 세계 최고의 '노인대국'이다. 65세 이상 인구가 전체 인구에서 차지하는 비중에 따라 분류하는 고령화사회(7% 이상), 
고령사회(14% 이상),...",2022. 11. 13.,한국경제,경제 일반
https://m.hankookilbo.com/News/Read/A2023050812010005635,"""노인학대 막아라"" 노인요양시설 등 다음 달부터 CCTV 의무 설치","노인장기요양보험법 시행규칙 6월 22일 시행 공동거실, 침실, 현관, 식당 등 CCTV 설치해야. 게티이미지뱅크. 노인요양시설과 
노인요양공동생활가정 등 장기요양기관에...",2023. 5. 8.,한국일보,사회
https://www.hani.co.kr/arti/society/rights/1086588.html,"개·폐업 잦은 노인요양시설…'임대' 운영 허용, 득일까 실일까","보건복지부가 10인 이상의 노인요양시설을 설치하려면 토지를 소유하거나 국가나 지방자치단체에서 공공임차해야 가능한 현 노인복지법 
시행규칙을 개정해 타인 소유의...",2023. 4. 5.,한겨레,사회
https://m.khan.co.kr/article/202301011043001,“4명 중 1명이 노인” 부산·울산이 늙어간다,"총인구 대비 노인인구 증가배율이 큰 상위 10개 시군구는 울산 동구, 부산 사상구, 대구 서구, 울산 중구, 부산 영도구, 울산 남구, 
부산 북구, 부산 사하구, 서울 금천구,...",2023. 1. 1.,경향신문,경제
https://www.hani.co.kr/arti/society/rights/1066922.html,"“한달 27만원, 이 돈 없으면 진짜 죽어”…'공공형' 일자리 줄선 ...",노인 일자리 '민간형' 늘리겠다는 정부. 2019년 1월16일 오후 서울 마포구청에서 열린 '2019 노인 일자리 및 사회...,2022. 11. 13.,한겨레,사회
https://m.hankookilbo.com/News/Read/A2023030814410005050,알바생이 치매노인 관리까지... 日 편의점은 고령사회 비추는 '등대',"일본 도쿄 스가모거리에 위치한 세븐일레븐 반찬코너에 독거노인 등 1인 가구를 겨냥한 생선구이 등 여러 반찬들이 진열돼 있다. 
도쿄=이현주 기자.",2023. 3. 22.,한국일보,경제
https://www.bokjitimes.com/news/articleView.html?idxno=34462,“돌봄 서비스 분야에서 지속가능한 노인일자리 창출한다”,"한국노인인력개발원 신상훈 인천지사장(왼쪽부터), ㈜케어닥 박재병 대표, ㈜제이앤비컨설팅 박재완 대표가 MOU 체결 후 기념사진을 
촬영하고 있다. 한국노인인력개발원은...",2023. 3. 27.,복지타임즈,"뉴스, 현장, 뉴스 > 현장"
https://www.chosun.com/international/japan/2023/05/12/6MAW4VJJRBBCZLEBLAXYJBYTB4/,日 75세 이상 노인 의료보험료 오른다... 연간 최대 140만원 인상,"일본이 75세 이상 노인의 의료보험료를 연간 최대 14만엔(약 140만원) 인상하는 법안을 12일 통과시켰다. 고령화로 급증하는 
의료비를 젊은 세대가 낸 의료보험료로...",2023. 5. 13.,조선일보,일본
https://www.sedaily.com/NewsView/29KOTFRRJ9,인권위 '스스로 보호 거부하는 '자기 방임'도 노인학대' - 서울경제,"국가인권위원회는 국회에 계류 중인 '학대피해 노인의 권리보호와 지원에 관한 법률'(학대피해노인법)에 '자기방임'을 노인학대의 한 
유형으로 규정하라고 국회의장...",2023. 1. 31.,서울경제,사회
https://www.akomnews.com/bbs/board.php?bo_table=news&wr_id=54018,"복지부, '노인 의료·요양·돌봄 정책기획단' 출범 > 뉴스","복지부, '노인 의료·요양·돌봄 정책기획단' 출범. 기사입력 2023.07.07 15:35...",2023. 7. 7.,한의신문,News
https://news.kbs.co.kr/news/view.do?ncd=5483957,독거 노인 목숨 구한 인공지능…돌봄까지 '척척',"지난 달 한 독거노인이 인공지능의 도움으로 목숨을 구한 일이 있었습니다. 인공지능이 위급한 상황을 감지해 외부에 도움을 요청한 건데요. 
고령화가 빠른 속도로 진행...",2022. 6. 12.,KBS 뉴스,없음
http://www.mediwelfare.com/news/articleView.html?idxno=3296,"""노인 의료-요양-돌봄 통합 연계법 제정 필요""","노인들의 의료, 요양, 돌봄 요구를 효과적으로 반영하고, 통합적이면서 연속적인 서비스를 제공하기 위해서는 요양병원, 요양시설, 지역사회 
통합 돌봄을 연계 지원할...",2022. 12. 7.,의료&복지뉴스,"노인의료, 노인의료"
https://www.yna.co.kr/view/AKR20220120110300501,치아 전혀 없는 경우도 65세 이상 노인 임플란트 건보 적용,"(서울=연합뉴스) 서한기 기자 = 치아가 전혀 없는 '완전 무치악' 상태에서도 노인 임플란트 건강보험 적용을 받게 된다. 21일 
보건복지부에 따르면 만 65세 이상 노인...",2022. 1. 21.,연합뉴스,사회
https://m.khan.co.kr/article/202308092110025,폭염·혹한 땐 잠시 쉴 수 있도록…폐지 줍는 노인에 ‘긴급 지원금’,"광주광역시에서 폐지를 줍던 노인이 온열질환으로 숨진 사건을 계기로 정의당이 시에 '폭염 시 노동 중단을 위한 긴급지원'을 요구하자 
강기정 광주시장이 이를 “적극 검토...",2023. 08. 14.,경향신문,지역
https://www.hani.co.kr/arti/society/society_general/1075798.html,"“노인 빈곤 막으려면…국민연금 개혁, 최저노후소득 보장에 ...",“국민+기초연금으로 노인 빈곤 방지”. 게티이미지뱅크.,2023. 1. 16.,한겨레,사회
http://www.doctorstimes.com/news/articleView.html?idxno=223819,"의협, 대한노인회 방문해 노인외래정액제 개선 필요성 피력","'노인이 행복한 세상'을 위해서는 1000만 어르신들의 의료접근성 향상이 무엇보다 중요하므로, 대한노인회 차원의 협조를 요청드린다”고 
말했다. 조정호 보험이사는 “2018...",2023. 08. 14.,의사신문,"의료뉴스, 일반, 의료뉴스 > 일반 > 헤드라인"
https://www.yna.co.kr/view/AKR20230216104400502,[팩트체크] '노인은 65세 이상' 기준은 독일 비스마르크 수상 때 시작됐다?,"노인 연령기준, 연금·정년 등과 맞물려 있어 바꾸려면 '제도 수술' 동반돼야. (서울=연합뉴스) 구정모 기자 = 서울시의 대중교통 요금 
인상 방침으로 노인 지하철 무임승차...",2023. 2. 17.,연합뉴스,사회
https://m.yonhapnewstv.co.kr/news/MYH20230506010900641,"독거노인 10명중 7명 빈곤…노인 절반 ""일하고 싶다""","노인소득 중 근로소득이 차지하는 비중이 42.8%에 달하는 반면, 공적 연금 소득은 29.7%로 낮아 은퇴 후 노동소득의 감소가 노인 
빈곤에 미치는 영향이 큽니다.",2023. 5. 6.,연합뉴스TV,사회
https://www.yna.co.kr/view/AKR20230311042900530,"""노인일자리사업, 단순업무 위주…고학력 많은 신노년에 안맞아""","현재 노인 일자리 사업은 공익 활동, 재능 나눔 활동(이상 공공·봉사형), 시장형 사업단, 취업 알선형, 시니어 인턴십, 고령자 친화 
기업(이상 민간·근로형), 사회 서비스...",2023. 3. 12.,연합뉴스,사회
https://www.hani.co.kr/arti/area/honam/1075840.html,"홀몸노인 외롭지 않게…전남도, 반려로봇 '효돌이' 보급 확대","홀몸노인 외롭지 않게…전남도, 반려로봇 '효돌이' 보급 확대. 김용희 기자. 구독. 등록 2023-01-16 11:47 수정 
2023-01-17 02:32. 텍스트 크기 조정...",2023. 1. 16.,한겨레,전국
https://www.ekoreanews.co.kr/news/articleView.html?idxno=67223,요양시설 내 노인 학대 예방하려면? [선진국 정책 알아보기],"광양 노인전문 요양원선 요양보호사 A씨가 80대 입소환자 B씨를 폭행하는 사건이 일어나 경찰이 수사에 나섰다. 경찰 조사에 따르면 
A씨의 폭행으로 B씨는 전치14주의...",2023. 5. 31.,이코리아,"사회, 사회일반, 사회 > 사회일반 > 공공정책 만들기"
https://m.health.chosun.com/svc/news_view.html?contid=2023010900931,'이것' 섭취 적은 노인… 근육 쭉 빠진다,"하루 단백질 섭취량이 자신의 체중 1㎏당 0.8g 미만인 노인은 체중 1㎏당 1.2g 이상 단백질을 섭취하는 노인보다 근감소증 발생 
위험이 두 배 이상 높다는 연구 결과가...",2023. 1. 9.,헬스조선,없음
https://www.jjan.kr/article/20230518580125,수개월 방치 '남원동부노인복지관' 위탁법인 재공고,"남원시는 남원동부노인복지관 민간위탁 추진계획에 따라 기존 수탁법인 선정을 취소하고 다음달 12일까지 위탁법인을 재모집한다고 18일 
밝혔다. 6월 중 수탁자선정심의...",2023. 5. 18.,전북일보,남원
https://www.seoul.co.kr/news/newsView.php?id=20230208500200,[단독] 노인·장애인 맞춤형 치유농업의 힘…스트레스 48% 뚝 [이토록 멋진 농업],"전북 정읍의 한 치매안심센터가 진행한 경도 인지 장애 노인들을 대상으로 한 치유 농업 프로그램에서 참가자들이 수확한 허브를 이용해 
허브차를 나눠 마시며 가벼운...",2023. 2. 8.,서울신문,없음
http://www.bosa.co.kr/news/articleView.html?idxno=2202785,"부천시립노인전문병원, 9월부터 치매전문병동 운영","[의학신문·일간보사=이상만 기자] 부천시립노인전문병원(병원장 이정권)이 전문적인 치매 환자 치료 및 관리를 위한 시설·장비 보강에 
박차를 가하고 있다.",2023. 08. 14.,의학신문,"의원·병원, 병원, 의원·병원 > 병원"
https://sgsg.hankyung.com/article/2022093074141,시사이슈 찬반토론 KDI도 가세한 노인 연령 높이기 이번엔 조정 ...,"사진=연합뉴스 정부 최대 싱크탱크인 한국개발연구원(KDI)이 노인 기준연령을 높이자는 정책제안을 내놨다. 노인연령은 1981년 제정된 
노인복지법을 기준으로 보면 40...",2022. 10. 5.,생글생글,없음
http://www.docdocdoc.co.kr/news/articleView.html?idxno=3004281,'요양병원 간병비 급여화 없이는 노인의료·돌봄 강화 안된다',"노인의료와 돌봄 체계를 효율적으로 운영하기 위한 선행과제로 '요양병원 간병 급여화'가 꼽혔다. 요양원과 요양병원의 기능과 역할이 혼재된 
상황에서 간병비 출혈...",2023. 3. 30.,청년의사,"뉴스, 기관·단체, 뉴스 > 기관·단체"
https://www.biotimes.co.kr/news/articleView.html?idxno=10149,"SK케미칼, 노인 주야간보호센터에 AI 활용 치매 예방 프로그램 ...","이로써 총 120개소의 노인 주야간보호센터에서 치매 예방 프로그램을 운영하게 된다. 사운드마인드는 소셜벤처 이드웨어가 개발한 인지 및 
언어 훈련 프로그램으로, 자체...",2023. 3. 22.,바이오타임즈,"Bio News, 기업, Bio News > 기업"
https://www.mk.co.kr/news/culture/10784888,[이달의 경제경영서] MZ세대 아닌 '노인'이 미래를 바꾼다,"MZ세대가 세상을 바꿀 것 같지만, 앞으로 세상을 바꾸는 건 노인이 될 것이다. 인류 역사상 최초로 노령 인구가 청년 수를 넘어서는 
시대, 즉 슈퍼 에이지라는 새로운...",2023. 7. 14.,매일경제,culture
https://www.bokjitimes.com/news/articleView.html?idxno=35032,"통영시, 노인·장애인 위한 '급식관리지원센터' 운영","통영시는 노인과 장애인 등 영양 취약계층을 위한 위한 사회복지급식관리지원센터(급식센터)를 운영한다고 26일 밝혔다. 통영시는 지난 5월 
경상국립대학교 산학협력단...",2023. 6. 26.,복지타임즈,"뉴스, 현장, 뉴스 > 현장"
https://www.yna.co.kr/view/AKR20230421110900518,"[위클리 건강] ""노인 우울증, 배우자에 '전이'…함께 앓을 위험 4배""","방치하면 치매로 악화할 수도…숨기지 말고 조기에 진단·치료해야"". (서울=연합뉴스) 김길원 기자 = 우리나라 65세 이상 노인 우울증은 
10명 중 2~3명이 겪을 정도로...",2023. 4. 22.,연합뉴스,생활.건강
https://www.pressian.com/pages/articles/2023080816371825325,자리 양보는 어색하지만 죽음엔 평범해진 '초보 노인' 적응기,"책 <초보 노인입니다>(김순옥 지음·민음사·264쪽)는 1957년생 저자가 사회에서 인정한 노인의 기준 혹은 타인의 시선에 의해 
사회적으로 '노인'으로 규정되는 경험과 그에...",2023. 08. 14.,프레시안,문화/books
http://www.monews.co.kr/news/articleView.html?idxno=322967,"노인의학회 ""거동 불편한 만성질환 노인 위한 방문진료 활성화 ...","대한노인의학회는 14일 드래곤시티호텔에서 제38회 춘계학술대회 및 제18차 치매특별등급 의사소견서 작성교육을 개최했다. 이날 학술대회에 
맞춰 이창훈 회장, 김한수...",2023. 5. 15.,메디칼업저버,"병원·개원가, 의약단체, 병원·개원가 > 의약단체"
https://www.bokjitimes.com/news/articleView.html?idxno=34408,노인일자리 정책 진단과 미래 비전 < 기획특집 < 기사본문,"사회자 : 변재관 한·일사회보장정책포럼 대표 토론자 : 강규성 한국노인인력개발원 민간일자리실 실장 김정옥 대한노인회 속초시지회 
취업지원센터 센터장",2023. 3. 22.,복지타임즈,"기획특집, 기획특집"
http://www.doctorstimes.com/news/articleView.html?idxno=224084,“노인이 건강해야 사회적 비용 통제 가능···통합돌봄 정책 투자 ...,"의료를 포함한 노인 통합돌봄 체계를 통해 장기요양 등급에 진입하는 인구 수를 최대한 줄이는 것이 전세계적인 보건의료 과제로 떠오르고 
있다. 미래 노인 인구가...",2023. 09. 06.,의사신문,"의료뉴스, 일반, 의료뉴스 > 일반 > 헤드라인"
https://www.newspim.com/news/view/20230911000693,"성남시, 노인 일자리 사업 호응...6550명 참여","[성남=뉴스핌] 정종일 기자 = 경기 성남시가 노인일자리 사업 중 하나인 '마망베이커리&카페'를 4호점까지 늘려 운영하고 있다고 11일 
밝혔다. 썸네일 이미지.",2023. 09. 11.,뉴스핌,108010
https://www.seoul.co.kr/news/newsView.php?id=20230911500023,"문화콘텐츠 전문기업, 노인 위한 스마트폰 앱 개발 나선 까닭은","한국은 2025년 인구의 20% 이상을 65세 이상 고령자가 차지하는 '초고령 사회'에 진입할 것으로 보인다. 이미 올 4월 총인구수 
대비 노인 인구 비율이 18.3%를 기록했으며,...",2023. 09. 11.,서울신문,없음
http://www.hnews.kr/news/view.php?no=62259,노인 의료용 침대 안전사고 증가...90% 낙상사고,"[현대건강신문] 초고령사회 진입을 앞두고 '실버 헬스케어' 시장이 지속적으로 성장하는 가운데, 노인요양시설과 의료서비스시설 등에서 
의료용 침대 관련 안전사고가...",2023. 09. 08.,현대건강신문,News
http://www.nbn-news.co.kr/news/articleView.html?idxno=62577,고흥 도양 노인건강복지타운 준공,"치매전문요양원, 주·야간 보호센터는 노인인구와 치매 환자의 증가 추세에 맞춰 치매 전담형 장기 요양시설로 장기요양 등급을 받으신 
어르신들이 이용할 수 있다. 노인...",2023. 09. 11.,남도방송,"뉴스, 행정, 뉴스 > 행정"
https://www.jjan.kr/article/20230910580145,"장수군노인장애인복지관, 전국 성인문해교육 시화전 입상","장수군노인장애인복지관(관장 정호영)이 '제12회 전국 성인문해교육 시화전'에서 성인문해교육 한글교실 수강생이 입상하는 쾌거를 올렸다고 
10일 밝혔다.",2023. 09. 10.,전북일보,사람들
https://www.onews.tv/news/articleView.html?idxno=180162,"금천시니어클럽, 3년 연속 노인 일자리 사업 우수기관 선정","(서울=열린뉴스통신) 정진화 기자 =서울시 금천구(구청장 유성훈)는 노인일자리 전담 기관인 금천시니어클럽(관장 김선웅)이 보건복지부가 
주관한 '2023년 노인일자리...",2023. 09. 10.,열린뉴스통신,"전국, 서울, 전국 > 서울"
https://www.asiatoday.co.kr/view.php?key=20230911010006277,"무안군 삼향읍, 하반기 노인일자리사업 참여자 교육 실시","이날 교육은 공익형 노인일자리사업인 마을회관 관리도우미, 마을환경지킴이 참여자 53명의 어르신이 참석했다. 삼향읍은 노인일자리 참여자를 
대상으로 노인일자리 활동...",2023. 09. 11.,아시아투데이,전국
http://www.kstnews.co.kr/news/articleView.html?idxno=27692,"인천 서구, '제25회 지회장기 노인게이트볼 대회' 개최","지회장기 노인게이트볼 대회는 서구청(구청장 강범석)의 지원받아 개최됐으며, 선수들의 활기차고 적극적인 경기 참여로 성황리에 종료됐다. 
최종 우승은 태봉1팀이,...",2023. 09. 11.,한국생활체육뉴스,"스포츠, 생활체육, 스포츠 > 생활체육"
http://www.monthlypeople.com/news/articleView.html?idxno=655498,"홍천군, 노인일자리사업 문화 활동 추진","노인회 소속 노인일자리 참여자 847명을 대상으로 하는 이번 행사는 11일 서면을 시작으로 14일 내면, 15일 내촌면에서 진행된다. 
본 행사는 참여자들의 반복적이고 지친...",2023. 09. 11.,월간인물,"일반, 지역, 일반 > 지역"
https://www.medifonews.com/news/article.html?no=182278,"“만성질환관리제, 질환군 확대 적용 필요”","노인이 지니는 다면적 건강 문제, 체계적으로 관리해야. 가정의학과의사회가 만성질환군 확대 적용 뿐 아니라 노인에 적합한 진료환경을 
만들기 위해 선택적 주치의제 또는...",2023. 09. 11.,메디포뉴스,없음
https://www.newspim.com/news/view/20230908000799,최저임금 못받는 공익형 노인일자리…근로기준법 외면하는 정부,"정부는 노인 소득을 보장하기 위해 '노인 일자리 사업'을 추진하고 있다. 노인 일자리 사업은 기초연금 수급자가 대상인 공익형, 만 
65세 이상이 참여하는 사회 서비스형,...",2023. 09. 09.,뉴스핌,103010
https://www.nongmin.com/article/20230911500319,"울산 농소농협 따사모봉사단, 노인지원서비스센터에 쌀 기탁","울산 농소농협(조합장 정성락, 사진 뒷줄 왼쪽 네번째) 따사모봉사단(단장 김분희)이 11일 북구 재가노인지원서비스센터에 10㎏ 들이 쌀 
50포대를 기부했다(사진).",2023. 09. 11.,농민신문,없음
https://www.ajunews.com/view/20230911152246786,"경기도사회서비스원, 노인학대 예방 캠페인 실시","김지순 경기북부노인보호전문기관장은 “지역사회 내 유관기관과 협력해 사회공동체 책임 의식을 갖고 노인학대에 대한 사회적 인식 확산과 노인 
차별 해소를 도모하고자...",2023. 09. 11.,아주경제,경기
http://mediagunpo.co.kr/16816,[군포시민신문] [정홍상 칼럼] 노인에게 적정 수치는?,"노인은 만성질환이 많습니다. 당뇨, 고혈압, 고지혈증, 관절염 등등. 그런데 노인인 경우 수치에만 얽매일 필요가 있을까요? 수치만이 
아니라 여러 가지를 함께...",2023. 09. 11.,군포시민신문,칼럼·오피니언
http://www.bokjitimes.com/news/articleView.html?idxno=35370,“불합리한 노인장기요양제도 개선 위해 노력하겠다”,"이 자리에서 타인 소유의 토지·건물을 임대해도 요양시설 설치·운용이 가능하도록 허용하는 노인복지법 시행규칙 개정 반대성명을 발표한 박 
회장. 그가 생각하는 노인...",2023. 09. 11.,복지타임즈,"인물, 인물"
https://www.iusm.co.kr/news/articleView.html?idxno=1023402,"북울산적십자봉사회·경우회, 북구노인복지관 어르신행복식당 짜장면 나눔","북울산적십자봉사회와 경우회는 11일 울산 북구노인복지관 어르신행복식당에서 어르신에게 짜장면 450인분을 대접했다. 이날 박천동 
북구청장도 배식봉사에 동참했다.",2023. 09. 11.,울산매일,"뉴스, 사람과 삶, 뉴스 > 사람과 삶 > 사람과 삶"
http://www.domin.co.kr/news/articleView.html?idxno=1439419,"정읍시, 독거노인·중증장애인 안전 위한 응급안전안심서비스 ...","정읍시는 안전 취약계층인 독거노인 가정과 중증장애인 가정을 대상으로 최신 정보통신기술(ICT)기술을 적용한 차세대 응급장비 교체·신규 
설치를 추진했다고 11일 밝혔다.",2023. 09. 11.,전북도민일보,"자치행정, 정읍, 자치행정 > 정읍"
https://www.eroun.net/news/articleView.html?idxno=37154,안산의료사협 '행복한 길동무' 노인건강돌봄지도사 자격 취득 및 ...,"노인건강돌봄지도사란 노인과 돌봄에 대한 보건·의료·복지 분야에서 상식 수준의 지식을 숙지하고, 건강과 돌봄 실천에 대한 이론을 습득하여 
돌봄 현장에서 숙련된 돌봄을...",2023. 09. 11.,이로운넷,"기업, 협동조합, 기업 > 협동조합"
https://www.ccdailynews.com/news/articleView.html?idxno=2227180,"건보공단 대전세종충청본부, 노인장기요양보험 지역토론회","국민건강보험공단 대전세종충청지역본부가 9월 7일 지역본부 대회의실에서 '2023년도 노인장기요양보험 지역토론회'를 개최했다. 이날 
토론회는 최근 발표된 '제3차...",2023. 09. 10.,충청일보,"대전·세종, 세종, 대전·세종 > 세종"
https://www.inews365.com/news/article.html?no=780346,"청주시 상당구, 노인복지 사업 개선 '총력' - 충북과 나의 연결고리 ...","청주시 상당구 행정복지센터가 지역 내 노인복지 업무를 효율적으로 추진하기 위해 간담회를 연 가운데 대한노인회 상당서원지회 임원과 경로당 
분회장 등이 자리에...",2023. 09. 11.,충북일보,"사회, 사회 > 일반·사회"
https://news.kbs.co.kr/news/view.do?ncd=7770656,정부 긴축재정 여파…“노인 돌봄 공백 우려”,"고령화 속 노인 돌봄은 그 어느 때 보다 중요해지고 있죠. 그런데 공적 돌봄서비스를 제공하는 제주도사회서비스원에 대한 내년 국비가 
반영되지 않아 돌봄 공백 우려가...",2023. 09. 11.,KBS 뉴스,없음
https://news.kbs.co.kr/news/view.do?ncd=7770656,정부 긴축재정 여파…“노인 돌봄 공백 우려”,"고령화 속 노인 돌봄은 그 어느 때 보다 중요해지고 있죠. 그런데 공적 돌봄서비스를 제공하는 제주도사회서비스원에 대한 내년 국비가 
반영되지 않아 돌봄 공백 우려가...",2023. 09. 11.,KBS 뉴스,없음
https://www.kmaeil.com/news/articleView.html?idxno=415951,"김덕현 연천군수, 연천군노인복지관 경로식당 배식봉사 나서","[연천=이 흥기자] 김덕현 연천군수가 11일 연천군노인복지관을 찾아 어르신들을 위한 배식 봉사에 나서며 따뜻한 나눔의 시간을 가졌다. 
김덕현 군수는 이날 경로당을...",2023. 09. 11.,경인매일,"경기, 경기북부, 경기 > 경기북부"
https://www.ytn.co.kr/replay/view.php?idx=29&key=202309111011450949,[자막뉴스] 밀려나는 노인들...서울마저 '노시니어존' 전락,"올해 기준 65살 이상 노인은 950만 명, 대한민국 전체 인구의 18% 이상을 차지합니다. 또, 평균 기대 수명은 83살로, 은퇴 
이후 20년 넘는 시간이 주어지는 셈입니다.",2023. 09. 11.,YTN,다시보기
https://www.ohmynews.com/NWS_Web/View/at_pg.aspx?CNTN_CD=A0002960230,제주에 100세 이상 노인이 3배나 많은 이유,"제주도는 100세 이상 노인에게 장수축하금을 지급하되 연말까지 만 100세가 되는 사람도 포함했다. 다만 도민이 된 지 3년은 지나야 
한다. 1651년 제주목사로 부임한...",2023. 09. 10.,오마이뉴스,사는이야기
https://m.khan.co.kr/article/202309072054005,"‘노인보호 전담’ 곽영수 관장에 동백장, ‘취약계층 치료’ 이병관 원장에 목련장","33년간 노인요양원을 운영하며 노인을 돌본 곽영수 관저종합사회복지관 관장(64·왼쪽 사진)이 국민훈장 동백장을 받았다. 보건복지부는 
7일 서울 마포구 서울가든호텔...",2023. 09. 07.,경향신문,인물
http://www.hnews.kr/news/view.php?no=62258,65세 이상의 노인 '감기 증상' 시 독감인지 꼭 확인,"... 어려워질 수 있고 대기오염, 실내 공기오염 등으로 호흡기에 자극이 일어나 추위에 잘 대처하지 못하는 사람이나 유소아, 고령의 
노인 등은 감기에 걸리기 쉽다.",2023. 09. 08.,현대건강신문,News
https://www.newsfreezone.co.kr/news/articleView.html?idxno=512106,"합천군 초계면, 제27회 노인의 날 기념행사∙경로잔치","오민석 청년회장은 “긴 장마를 지나 뜨거운 폭염을 보내고, 가을을 맞이하며 초계대공원에 소풍 나온 기분으로 직접 어르신들을 모시고 
노인의 날 행사를 열게 돼 보람...",2023. 09. 11.,뉴스프리존,"지역, 부산·울산·경남, 지역 > 부산·울산·경남"
http://www.kihoilbo.co.kr/news/articleView.html?idxno=1048757,"인천시 부평구 노인복지관, '友情(우정)을 배달해孝(효) 사랑의 ...","노인 일자리 사업 참여자 850명을 대상으로 하는 이번 행사는 함께 일하는 동료에게 전하지 못한 마음을 사연으로 담아 동료로서 우애를 
나누고 행복한 삶을 전하고자 마련...",2023. 09. 11.,기호일보,"정치, 자치/행정, 정치 > 자치/행정"
http://kor.theasian.asia/archives/345776,[안산 선부동 고려인마을④] 국내 거주 고려인도 '노인복지' 시급,"생각해보니 손주를 돌보기 위해 들어온 노인들이 국적을 취득하는 일은 사실상 불가능하지 않을까 싶다. 국적이 없으니 경로당도 이용할 수 
없다. 물론 중국동포도...",2023. 09. 11.,아시아엔 THE AsiaN,없음
https://www.mk.co.kr/news/society/10825847,"내 어깨는 다 젖어도…폐지노인 우산 씌워준 여성, 선행 끝 아니었다","쏟아지는 비를 맞으며 빈 수레를 끌고 가는 노인에게 우산을 씌어주며 함께 걷는 한 여성의 모습이 훈훈함을 안긴 가운데 그의 선행이 끝이 
아닌 것으로 드러나 화제를...",2023. 09. 09.,매일경제,society
http://www.shinailbo.co.kr/news/articleView.html?idxno=1757359,"홍천군노인복지관, 실버인지놀이지도사 1급 자격증 전원 취득","홍천군노인복지관 현윤재 관장은 “백세시대에 동년배 어르신들의 건강한 노년을 위해 재능기부를 펼칠 어르신들에게 감사의 말씀을 전하며, 
유익한 프로그램이 제공될 수...",2023. 09. 10.,신아일보,"로컬+, 강원, 로컬+ > 강원"
https://www.inews365.com/news/article.html?no=780245,"단양소방서, 노인요양원 소방안전교육 실시","요양시설은 대부분 고령의 노인 환자가 병구완을 받는 곳으로 화재 발생 시 자력 대피가 어려워 대형 인명피해가 발생할 수 있는 시설이다. 
이에 따라 단양소방서는 관계인...",2023. 09. 11.,충북일보,"사회, 사회 > 일반·사회"
https://www.donga.com/news/Society/article/all/20230911/121124553/1,폐지 줍던 80대 노인 승용차에 치여…병원 치료 중 결국 사망,"폐지를 줍던 80대 노인이 승용차에 치여 병원에 이송됐으나 치료 중 결국 숨졌다. 11일 광주 북부경찰서에 따르면 지난 9일 오후 
8시쯤 광주 북구 양산동 왕복 8차선...",2023. 09. 11.,동아일보,"사회,사건·범죄"
https://www.inews365.com/news/article.html?no=780169,"청주청원경찰서, 내수읍서 노인 교통안전 예방 교육 진행","이번 교육은 무단횡단으로 인한 도내 보행자 사고와 노인 이륜차 사고가 급증함에 따라 마련됐다. 주 교육 내용은 △이륜차운행 시 
보호장구를 반드시 착용하기 △보행자...",2023. 09. 10.,충북일보,"사회, 사회 > 일반·사회"
http://www.monthlypeople.com/news/articleView.html?idxno=655737,"최기찬 서울시의원 대표발의, 노인의 건강한 성(性)인식 개선 ...","[월간인물] 서울특별시의회 보건복지위원회 소속 최기찬 의원(더불어민주당, 금천2)이 대표발의한 '노인의 성(性)인식 개선사업'을 
추진하도록 하는'서울특별시 고령...",2023. 09. 11.,월간인물,"일반, 의회, 일반 > 의회"
http://www.ibulgyo.com/news/articleView.html?idxno=406051,"방배노인종합복지관, 시니어 정원놀이사 양성과정 운영",방배노인종합복지관이 이달부터 한국노인인력개발원 지원을 받아 시니어 노후준비 지원사업을 운영하고 있다고 9월11일 밝혔다.,2023. 09. 11.,불교신문,"수행·신행, 복지, 수행·신행 > 복지"
http://www.jbnews.com/news/articleView.html?idxno=1407164,"민주당 동남4군 지역위원회, 노인 일자리 문제 토론회 개최","12일 옥천통합복지센터서 저출산·초고령사회 정책적 대응 모색. 〔중부매일 윤여군 기자〕민주당 보은·옥천·영동·괴산 지역위원회(위원장 
이재한)은 '노인일자리 문제 현황...",2023. 09. 10.,중부매일,"정치, 의회·정당, 정치 > 의회·정당"
https://m.kmib.co.kr/view.asp?arcid=0924320293&code=14130000&sid1=lif,386세대 노인이 온다… 돌봄 패러다임 바꿀 때,"이 새로운 노인 집단은 지금까지의 노인과는 크게 다르다. 첫째, 최대 인구집단인 60~70년대생의 고령화는 노인의 수를 획기적으로 
증가시킨다. 둘째, 산업화 이후 경제...",2023. 09. 11.,국민일보,생활
http://www.jeollailbo.com/news/articleView.html?idxno=704761,"장수군노인장애인복지관, ‘제2회 무주 진안 장수 장애인 보치아 대회’ 개최","장수군노인장애인복지관(관장 정호영)에서는 ; 장애인 스포츠이자 패럴림픽 공식 종목인 보치아 경기를 통해 무주, 진안, 장수 지역 
장애인들이 교류해 건강 및 재활 의욕을...",2023. 09. 11.,전라일보,"지역, 무주, 지역 > 무주"
https://www.pinpointnews.co.kr/news/articleView.html?idxno=216292,"웰컴금융그룹 임직원, 용산구서 독거노인 가정 세탁물 수거·배달 등 '행복빨래방' 봉사활동","빨래방 차량은 용산구를 시작으로 향후 서울 내 다른 지역의 독거노인 취약계층을 위해 쓰일 예정이다. 이번 봉사활동에 자녀와 함께 참여한 
이귀범 웰컴저축은행 채널혁신...",2023. 09. 11.,핀포인트뉴스,"금융·증권, 금융일반, 금융·증권 > 금융일반"
https://www.nocutnews.co.kr/news/6009712,"18명 시신 속 울부짖는 노인…""지진피해 아직 빙산의 일각""","모로코의 이번 강진은 이 나라의 4번째 대도시인 마라케와 그 인근 지역을 강타했다. 진앙지로부터 72km 북동쪽에 위치한 마라케는 인구 
84만명이 사는 도시로,...",2023. 09. 11.,노컷뉴스,국제
https://m.segye.com/view/20230911514901,추석열차표 100% 온라인 예매에… 노인들만 ‘발동동’,"노인들에 좌석 10% 배정 불구 ""독수리 타자로는 절대 안 돼"" 대다수는 예매 실패해 낙담 잔여석·입석 현장 예매로 발길 디지털격차 
고려한 정책 시급.",2023. 09. 11.,세계일보,사회일반
http://www.chungnamilbo.co.kr/news/articleView.html?idxno=733612,"백화노인복지관, '특수판매' 피해예방 교육 실시","[충남일보 문길진 기자] 충남 태안 백화노인복지관은 7일 한국특수판매공제조합(이사장 어청수)과 함께하는 '특수판매로 인한 노인층 
피해예방 교육'을 실시했다.",2023. 09. 10.,충남일보,"충남, 태안, 충남 > 태안"
http://weekly.chosun.com/news/articleView.html?idxno=28852,65세 이상 노인 실명 원인 1위 황반변성... '3초 자가진단법',"65세 이상 노인들의 실명 원인 1위! 국민건강보험공단 자료에 따르면, 인구 10만명당 황반변성 환자는 2021년 743명으로 
2017년 326명 대비 127.9% 증가했다.",2023. 09. 09.,주간조선,"문화/생활, 문화/생활"
http://www.honamtimes.com/news/articleView.html?idxno=246605,"목포시 하당동, 독거노인가구 사랑의 집청소 및 집수리 봉사 실시","민·관 협력해 홀로 사는 어르신 주거환경 개선 위해 구슬땀 흘려. 3일과 7일 하당동 복지기동대 및 사단법인 목포사랑봉사회(회장 
문경희)는 관내 독거노인가구를 찾아...",2023. 09. 11.,호남타임즈,"뉴스, 전남, 뉴스 > 전남 > 포토뉴스"
https://news.kbs.co.kr/news/view.do?ncd=7770664,전북 고독사 해마다 늘어…“홀몸 노인 대책 필요”,"김 의원은 고독사 상당 부분이 70살 이상 고령자라며, 홀몸 노인을 위한 적극적인 지원책이 필요하다고 강조했습니다. □ 제보하기 ▷ 
카카오톡 : 'KBS제보' 검색, 채널...",2023. 09. 11.,KBS 뉴스,없음
https://www.ajunews.com/view/20230911151101752,"묵호노인종합복지관, 2023년 후원자와 함께하는 청와대 탐방 실시","복지관에 따르면 후원자들은 2021년 복지관 버스구입모금 캠페인 후원과 홍보에 적극 동참하고, 매년 직원분들의 노고를 헤아려 후원물품 
제공과 노인권익증진 자치활동...",2023. 09. 11.,아주경제,강원
http://www.kyeongin.com/main/view.php?key=20230911010001868,"SK청솔노인복지관, 인도네시아 방문단 대상 `복지사업` 소개","SK청솔노인복지관(관장·김규엽)은 11일 한국·인도네시아 수교 50주년을 맞아 한국을 방문한 인도네시아 방문단을 대상으로 한국의 
노인복지관과 복지사업을 소개하고...",2023. 09. 11.,경인일보,없음
https://www.mk.co.kr/news/business/10826942,노인·화상환자 치유나선 뷰티 스타트업,"닥터솔루션은 최근 '앤닥터 타트체리 세럼' 300개를 영등포노인종합복지관에 기부했다. 1107만원 규모다. 이 제품은 항산화항균 성분을 
담은 화장품으로,...",2023. 09. 11.,매일경제,business
https://www.kihoilbo.co.kr/news/articleView.html?idxno=1048806,"감사원 ""용인시 고기동 노인복지주택 건축 인가는 부적정""","용인시가 인가한 고기동 노인복지주택이 부적정하다는 감사원 감사 결과가 나왔다. 11일 감사원 공익감사 결과에 따르면 A사업자는 
2010년 9월 고기동 보전녹지지역 19...",9분 전,기호일보,"정치, 안녕!특례시, 정치 > 안녕!특례시"
https://www.mk.co.kr/news/journalist/10827173,[기자24시] '노인 정치인을 위한 나라'는 없다?,"정치란 젊은 혈기보다 노인의 지혜가 힘을 발휘하는 격투장이다. 그들의 노련함은 정치적 자산을 넘어선 사회적 자산이다. 다만 고령 
정치인들의 분투가 언제나 감동적...",2023. 09. 11.,매일경제,journalist
http://www.shinailbo.co.kr/news/articleView.html?idxno=1757718,"김동근 시장, 흥선노인복지관서 시민들과 소통의 시간","이날 진행된 현장 시장실에서는 노인복지관 프로그램 활성화, 흥선동 일대 재개발 문의, 주차장 확대 건의 등에 대한 이야기가 오갔다. 
복지관을 이용 중인 어르신들은...",2023. 09. 10.,신아일보,"로컬+, 경기, 로컬+ > 경기"
http://www.tynewspaper.co.kr/news/articleView.html?idxno=26960,"봉평동새마을부녀회, 경로당 및 노인일자리 위문 행사","봉평동 새마을부녀회(회장 서미선)는 지난 4일 봉평동 소재 경로당 7개소와 노인일자리 어르신(55명)들을 직접 방문하여 수박과 
떡(100만원 상당)을 전달하고 말벗을...",2023. 09. 11.,통영신문,"뉴스, 우리동네, 뉴스 > 우리동네"
http://www.joongang.tv/news/articleView.html?idxno=66284,"여주시, 아이부터 노인까지 '한눈에 쏙' 생애 보금자리 정책 ...","여주시가 공약사업인 '아이 키우기 좋은 여주'를 비롯하여 아이부터 노인까지, 모든 세대를 위한 다양한 지원정책이 수록된 '여주시 생애 
보금자리 정책 길잡이' 3100...",2023. 09. 11.,중앙신문,"지역종합, 동부권, 지역종합 > 동부권"
http://www.kyongbuk.co.kr/news/articleView.html?idxno=2141984,[만났습니다] 경북도립 김천노인전문요양병원 정종현 이사장,"경북도립 김천노인전문요양병원 병원 전경. 정 이사장은 이어 “국가의 시책에 발맞춰 치매 환자들이 더욱 안정감을 느낄 수 있도록 현재 
병원 3층의 '...",2023. 09. 11.,경북일보,"경북대구, 경북, 경북대구 > 경북 > 김천"
https://daily.hankooki.com/news/articleView.html?idxno=998324,"대전유등노인복지관, 충청지방우정청과 ‘중식 무료나눔행사’ 진행","[대전=데일리한국 선치영 기자] 대전 충청지방우정청(청장 허원석)은 11일 유등노인복지관을 찾아주시는 어르신들을 대상으로 재능기부를 
통해 중식 식사를 무료나눔...",2023. 09. 11.,데일리한국,"지역, 대전·충청, 지역 > 대전·충청"
