links,title,contents,date,press
https://www.hani.co.kr/arti/economy/economy_general/859471.html,'고령사회' 진입한 한국…일본보다 7년 빨라,"저출산·고령화가 심화됨에 따라, 지난해 우리나라는 노인이 전체 인구의 14%를 웃도는 고령사회에 진입한 것으로 나타났다. 또 
생산연령인구(15~64살)도 지난해 처음...",2018. 8. 27.,한겨레
https://www.sedaily.com/NewsView/29S7E3M011,"극심한 고령화에…취업자 평균연령, 47세→2050년 54세로 - 서울경제","저출산·고령화 심화로 2050년 국내 취업자 평균 연령이 약 54세까지 높아질 것이란 전망이 제기됐다. 고령자들 중심으로 인력이 
재편되면서 기업들의 고위기술 인력난...",2023. 08. 15.,서울경제신문
https://www.shinailbo.co.kr/news/articleView.html?idxno=1734750,2050년 취업자 평균연령 '53.7세'…저출산·고령화 심각,"저출산·고령화 현상이 심화된 탓으로 국가경쟁력 유지·강화를 위해선 정책마련이 필요하다는 지적이다. 20일 대한상공회의소 
SGI(지속성장이니셔티브)의 '부문별 취업자의...",2023. 08. 15.,신아일보
http://www.worktoday.co.kr/news/articleView.html?idxno=39440,"""일터가 빠르게 늙어간다 ... 저출산·고령화로 2050년 취업자 ...","저출산·고령화 현상 심화로 2050년 국내 취업자 평균연령은 약 54세까지 높아질 것이라는 전망이 제기됐다. 대한상공회의소 
SGI(지속성장이니셔티브)는 20일 '부문별...",2023. 08. 15.,워크투데이
https://news.einfomax.co.kr/news/articleView.html?idxno=4269844,"한은 ""소득 불평등의 30%는 고령화 때문…사업·임대소득 격차 ...","이에 고령층 인구 비중이 높아질수록 경제 전반의 소득불평등도 심화하는 것으로 나타났다. 고령화에 따라 동일 출생 연도 집단 내 
불평등도가 상승하는 연령 효과는 40세...",2023. 6. 14.,연합인포맥스
https://www.hani.co.kr/arti/economy/economy_general/1008704.html,늙어가는 한국 제조업···미국·일본보다 고령화 속도 빠르다,"한경연, '2010~2020년 제조업 근로자의 고령화 추이' 분석. 조선소 노동자가 용접 작업을 하고 있다. <한겨레> 자료 사진.",2021. 8. 23.,한겨레
https://www.hani.co.kr/arti/economy/economy_general/1074068.html,"고령화 비율 1%p 늘면, 재정 투입 효과 6% 반감된다","고령인구의 비중이 1%포인트 늘면 재정지출의 경제성장 효과는 6% 가까이 줄어드는 것으로 나타났다. 고령화 시대에는 같은 효과를 내기 
위해 더 많은 재정을 투입해야...",2023. 1. 2.,한겨레
https://news.einfomax.co.kr/news/articleView.html?idxno=4279611,"한은 ""독일경제 역성장할듯…中의존도·고령화 탓""",우리나라도 제조업 비중과 중국 의존도가 높고 고령화에 따른 노동시장 변화가 크다는 점에서 독일 경제상황이 시사하는 바가 커 보인다.,2023. 09. 05.,연합인포맥스
https://www.hani.co.kr/arti/economy/economy_general/1064301.html,‘제조업 노동자 고령화’ 일본보다 빠르다 : 경제일반 : 경제 : 뉴스,"고령화 속도 일본보다 가팔라. 게티이미지뱅크. 국내 제조업 근로자 평균 나이는 43살로, 10년 사이 3.8살 높아진 것으로 분석됐다. 
26일 전국경제인연합회(전경련)가...",2022. 10. 26.,한겨레
https://www.hani.co.kr/arti/economy/economy_general/1009846.html,‘고령화’로 지난 20년간 실업률 0.4%p 하락 : 경제일반 : 경제 : 뉴스,"고령화 등 인구구조 변화는 지난 20년간 실업률을 0.4%포인트 하락시킨 것으로 나타났다. 우리 사회에서 비중이 커지고 있는 고령층은 
상대적으로 청년층보다 구직...",2021. 8. 31.,한겨레
https://www.hankyung.com/article/2023051849401,"韓, 저출산·고령화·나랏빚 급증…이대로면 '정크등급' 떨어질 수도","인구 5000만을 지키자 (13) 국가신용등급 옥죄는 '고령화 재앙' 수년뒤 '세계 최고령 국가' 전락 연금·의료 등 복지재정 급증에 
국가채무비율 폭증 악순환",2023. 5. 18.,한국경제
https://www.yna.co.kr/view/AKR20230503066900518,고령화 영향만으로…국민 1인당 연간 건보 추가부담액 '눈덩이',"(서울=연합뉴스) 서한기 기자 = 급격한 인구 고령화에 따른 노인인구 증가로 노인 의료비가 늘면서 국민이 추가로 감당해야 할 건강보험 
부담액도 눈덩이처럼 불어날...",2023. 5. 4.,연합뉴스
https://www.donga.com/news/Society/article/all/20230705/120098257/2,"“굿바이 어린이집, 헬로 요양원”…CNN도 주목한 韓고령화 현상","미국 CNN방송이 저출산 및 고령화로 인해 보육시설 수는 줄어들고 노인복지시설 수는 늘어나는 한국 사회를 집중 조명했다. CNN은 
4일(현지시간) '잘 가 어린이집,...",2023. 7. 5.,동아일보
https://www.yna.co.kr/view/AKR20190914033500002,"고령화에 늘어나는 복지분야 의무지출…""2050년에는 350조 육박""","우리보다 20여년 앞서 고령화가 진행 중인 일본은 2050년에 고령자 관련 사회복지지출이 GDP의 21.7%까지 늘어날 전망이다. 
고령화와 생산연령인구 급감. (서울=연합뉴스)...",2019. 9. 15.,연합뉴스
https://www.yna.co.kr/view/AKR20210303067400003,"한경연 ""한국, 저출산·고령화 속도 OECD 중 가장 빨라""","합계출산율은 연평균 3.1% 떨어지고 고령화비율은 3.3% 올라 · ""재정약화 대응 중장기대책 마련해야"".",2021. 3. 3.,연합뉴스
https://nownews.seoul.co.kr/news/newsView.php?id=20230213601011,“고령화? 노인 집단 할복·자살이 해결책”…일본인 교수 발언 논란[여기는 일본],"일본 출신의 미국 예일대 경제학교 조교수가 일본의 심각한 사회문제로 꼽히는 고령화를 해결하기 위해서는 고령층이 집단 자살해야 한다는 
충격적인 발언을 해 논란이...",2023. 2. 13.,나우뉴스
https://m.khan.co.kr/article/202202031501001,8년 뒤 노동력 절반은 50대 이상 중장년층…고령화로 생산가능인구 320만명 줄어,"저출생과 고령화 영향으로 2025년을 정점으로는 15세 이상 경제활동인구가 감소세에 접어들 것으로도 예측됐다. 3일 고용노동부는 이같은 
예측을 담은 '2020~2030 중장기...",2022. 2. 3.,경향신문
https://www.ekoreanews.co.kr/news/articleView.html?idxno=65318,"고령화시대의 총아 '돌봄로봇' 개발, 어디까지 왔나","[이코리아] 고령화 사회가 빠르게 진행되면서 제론테크(Gerontech)가 뜨고 있다. 돌봄이 필요한 사람이 증가하는 반면 돌봄제공자가 
감소하고 있어 돌봄 분야에서도...",2023. 2. 14.,이코리아
https://m.khan.co.kr/article/202209211606001,중국 “3년 안에 60세 이상 인구 3억명 돌파”…빨라지는 고령화 속도에 대응 부심,"유엔은 65세 이상 인구 비중이 7%를 넘으면 고령화 사회, 14% 이상이면 고령사회로 분류한다. 위건위는 60세 이상 노인 인구가 
계속 증가해 2025년까지 3억명을 돌파하고...",2022. 9. 21.,경향신문
https://www.hankyung.com/economy/article/2021041437421,"IMF의 경고 ""韓, 저출산·고령화 심각…부채부담 폭발 경계해야""","고령화 우려가 반영된 IMF의 부채 전망을 보면 한국의 국내총생산(GDP) 대비 일반정부 부채비율은 올해 53.2%에서 2026년 
69.7%까지 높아진다. 다른 선진국들이 코로나19로...",2021. 4. 14.,한국경제
https://www.hani.co.kr/arti/economy/economy_general/924170.html,한은 “인구 고령화가 지난 25년간 실질금리 3%p 떨어뜨려”,"'기대수명 증가' 영향이 '인구증가율 감소' 영향의 갑절. 자료:권오익·김명현, '인구 고령화가 실질금리에 미치는 영향', 
BOK경제연구...",2020. 1. 13.,한겨레
https://www.hani.co.kr/arti/economy/economy_general/1033019.html,고령화로 2035년까지 가계소비 연평균 0.7% 감소 전망,"서울의 한 마트 식품 코너에서 시민들이 장을 보고 있다. 연합뉴스. 인구 고령화로 가계소비가 2030년 중반까지 연평균 0.7% 감소할 
것이라는 분석이 나왔다.",2022. 3. 1.,한겨레
https://www.ablenews.co.kr/news/articleView.html?idxno=206327,"장애인구 고령화, 전체인구 고령화 수준보다 3배 높아","지난 2022년 장애인구 고령화 수준이 52.8%로 전체인구 고령화 수준 18%에 비해 3배 가까이 높게 나타난 것. 
한국장애인개발원(이하 개발원)은 이 같은 내용이 담긴 koddi...",2023. 08. 15.,에이블뉴스
https://www.donga.com/news/Economy/article/all/20210217/105457565/1,"“20년뒤 3명중 1명 노인”…한국, 고령화속도 가장 빠른데 노인빈곤율 OECD 1위","韓, 10년간 고령인구 증가속도 OECD 1위, 27년 후 가장 고령화된 나라 연금+미흡한 민간 일자리 환경⇒ 한국 노인빈곤율 OECD 
평균의 3배 2018년 韓 노인빈곤율 43.4%,...",2021. 2. 17.,동아일보
https://www.yna.co.kr/view/AKR20210929057300504,북한도 저출산·고령화 지속…출산율 1.91명·고령인구 9.75%,"(서울=연합뉴스) 권영전 기자 = 북한의 올해 합계출산율이 1.91명이고 65세 이상 고령 인구 비중이 9.75%를 기록하는 등 
저출산·고령화 기조가 지속되는 것으로...",2021. 9. 29.,연합뉴스
https://www.hani.co.kr/arti/economy/economy_general/917321.html,'고령화' 진행중인 동남아 국가들도 '정년 연장' 추진,"고령화' 진행중인 동남아 국가들도 '정년 연장' 추진. 정남구 기자. 구독. 등록 2019-11-17 16:18 수정 
2019-11-18 02:32. 텍스트 크기 조정...",2019. 11. 17.,한겨레
https://www.yna.co.kr/view/AKR20230326046600002,저출산·고령화 대응책은…30년 미래전략 나온다,"정부는 저출산·고령화가 취업·교육·복지 등 각 분야에 미치는 파생 효과에 선제적으로 대응하기 위한 정책 방안을 모색하기로 했다. 그 
과정에서 여성의 경제활동 참여를...",2023. 3. 27.,연합뉴스
https://www.hani.co.kr/arti/economy/economy_general/1054695.html,"일본보다 가파른 고령화…한국, 장기 저성장 갈림길 섰다","특히 필자가 주목한 부분은 빠른 고령화와 낮은 출산율 등 인구구조 변화가 우리 경제의 위협요인이라는 점이다. ... 우리나라는 인구가 
감소하는 가운데 세계에서 고령화...",2022. 8. 14.,한겨레
https://ebn.co.kr/news/view/1497499,초라한 고령화 대응…가계·기업·정부 '당면 과제는',우리나라 국민들이 한국이 당면한 가장 중요한 과제로 저출산·고령화 문제를 지적하면서도 이에 대한 대비는 매우 부족한 것으로 나타났다.,2021. 8. 24.,EBN 산업경제신문
https://www.edaily.co.kr/news/read?newsId=02801126635611544&mediaCodeNo=257,"노인 4억명 쏟아진다…中, 지방 정부에 고령화 대책 지시","2035년 60세 이상 인구가 4억명으로 늘어나는 등 초고령화 시대가 도래할 전망이라 특단의 대책이 필요하다는 판단에서다. 노동절 
연휴를 앞둔 4월 28일 중국 동부 저장성...",2023. 5. 22.,이데일리
https://www.ulsanpress.net/news/articleView.html?idxno=511042,동구 고령화 속도 전국 최고…노인 지원 정책 고심,"이에 동구는 늘어나고 있는 노인층 인구들이 은퇴후에도 생산활동을 하고 지역을 떠나는 것을 방지하기 위해 일자리나 복지사업 등을 지원하고 
있다. 인근 대기업에서도...",2023. 08. 22.,울산신문
https://www.bbc.com/korean/international-46266918,인구 고령화: 성인용 기저귀 처리에 골머리 앓는 일본,"[앵커] 고령화 사회로 접어들면서 전 세계적으로 노인용품 시장이 커지고 있습니다. 특히 성인용 기저귀의 경우 그 판매량이 매년 급증하고 
있는데요,. 그런데 일본에선 이...",2018. 11. 20.,BBC
https://www.engdaily.com/news/articleView.html?idxno=15381,신규 인력 부족‧고령화…건설 기술인력 대책 마련 시급,"(엔지니어링데일리)김성열 기자=최근 30대 이하 건설 기술인 유입이 부족해지고 고령화가 진행되면서 대책 마련이 시급하다는 지적이다. 
26일 한국건설산업연구원의...",2022. 9. 26.,엔지니어링데일리
https://www.hankyung.com/article/2022121840071,'고령화 늪' 빠진 선진국…복지 포퓰리즘에 성장이 멈췄다,"이코노미스트 '복지병 걸린 선진국'…低성장 장기화 저성장 원인은 고령화 1980년 후 20년간은 2.25% 성장 숙련·女노동자 
증가·세계화 영향",2022. 12. 18.,한국경제
https://www.lifein.news/news/articleView.html?idxno=14886,"사회적협동조합 빠띠, 고령화 대응 해법을 찾는 아이디어·토론의 ...","한국은 고령화 속도가 경제협력개발기구(OECD) 주요국들에 비해 상당히 빠른 편이다. 고령사회에서 초고령사회에 도달하는 데 걸리는 
연수(65세 이상 고령 인구 비중...",2022. 11. 17.,라이프인
https://kormedi.com/1543205/%EC%A4%80%EB%B9%84%EB%90%9C-%EB%85%B8%EC%9D%B8%EC%9D%84-%EC%9C%84%ED%95%9C-%EB%82%98%EB%9D%BC%EB%8A%94-%EC%9E%88%EB%8B%A4/,"고령화 사회, 노화가 '축복'이 되려면?","고령화 시대는 회색코뿔소다. 우리는 오래전부터 저출산 고령화 사회에 대하여 대비해 왔으나 저출산 문제가 해결되지 못해 초고령사회가 
예상보다 빠르게 눈앞으로 다가...",2022. 11. 19.,코메디닷컴
https://www.yna.co.kr/view/AKR20190418091200002,"""韓 고령화속도 OECD최고…청년보다 고령자 노동참여 확대 중요""","(세종=연합뉴스) 이 율 기자 = 경제협력개발기구(OECD) 국가 중 최고 속도로 진행중인 우리나라의 고령화에 효과적으로 대응하려면 
노인 기준을 조정하고 정년제도를...",2019. 4. 18.,연합뉴스
https://m.dnews.co.kr/m_home/view.jsp?idxno=202305231444119280693,건설산업 고령화 또 역대 최고치 찍었다,"노동에 대한 의존도가 높은 건설산업 특성상 고령화 문제는 생산성 하락은 물론, 산업 자체의 지속가능성을 위협할 것이란 관측이 나온다. 
23일 건설근로자공제회 조사연구...",2023. 5. 24.,대한경제
https://www.ccdailynews.com/news/articleView.html?idxno=2203771,고령화 저출산과 인구구조 변화 < 살며생각하며 < 오피니언 ...,"고령화 현상은 전체 인구에서 노년층 인구의 비율이 높아지는 것을 의미하는데, 우리나라는 2025년 만 65세 이상 노년 인구의 비중이 
전체 인구의 20%가 넘는 초고령사회로...",2023. 5. 10.,충청일보
https://www.ytn.co.kr/_ln/0104_202307172329568017,"NYT ""한국, 2050년 세계 두번째 고령 국가...급속한 고령화""","AD. 한국이 급속한 고령화로 2050년이면 세계 2번째로 늙은 국가가 될 것이라는 전망이 나왔습니다. 미국 뉴욕타임스(NYT)는 
현지시간 16일 유엔의 세계 인구 추계를...",2023. 7. 17.,YTN
https://www.yna.co.kr/view/AKR20230611001200072,美 마피아도 고령화…4인조 보석가게 무장강도 모두 60대,"NYT는 마피아 고령화에 따라 법정 분위기도 달라졌다고 전했다. 지팡이와 휠체어를 사용하거나, 산소마스크를 착용한 피고인이 고령이나 
지병 치료 등을 이유로 선처를...",2023. 6. 11.,연합뉴스
https://www.chosun.com/economy/weeklybiz/2022/09/15/UTV7NOZPKRE5BPKLM7MVPDXCFQ/,美도 中도 늙어간다… 세계경제 덮치는 ‘은빛 쓰나미’,"고령화라는 이름의 은빛 쓰나미다. 유엔(UN)은 지난 7월 발표한 세계 인구 전망 보고서에서 “2020년 세계 인구 성장률이 1950년 
이후 처음으로 1% 미만...",2022. 9. 15.,조선일보
https://medigatenews.com/news/1515210424,"MEDI:GATE NEWS : 복지부, 고령화 시대의 노인의료 대책 ...","고령사회가 빠르게 진행되는 만큼 고령화를 노인 인구에 국한된 문제로 볼 것이 아니라 사회 전반의 고령화로 받아들이고 노인들의 다양한 
상황과 상태를 세분화해...",2019. 7. 4.,메디게이트 뉴스
http://www.bosa.co.kr/news/articleView.html?idxno=2172678,"스마트 의료 기술 도래, 초고령화 시대 걱정 덜다","[의학신문·일간보사=오인규 기자] 고령화를 넘어 초고령화 시대를 앞두고 의료 분야는 적극적으로 변화에 앞장서고 있다. 2020년 기준 
건보재정의 43%를 65세 이상이...",2022. 5. 2.,의학신문
https://www.akomnews.com/bbs/board.php?bo_table=news&wr_id=45842,고령화 위기감 높은데…경제주체별 준비는 ‘미흡’ > 뉴스,"저출산·고령화'가 한국의 가장 중요한 과제로 꼽히는 등 고령화에 대한 문제인식 수준은 높지만 가계, 기업, 정부 등의 준비는 미흡하다는 
인식이 큰 것으로 나타났다.",2021. 8. 23.,한의신문
https://weekly.hankooki.com/news/articleView.html?idxno=7076481,고령화와 저출산의 '늪'에 빠진 대한민국,"고령화로 인한 산업인구 감소와 연금 고갈 문제는 국가 경제를 위협할 수준까지 다다르고 있다. 작년 11월 출생아 수 '역대 최저'. 
2025년 초고령사회...여성...",2023. 1. 29.,주간한국
https://www.chosun.com/economy/money/2023/04/07/RXGD3HXRMBB7PARHMQFWRKNXPY/,노인 많아 제약·바이오 업종 유망? 고령화에 대한 5가지 착각 [왕개미연구소],"고령화에 대한 5가지 착각 [왕개미연구소]. 중국은 인구 줄어드는데 인도는 세계 1위 인구대국으로 박소연 신영증권 투자전략부장이 점치는 
자산시장 미래",2023. 4. 7.,조선일보
https://www.etnews.com/20211219000037,"[로봇 미래예측 2030 대담회]“초고령화 위기를 기회로, K-로봇 ...","초고령화 위기를 기회로 삼아서 로봇을 재규정하고 인구구조의 취약점을 인공지능(AI) 로봇기술로 증강보완 했다. 인구고령화는 대부분 
국가가 맞이하는 현상으로 K-로봇...",2021. 12. 19.,전자신문
https://www.farminsight.net/news/articleView.html?idxno=10542,"우리나라 전체농가 절반이 65세 이상, 고령화 '심각'","고령화로 인해 농어업 인구가 지속적으로 감소하고 있는 가운데 통계청이 19일 발표한 2022년 농림어업조사 결과에 따르면 2022년 
12월 1일 기준 농가는 103만3000가구...",2023. 4. 24.,팜인사이트
https://www.bokjitimes.com/news/articleView.html?idxno=34558,[세계/영국] 영국 고령화 현황과 노인장기요양서비스,"보다 쉬운 이해를 돕기 위해 영국의 고령화를 한국과의 비교적 맥락에서 살펴보면, 영국의 2022년 65세 이상 고령인구는 총인구의 
19%로 한국의 17.5%에 비해 높은...",2023. 4. 11.,복지타임즈
https://www.yna.co.kr/view/AKR20230106036400051,부산 기업 대표자 고령화 심각…60세 이상 비중 29.6%,"(부산=연합뉴스) 신정훈 기자 = 부산지역 기업 대표자의 고령화가 전국에서 가장 심각한 것으로 나타났다. 6일 부산울산중소기업중앙회가 
중소벤처기업부 및 통계청...",2023. 1. 6.,연합뉴스
https://www.yna.co.kr/view/AKR20201215069200003,"늙어가는 한국 제조업…한경연 ""일본보다 2.9배 빠르게 고령화""","(서울=연합뉴스) 김보경 기자 = 한국 제조업의 인력구조가 일본보다 빠르게 고령화되고 있다는 연구 결과가 나왔다. 전국경제인연합회 산하 
한국경제연구원은 최근 20...",2020. 12. 15.,연합뉴스
https://www.eroun.net/news/articleView.html?idxno=30442,다가오는 고령화를 준비하는 전세계의 사회혁신가들,"전세계적으로 고령화의 문제에 대한 공감과 혁신적인 솔루션의 필요성이 제기되는 이때, 사회혁신가를 발굴하고 지원하고 있는 아쇼카재단에서는 
지난 11월 7일부터 9...",2022. 12. 12.,이로운넷
https://www.chosun.com/national/welfare-medical/2023/02/15/IJZZQ3NGSRHWXKD5DPAZJ7DZOQ/,"저출생 고령화의 현실… 성인용 기저귀 공급량, 유아용의 1.6배","저출생 고령화 영향으로 성인용 기저귀 공급이 매년 늘어나는 반면, 어린이용 기저귀는 줄어드는 추세로 나타났다. 14일 식품의약품안전처에 
따르면,...",2023. 2. 15.,조선일보
https://m.khan.co.kr/article/202212291427001,저출산·고령화에 대응…부산시·저출산고령사회위 협약,"저출산고령사회위원회와 부산시, 부산시의회가 29일 인구구조 변화에 대응하기 위한 업무협약을 체결했다. 29일 부산시청에서 저출산 고령화 
대책 협약식이 열렸다.",2022. 12. 29.,경향신문
http://www.pharmnews.com/news/articleView.html?idxno=229485,그랜드 제네레이션 시대...‘위기와 기회’ 초고령화를 보는 두 가지 시선,"한 걸음 앞으로 다가온 초고령화 사회의 '위기와 기회'에 대해 숙명여자대학교 경영학부 서용구 교수를 만나 의미와 미래에 대해 들어봤다. 
“65세 이상 노인 인구가 20%를...",2023. 08. 29.,팜뉴스
https://www.busan.com/view/busan/view.php?code=2023022318165832007,"고령화 초고속 한국, '집에서 삶 마무리' 형태로 전환을 [황혼에 ...","부산의 경우 이미 2021년 전국 8대 특별시·광역시 중 가장 먼저 초고령사회에 발을 디뎠다. 한국보다 앞서 고령화 현상을 경험한 해외 
국가들은 일찌감치 노인 돌봄에 주목...",2023. 2. 23.,부산일보
http://www.domin.co.kr/news/articleView.html?idxno=1426729,[고령화의 그늘] (1) 전북지역 고령화 현황,"이에 고령화되는 사회의 이면을 거대담론이나 집단이 아닌 개개인에 맞춰 접근해 보고자 한다. 고령화는 65세 이상 인구(노령인구)가 
총인구에서 차지하는 비율로 나타낸다...",2023. 5. 29.,전북도민일보
https://sgsg.hankyung.com/article/2023042137711,생글기자 코너 저출산·고령화 문제 대비하려면 정년연장 꼭 필요 ...,"고령화 대책은 정년 연장 등을 통해 경제활동에 참여하는 노인층을 이전보다 대폭 늘리는 근원적 해결책이 없으면 어려울 것 같다. 
[생글기자 코너] 저출산·고령화...",2023. 4. 24.,생글생글
https://www.kmaeil.com/news/articleView.html?idxno=393559,"여주시, 농촌인구 고령화 대비 위해 전동운반차 지원","농촌인구가 고령화되고 부녀화됨에 따라 농업인 근골격계질환 및 하우스병 예방에 도움을 줄 수 있는 전동운반차에 대한 요구가 꾸준히 
있어왔다.",2023. 4. 6.,경인매일
https://www.dentalarirang.com/news/articleView.html?idxno=38998,"[기획] 초고령사회 진입한 한국, 치과계 현주소는?","치과계에서도 초고령화사회를 대비하는 움직임이 일고 있다. 대한노년치의학회에서는 '시니어구강관리전문가과정'을, 대한치과위생사협회에서는 
'노인·장애인 전문치과...",2023. 08. 15.,덴탈아리랑
https://www.hankyung.com/economy/article/2020072900316,"""신생기업 감소로 기업 고령화…고용없는 경기회복 야기""","신생기업 감소에 따른 기업 고령화는 노동생산성 증가율을 둔화하고, 전체 경제의 고용창출 능력에도 부정적인 영향을 주고 있다. (그림 = 
한국은행) 신생기업 감소로 기업...",2020. 7. 29.,한국경제
https://www.newsthevoice.com/news/articleView.html?idxno=31316,"고령화시대, 결국은 '노화 방지'…핵심은 회복력","김재호 교수신문 과학·학술 팀장은 최근 생물학연구정보센터(BRIC)에 기고한 '고령화 시대의 진전과 생명과학 및 의학기술의 변화'를 
주제로 한 보고서를 통해 ""생명과학과...",2023. 2. 17.,뉴스더보이스
https://www.ccdailynews.com/news/articleView.html?idxno=2190690,"청주시, 저출산·고령화 대책에 3703억 투입 < 사회일반 < 사회 ...","반면 노인 인구는 12만7054명으로, 전년 대비 7187명(6%)이 늘어 고령화가 빠르게 진행되고 있음을 보여준다. 지난해 기준 시의 
고령화율은 15%로, 65세 이상 인구가 14%...",2023. 3. 8.,충청일보
https://www.fnnews.com/news/202201051044335924,"진주시 ‘고령화시대, 진주형 고령친화도시 조성’","시는 매년 노인인구가 크게 증가하면서 고령화가 빠르게 진행됨에 따라 노인문제에 ... 세계보건기구(WHO)에서는 세계적인 고령화와 
도시화 추세에 더욱 효과적으로...",2022. 1. 5.,파이낸셜뉴스
http://www.dynews.co.kr/news/articleView.html?idxno=677053,현장에서/ 농촌 고령화 시대 현명한 대처방안,"고령화에 따른 의료, 복지, 노인 일자리 등 다양한 부문에서 해결해야 될 과제가 많지만 당장 심각하게 고민해야 하는 부문은 농촌이라고 
생각한다.",2022. 10. 18.,동양일보
https://www.bbc.com/korean/articles/cqlynv7ql8lo,한국 ‘초고속 고령화’ 진행중.. 사람들 문제 체감 못하는 이유는?,"그러면서 “우리나라의 고령화 문제는 다른 나라와 달리 노령 인구 비율의 수준 자체보다 그 진행 속도에 관한 문제”라고 덧붙였다. 이 
연구위원은 또 “2002년부터 고령화...",2022. 9. 30.,BBC
https://news.mt.co.kr/mtview.php?no=2021030620053098462,고령화는 경제 악재?…'뉴실버 세대' 새로운 큰손 됐다,"일본에서 고령화는 오래된 일상이다. 실버산업에서의 기회 탐색과 고령 인구의 노동시장 진출 모색도 그만큼 빨랐다. '고령화=경제 악재'란 
도식을 깨기 위한 노력도...",2021. 3. 7.,머니투데이
https://m.hankookilbo.com/News/Read/A2023041310160002259,홍성군 장곡면의 고령화 대응법,"농촌은 젊은 층의 진입이 적어 도시보다 더 빠르게 고령화되고, 사회복지 인프라도 부족하다. 사회보험, 공공부조, 사회서비스 등의 국가 
복지 제도는 농촌 노인의 삶의 질...",2023. 4. 14.,한국일보
https://m.hankookilbo.com/News/Read/A2021113014010005942,"한은 ""고령화가 경상수지 흑자 기여...노년인구 더 늘면 악영향""","경상수지 흑자는 인구 구성 등 중장기적 요인 급속한 고령화로 저축인구 늘고, 노후 대비 증가 ""고령화 진전에 따른 저축률 하락은 감소 
요인"". 한은 제공.",2021. 11. 30.,한국일보
https://www.newspim.com/news/view/20190916000434,"日, 고령화 더욱 심화...10명 중 3명이 65세 이상 ‘노인’","[서울=뉴스핌] 오영상 전문기자 = 일본의 고령화가 더욱 심화되면서 국민 10명 중 3명이 65세 이상 노인인 것으로 나타났다. 일본 
총무성이 16일 '경로의 날'을 맞아...",2019. 9. 16.,뉴스핌
https://news.sbs.co.kr/news/endPage.do?news_id=N1007336569,"중국, 한국·일본과 달리 '소득 1만 달러' 수준에서 고령화 시작 (ft.조현승) [경제자유살롱]","오늘 SBS 경제자유살롱은 조현승 박사와 함께 이야기 나눠봅니다. 최근 중국의 인구가 줄어들기 시작하면서 고령화가 시작되었다는 이야기가 
나오고 있습니다. 중국의...",2023. 09. 06.,SBS 뉴스
https://www.kukinews.com/newsView/kuk202305250193,"“초고령사회 뉸앞”…대구행복진흥원, '저출생·고령화' 대응 방안 ...","(대구행복진흥원 제공) 2023.05.25 대구시행복진흥사회서비스원은 지역의 저출생·고령화 대응을 위해 25일 '2023년 제1차 
여성가족정책포럼'을 개최했다.",2023. 5. 25.,쿠키뉴스
http://m.monthly.chosun.com/client/mdaily/daily_view.asp?idx=17912&Newsnumb=20230617912,"서울K-가족축제, 저출산·고령화 극복위한 행사 열어","이날 행사에서 조직위는“대한민국이 직면한 저출산·고령화·가족해체 문제는 서구식 방법이 아닌 민족의 역사속에서 이뤄온 전통적 가족문화의 
지혜로 해결해야 한다”면서 “...",2023. 6. 30.,월간조선
https://www.yna.co.kr/view/MYH20220518002600641,택시기사 고령화…안전우려 커지는데 해결책 요원,"택시운전자의 고령화로 사고도 증가 추세입니다. 재작년 전체 택시 사고에서 고령층이 차지하는 비중은 5년 전의 두 배로 급증했습니다. 
젊은 사람보다 체력과 집중력이...",2022. 5. 18.,연합뉴스
https://www.kyeonggi.com/article/20230629580268,‘꿈의 신도시’ 옛말… 인구 유출·고령화 가속도 [무너진 1기 신도시 中],"'꿈의 신도시'라 불리며 경기도민의 생활 터전이 돼 온 1기 신도시에서 인구유출 및 고령화 현상이 나타나고 있다. 더욱이 기반시설 
노후화가 각종 사고의 온상으로 떠오르...",2023. 6. 30.,경기일보
https://www.yna.co.kr/view/AKR20190404068700017,10년 후 한국의 가장 중요한 이슈는…'저출산·초고령화',"그 결과 중요성이 높은 10대 이슈로 △ 저출산·초고령화 △ 격차 심화로 인한 사회불안정 △ 저성장과 성장전략 전환 △ 남북관계 변화 
△ 고용불안 △ 기후변화 적응 실패...",2019. 4. 4.,연합뉴스
https://m.fntimes.com/html/view.php?ud=202306192037315335e6e69892f_18,건설현장 구인난·고령화 심화…건설 기능인등급제 등 해결책도 유명무실,"[한국금융신문 장호성 기자] 건설현장의 만성적인 인력난과 심각한 고령화가 해결될 기미 없이 심화 일로를 걷고 있다. 정부는 지난 14일 
'제6차 일자리전담반 회의'를...",2023. 6. 20.,한국금융신문
https://www.akomnews.com/bbs/board.php?bo_table=news&wr_id=45756,“저출산·고령화에 380조 원 투입했으나 효과는 저조” > 뉴스,"감사원은 지난 13일 '저출산·고령화 대책 성과분석 및 인구구조 변화 대응실태(지역과 노후소득보장)' 감사 결과를 발표하면서 
저출산·고령화 대책과 관련한 정책 방향...",2021. 8. 17.,한의신문
https://www.yna.co.kr/view/AKR20221209103900704,[영상] 젊은 창업가는 왜 '고령화'에 주목했나,"우리나라 인구 고령화가 '노인 대국'으로 불리는 일본보다 더 빠르게 진행되는 점에 비춰보면 마지막 노년기를 제집에서 보낼 수 있는 
재가요양 시장은 계속해서...",2022. 12. 10.,연합뉴스
https://www.sanhak.co.kr/news/articleView.html?idxno=11080,시니어·고령화 사회… 그들을 어떻게 바라봐야 하는가,"시니어, 노인문제… 남 얘기가 아니다. 바로 우리이자 나의 이야기다. 사람은 누구나 나이가 들면서 늙게 된다. 고령화를 쉽게봐서는 
안되는 문제이고 또 다른 관점에서...",2021. 4. 1.,산학뉴스
https://www.medifonews.com/mobile/article.html?no=167623,"주한덴마크대사관, '한국-덴마크 일차보건의료 및 고령화' 세미나 ...","양국의 고령화 문제 해결 전략과 노인 인권에 대한 논의 펼쳐져. 주한덴마크대사관이 14일(화) 서울시 성북구 대사관저에서 '한국-덴마크 
일차...",2022. 6. 15.,메디포뉴스
https://m.ecomedia.co.kr/news/newsview.php?ncode=1065575445520687,서울시 인구 고령화 현상에 따른 '세대 갈등 해소방안 모색 ...,"서울시 인구 고령화 현상에 따른 '세대 갈등 해소방안 모색' 토론회 개최. 김기덕 시의원, “어르신 공경과 청년 이해하는 '세대 공감' 
정책 채택과 '세대 공존' 시대...",2021. 5. 27.,환경미디어
https://www.hani.co.kr/arti/international/china/845739.html,"14억 인구대국 중국, 급속 고령화에 산아제한 철폐 추진 : 중국 ...","14억 인구대국 중국, 급속 고령화에 산아제한 철폐 추진. 김외현 기자. 구독. 등록 2018-05-22 17:58 수정 
2018-05-22 21:27. 텍스트 크기 조정...",2018. 5. 22.,한겨레
https://www.sideview.co.kr/news/articleView.html?idxno=11179,"[기자시선] 고령화 시대, 돌봄로봇으로 해결 가능한가","우리는 명백히 고령화 시대를 살고 있다. 보건복지부의 통계를 따르면 2025년에는 65세 인구가 20.3% 증가할 것으로 보고 있다. 
독거노인 또한 늘어나는 추세로,...",2023. 2. 28.,사이드뷰
https://www.getnews.co.kr/news/articleView.html?idxno=635187,"[기자수첩] 기업, 고령화 사회 대비 서둘러야","현재 고령화에 따른 인력난이 가사회되고 있는 상황에서 앞으로 AI(인공지능), 메타버스, 로봇 등 4차산업혁명(우주시대 포함) 시대 
젊은 인력 수급이 어려워질 경우 미래...",2023. 08. 15.,글로벌경제신문
https://biz.chosun.com/site/data/html_dir/2018/06/22/2018062201960.html,"한은 ""日 고령화로 소비성향 ↑…고령층 소득 낮은 韓 소비 위축 우려"" - 조선비즈","한국은행은 우리나라보다 앞서 고령화를 경험한 일본은 고령층 비중이 커지면서 가계의 소비성향이 상승했지만, 우리나라 고령층은 소득 수준이 
낮고 금융자산이...",2018. 6. 24.,조선비즈
https://m.segye.com/view/20230126512619,[인구와미래] 우리 사회 체제전환으로서의 고령화,"고령화 사회 파장 연쇄적 결합 고용 연장·청년실업 대책 강구 군 체계·안보전략도 대대적 개편 개인 삶·사회 대대적 변화 필요. 올해 
'58년 개띠'가 65세 노인이 된다.",2023. 1. 26.,세계일보
https://mdtoday.co.kr/news/view/1065600287425490,저출산‧고령화 대비 필요한 복지정책은?,"이어 '고령화 과제와 대책'에 대해서는 한국의 고령화 현황과 주요 정책과제의 변화, 천만 노인 시대 노인 일자리 사업, 국민연금의 
필요성, 지역사회 기반 통합돌봄서비스...",2023. 4. 25.,메디컬투데이
https://economychosun.com/site/data/html_dir/2023/01/16/2023011600011.html,“인구구조 보라…인플레와 고금리는 필연적”,"코로나19는 고령화에 따른 거시 경제 구조 변화를 가속화시켰다고 봐야 한다.” 최근 영국 런던 켄싱턴의 자택에서 만난 찰스 굿하트 
런던정치경제대(LSE) 명예 교수는...",2023. 1. 16.,이코노미조선
https://news.unn.net/news/articleView.html?idxno=506903,"고령화 사회, '평생교육'의 중요성 대두… 선두주자 싱가포르 ...","한국 고령화 속도 세계 1위…'평생교육' 중요성 상승 싱가포르, 모든 국민 핵심 인재로 육성…'스킬스퓨처' '평생교육' 정책 앞장서는 
일본의 '리커런스교육'.",2021. 4. 7.,한국대학신문
https://www.cctoday.co.kr/news/articleView.html?idxno=2170539,고령화 덮친 충북… 4년 후엔 10명이 3.5명 부양,"노인부양, 재정부담·발전동력 쇠퇴 우려. [충청투데이 김영재 기자] 충북도 지역사회 고령화가 빠르게 진행되고 있는 것으로 나타났다. 
17일 충북도와 통계청에 따르면...",2022. 11. 17.,충청투데이
https://www.chosun.com/national/national_general/2023/04/24/XVPSOMEHSVCORP52KQ6LEBOC6Y/,의경 없애자 파출소 고령화… “막내가 50세”,"의경 없애자 파출소 고령화… “막내가 50세”. 신입 경찰 대부분 기동대로 차출 지구대·파출소 30%가 50대 이상 치안 최전선 기동성 
떨어질 우려.",2023. 4. 24.,조선일보
https://bravo.etoday.co.kr/view/atc_view/12424,북한도 고령화 심각…적게 낳고 오래 못 산다,"2021년 세계 인구 현황에 현황에 따르면 현재 북한 인구에서 65세 이상 고령층 비율이 9.6%로 유엔이 정한 '고령화 사회' 기준인 
7%를 넘어섰다. 합계출산율은 1.9명으로...",2021. 7. 12.,브라보 마이 라이프
https://www.ajunews.com/view/20220907085600881,"​인구절벽 더 앞당겨졌다 베트남, 고령화 속도 예상보다 심각","베트남의 고령화 문제는 이미 수년 전부터 지적됐지만 고령화를 의미하는 인구 대비 65세 이상 인구 증가가 예상보다 더욱 빠르다. 최근 
VN익스프레스, 베트남넷 등 현지...",2022. 9. 10.,아주경제
https://m.dnews.co.kr/m_home/view.jsp?idxno=202307231347490230257,[위기의 건설 일자리] 취업자 급감에 고령화 심각…정부 일자리 ...,"건설 경기가 위축되면서 취업자 수가 감소하고 있고, 그나마도 고령화되면서 기술인력 대가 끊어질 수 있다는 위기감이 감돌고 있다. 정부의 
기능인력 양성 대책도...",2023. 08. 15.,대한경제
https://www.ccnnews.co.kr/news/articleView.html?idxno=297181,"민주 문진석 의원, “도시·군기본계획에 인구 고령화 특성 반영해야""","[충청뉴스 박동혁 기자] 더불어민주당 문진석 국회의원(천안갑)은 5일 도시·군기본계획에 인구 고령화의 특성을 반영하도록 하는 내용의 
국토의 계획 및 이용에 관한...",2023. 6. 5.,충청뉴스
https://www.domin.co.kr/news/articleView.html?idxno=1417109&sc_section_code=S1N6,"전북도, '고령화 대비 자립지원 지자체 기반구축' 공모사업 선정","전북도는 보건복지부 공모사업인 '고령화대비 자립지원 지자체 기반구축사업'에 선정됐다고 12일 밝혔다. 이는 노후준비지원법 개정에 따라 
지자체 중심의 노후 준비...",2023. 3. 12.,전북도민일보
https://www.hani.co.kr/arti/opinion/because/1089197.html,간호법은 고령화 시대 세계적 해법 : 왜냐면 : 사설.칼럼 : 뉴스,"의료 수요 급증, 국제기구가 주목한 '구원투수'. 대한간호협회 회원들이 지난 10일 국회 앞에서 간호법 제정을 촉구하는 집회를...",2023. 4. 24.,한겨레
http://www.bosa.co.kr/news/articleView.html?idxno=2195680,"고령화사회의 보건의료 정책, 이대로는 안된다","85세 이상 초고령인구는 2017년 60만명, 2024년 100만명을 넘게 되고, 2067년 512만명 (인구 구성비 13%)에 이를 
전망이다. 고령화는 의료만의 문제가 아니며 경제, 문화,...",2023. 4. 25.,의학신문
https://www.sisain.co.kr/news/articleView.html?idxno=40414,고령화 시대 로봇에서 답을 찾다,"심각한 고령화를 겪고 있는 일본은 로봇과의 공존으로 인구문제의 답을 찾으려 한다. 로봇공학과 인공지능의 발전이 임금 및 경제성장에 
긍정적이라는 보고서도 나왔다.[...",2019. 10. 15.,시사IN
https://www.newspim.com/news/view/20180928000305,[노인의 날①] 대한민국 덮친 고령화…일본보다 빨리 늙는다,"국가재정 갉아먹는 고령화, 개발도상국까지 영향 약 30년 뒤엔 거의 모든 국가가 '고령사회' 진입 한국, 일본보다 고령화 
빨라…2050년 세계 2위.",2018. 10. 1.,뉴스핌
https://www.nongmin.com/article/20230419500541,걷잡을 수 없는 농촌 고령화…65세 이상 농가 50% 육박,"걷잡을 수 없는 농촌 고령화…65세 이상 농가 50% 육박. 입력2023-04-20 17:00 수정2023-04-21 05:01. 
가가. 통계청, 2022년 농림어업조사 49.8%로 심화 …",2023. 4. 20.,농민신문
https://www.yna.co.kr/view/AKR20191220135600008,인구 10명 중 1명 주식투자…증시도 '고령화',"주식투자자도 고령화 현상이 뚜렷해 이제 50대 이상이 절반 정도를 차지하게 됐다. ADVERTISEMENT. 증시 부진과 청년 실업으로 
젊은 층의 신규 유입이 적어 주식 시장의...",2019. 12. 23.,연합뉴스
https://www.hani.co.kr/arti/opinion/because/1096965.html,"“'고령화 지옥도' 받아들 청년들, 이들에게 모든 권력 넘기라”","“'고령화 지옥도' 받아들 청년들, 이들에게 모든 권력 넘기라”. 등록 2023-06-21 19:05 수정 2023-06-22 
02:05. 텍스트 크기 조정...",2023. 6. 21.,한겨레
https://www.mindlenews.com/news/articleView.html?idxno=3329,저출산 고령화 벗어나기에 참고할 만한 '이스라엘 방식',"어떻게 하면 저출산 고령화 사회의 수렁에서 빠져 나올 수 있을까? 이런 문제로 한국 못지 않게 고민하는 나라가 일본이다. 일본정부는 
최근에도 이제까지와는 전혀...",2023. 5. 27.,시민언론 민들레
http://www.ikbc.co.kr/article/view/kbc202307110068,고령화·지역 불균형..인구 소멸 빨라진다,"주요 원인으로는 고령화가 꼽힙니다. 전남은 2014년 65세 이상 고령 인구 비중이 20%를 넘어선 초고령화 사회에 진입했고, 광주는 
2020년 고령화 사회...",2023. 7. 11.,KBC광주방송 -
https://www.medifonews.com/mobile/article.html?no=166472,다가오는 초고령화사회 골다공증 정책 이대로 괜찮은가?,"2025년 65세 고령인구 1천만명 시대, 초고령사회로 진입해가는 상황에 노년기 대표 질환인 골다공증 관련 정책 및 보험기준의 개선을 
요구하는 목소리가 높아지고 있다...",2022. 4. 8.,메디포뉴스
https://www.yna.co.kr/view/AKR20230404061700371,"반크, 저출산·고령화 대응 '한국 미래 구하기' 캠페인 전개","(서울=연합뉴스) 왕길환 기자 = 사이버 외교 사절단 반크는 저출산과 고령화 문제에 대한 청년들의 인식을 높여나가기 위한 캠페인을 
전개한다고 4일 밝혔다.",2023. 4. 4.,연합뉴스
https://www.etnews.com/20230523000158,"STEPI, '초고령화 사회' 대응 위해 일본과 리빙랩 경험 공유","이미 초고령 사회에 진입한 일본, OECD 국가 중 가장 빠른 초고속 고령화가 진행 중인 한국이 경험을 공유해 '초고령화사회'를 
대비하는 장이 열렸다.",2023. 5. 23.,전자신문
https://www.hani.co.kr/arti/economy/economy_general/1057564.html,'가파른 고령화' 50년 뒤 한국 '노년부양비' 세계 1위 전망,"50년 뒤 우리나라는 65살 이상 고령인구가 전체의 46.4%를 차지해, 생산연령인구 1명이 노인 1명을 부양하게 된다. 남한과 북한을 
합하면 고령화 속도는 다소 늦춰지는...",2022. 9. 5.,한겨레
https://news.unn.net/news/articleView.html?idxno=544305,[UNN 리포트] “저출산·고령화로 국가 전체가 '위기'…대학이 ...,"저출산·고령화의 그늘이 우리 사회를 짙게 드리우고 있다. 출산율은 역대 최저치를 갱신하고 있으며 고령인구(65세 이상)는 급증하고 
있다. 인구의 역피라미드 구조가...",2023. 4. 3.,한국대학신문
https://news.einfomax.co.kr/news/articleView.html?idxno=4279822,"피치 ""韓 예산안, 건전재정 신호…고령화는 신용등급 하방압력""","(서울=연합인포맥스) 서영태 기자 = 국제신용평가사 피치가 윤석열 정부의 2024년 예산안을 긍정적으로 평가했다. 재정압박을 키우는 
고령화는 국가 신용등급에 하방...",2023. 09. 05.,연합인포맥스
http://www.docdocdoc.co.kr/news/articleView.html?idxno=2024858,"의사, 간호사 등 보건의료인력도 고령화 심각…의사 수 확대가 해법?","의사, 약사, 간호사 모두 지난 10년 간 평균 연령이 약 4세 증가했는데, 보건의료인력 고령화와 인구 고령화에 따른 보건의료수요 
증가가 맞물릴 경우 혼란이 올 수 있다는...",2022. 7. 8.,청년의사
https://www.m-i.kr/news/articleView.html?idxno=997176,[기획] 4년 연속 합계출산율 0명대…고령화·저출산 가속,"이러한 현상은 고령화 사회로의 진입을 더욱 가속화시키고 있다. 정부도 출산 관련 예산을 확대했지만, 실효성이 없는 실정이다. 통계청은 
지난달 22일 '2022년 출생·...",2023. 3. 19.,매일일보
https://medigatenews.com/news/3902745358,"MEDI:GATE NEWS : 40여년 뒤 한국사회, 급속한 고령화로 치매 ...","급속한 고령화와 치매인구의 증가는 필연적으로 치매관리비 증가로 이어진다. 한국사회가 지출하는 치매관리비는 꾸준히 증가해 2060년에는 
현재보다 7배 정도 늘어날...",2022. 7. 9.,MedigateNews
https://www.bbc.com/korean/international-64382544,인구: '저출산·고령화 위기 심각'... 한중일 3국 그리고 다른 나라의 대응책은?,"중국 인구가 60여 년 만에 처음으로 감소했다는 보도가 나온 지 얼마 안 돼 기시다 후미오 일본 총리가 일본의 저출산 및 고령화가 
""급박한 위험""을 초래한다며 경고에...",2023. 1. 24.,BBC
https://www.medicaltimes.com/Main/News/NewsView.html?ID=1154578,초고령화 접어든 대한민국...멀티플레이어 가정의학과가 주목 ...,"[메디칼타임즈=이지현 기자] 가정의학과는 초고령화 시대, 만성질환 관리 강화 등 역할 확대가 예상되는 반면 내과 3년제 전환, 불안정한 
개원시장 등 위기에 직면해...",2023. 7. 15.,메디칼타임즈
https://kormedi.com/1601214/%EC%8B%9C%EA%B0%84-%EA%B1%B0%EC%8A%A4%EB%A5%B4%EB%8A%94-%EC%97%AD%EB%85%B8%ED%99%94-%EA%B3%A0%EB%A0%B9%ED%99%94-%EC%8B%9C%EB%8C%80-%EB%98%90-%EB%8B%A4%EB%A5%B8-%EB%8C%80%EC%95%88/,"시간 거스르는 '역노화'… ""고령화 시대 또 다른 대안""","시간 거스르는 '역노화'… “고령화 시대 또 다른 대안”. [리버스 에이징 시대가 온다 #1] 노화와 싸우는 사람들. 입력 
2023.07.11 11:10...",2023. 7. 11.,코메디닷컴
https://news.kbs.co.kr/news/view.do?ncd=5532254,[클로즈업 북한] 북한도 고령화…팍팍해진 노인 삶,"하지만 북한 역시 기대수명은 갈수록 늘고 출산율은 떨어지면서 고령화 사회를 넘어 이젠 고령사회 진입을 눈앞에 두고 있는데요. 북한당국도 
이에 대한 고민이 깊은...",2022. 8. 13.,KBS 뉴스
https://www.sedaily.com/NewsView/29O68NYSYV,"고령화·低생산성·투자위축 '3중 위기'…“세계 경제, 잃어버린 10년 온다' - 서울경제","고령화로 인한 생산가능인구 감소, 생산성 저하, 투자 위축이라는 세 가지 성장 저해 요인이 코로나19 및 우크라이나 전쟁이라는 악재를 
만나 극대화됐기 때문이다.",2023. 4. 4.,서울경제
http://www.monews.co.kr/news/articleView.html?idxno=322196,"재택 의료, 고령화 시대 패러다임 바꿀 수 있을까","우리나라보다 고령화가 한 발 더 빨랐던 일본에서는 1994년 왕진 진료 수가를 만든 뒤 재택의료 활성화에 박차를 가해왔다. 후생노동성의 
발표에 따르면 일본에서의 방문...",2023. 4. 17.,메디칼업저버
http://m.dailypharm.com/News/301311,[데일리팜] '고령화사회 방문약료 필요성 증가'…한·일 약사 '공감',"[데일리팜=김지은 기자] 일본에서는 고령화사회 속 재택의료 필요성이 강조되면서 약사, 지역 약국 역할이 확대되고 있는 것으로 확인됐다.",2023. 6. 16.,데일리팜
https://www.straightnews.co.kr/news/articleView.html?idxno=228961,"[2023 ST미래포럼] ""부동산, 저출산 고령화로 수익 감소·간접 ...","현재 가속화 중인 한국의 '저출산 고령화' 현상에 의해 미래의 국내 부동산 시장은 급격히 변화할 것으로 봅니다. 상업용 부동산 시장의 
수익성은 감소할 것이고...",2023. 4. 20.,스트레이트뉴스
https://www.voakorea.com/a/world_news-abc_population-ageing/6057900.html,[시사상식 ABC] '인구 고령화',"중국 정부가 인구 고령화에 대비하기 위해 점차 퇴직 연령을 올릴 예정인 것으로 전해졌습니다. 중국 정부는 오는 2025년까지 노인 
인구가 3억 명을 넘을 것으로 전망...",2021. 4. 15.,VOA 한국어
https://www.donga.com/news/Inter/article/all/20230519/119371616/1,"“고령화로 각국 신용강등… 韓, 2050년 최악 위기”","급격한 고령화로 세계 주요국의 국가 신용등급이 '투자 부적격(정크)'으로 떨어질 수 있다는 스탠더드앤드푸어스(S&P), 무디스, 피치 
등 세계 3대 신용평가사의 경고가...",2023. 5. 19.,동아일보
http://www.gnmaeil.com/news/articleView.html?idxno=515924,경남 고령화 가속도… 평균나이 45.4세,"경남 고령화에 가속도가 붙었다."" 교육， 경제， 문화의 수도권 집중현상이 불러온 심각한 지방소멸 징후가 날로 더하고 있다. 정부의 
다양한 국가균형발전 정책과는...",2023. 3. 29.,경남매일
https://www.jejunews.com/news/articleView.html?idxno=2190463,제주지역 인구 고령화 심화...생산가능인구↓ 고령인구↑,"지역별로는 서귀포시지역의 고령화 문제가 더 심각하다. 서귀포시의 65세 이상 고령인구 비중은 18.7%로 초고령사회(20% 이상) 
진입을 눈앞에 두고 있다. 제주시는...",2022. 3. 15.,제주일보
http://www.pharmnews.com/news/articleView.html?idxno=220533,"""AI 활용한 치매치료 기술, 고령화 시대에 가장 필요한 솔루션""","[팜뉴스=김응민 기자] 저출산과 노령 인구 증가로 우리나라가 '고령화 사회'에 빠르게 접어들면서 치매에 대한 관심이 높아지고 있다. 
문재인 전 대통령은 핵심 정책...",2023. 3. 23.,팜뉴스
https://www.m-i.kr/news/articleView.html?idxno=988038,무임승차 논란에 국민연금 개혁까지… 고령화에 '곳간'이 비어간다,"[매일일보 조성준 기자] 한국사회 고령화 문제가 심각해지면서 지하철 무임승차와 국민연금 수급 연령 논의가 본격화하고 있다. 노인 인구가 
향후 급격하게 늘게 되면...",2023. 2. 15.,매일일보
https://www.kyeonggi.com/article/20230621580233,인천 강화·옹진 고령화 가속… 인구유입 맞춤형 대책 시급,"시는 강화·옹진군의 초고령화와 본격적인 인구 감소는 도서·접경이다보니 군사시설 보호법, 문화재보호법 등 규제가 겹쳐 각종 개발 사업에서 
제한을 받기 때문으로...",2023. 6. 25.,경기일보
https://www.nocutnews.co.kr/news/5927405,고령화되는 노동시장…'맞춤형' 복지분야 취업 눈에 띄게 증가,"3월 고용동향에서도 노동시장 고령화 뚜렷 인구구조 변화에 고령층 노동수요 더해지며 복지분야 증가세 두드러져 대표적 복지 일자리 
요양보호사, 현업자 3분의 2가 60...",2023. 4. 14.,노컷뉴스
http://www.atlasnews.co.kr/news/articleView.html?idxno=6521,장애인도 고령화 추세…65세 이상 50% 넘어,"보건복지부가 4월 19일 발표한 2022년도 등록장애인 현황 통계에 따르면, 15개 장애유형 중 가장 많은 유형은 
지체장애(44.3%)이고, 다음으로 청각장애(16.0%), 시각장애(...",2023. 4. 19.,아틀라스뉴스
http://www.docdocdoc.co.kr/news/articleView.html?idxno=3008017,주요 필수과 고령화 ‘심각’…70대 이상 늘고 30대 이하 감소,"주요 필수과목 전문의 고령화가 심화되고 있다. 젊은 의사 유입이 줄면서 최근 10년간 40대 이하 연령대 전문의가 감소했다. 
더불어민주당 신현영 의원은 26일 보건...",2023. 08. 15.,청년의사
https://www.seoul.co.kr/news/newsView.php?id=20230529006002,"무디스 “한국 저출산·고령화, 성장 엔진 꺼트릴 것”","국제 신용평가사 무디스가 “한국이 직면한 저출산·고령화가 경제성장의 엔진을 멈추게 할 것”이라는 우려를 내놨다. 대책으로는 외국인 
노동자 이민 장려책을 제시했다...",2023. 5. 29.,서울신문
https://www.bbc.com/korean/international-64343692,중국은 인구 감소를 걱정해야 할까?,"인구 고령화는 전 세계 경제에 문제를 초래했다. 하지만 중국의 고령화는 중산층 전환이 이뤄지는 시점에 특히 가속화되는 중이라는 점에서 
더 우려된다.",2023. 1. 20.,BBC
https://www.labortoday.co.kr/news/articleView.html?idxno=208234,"쉰 살에 퇴직하는 한국, 외국 고령화 정책 차이는?","그러나 근무희망 나이는 73세로 격차가 크다. 우리나라뿐만 아니라 외국도 고령화에 따른 노동정책을 가다듬고 있다. 한국고용정보원은 5일 
고령자고용 정책 해외사례 연구...",2022. 4. 6.,매일노동뉴스
https://www.medifonews.com/news/article.html?no=163143,고령화 시대 정형외과의 당면 과제와 미래 발전방향은?,"한승범 위원장 “정형외과, 비급여 위주로 관심 몰려 걱정” 윤석준 교수 “학회, 근골격계 질환 관리 강화 역할 필요”. 근골격계 질환 
관리 등 고령화 사회에서 역할이...",2021. 10. 16.,메디포뉴스
https://www.jejunews.com/news/articleView.html?idxno=2199581,초고령화시대 축복인가 재앙인가,"우리나라의 노인인구 비율은 고령사회를 넘어 초고령화사회로 접어들고 있다. 2023년 국내 인구 5명 중 1명이 65세 이상 고령자에 
해당하는 초고령시대가 됐다.",2023. 1. 8.,제주일보
https://news.kbs.co.kr/news/view.do?ncd=5247595,[뉴스해설] '초고령화' 문턱의 대한민국…돌봄·일자리 해법 찾아야,"갈수록 아기 울음소리를 듣기 어려운 저출산 대한민국이 이제 고령화 사회를 넘어 65살 이상 인구가 전체의 20%가 넘는 초고령사회 
문턱에 성큼 다가섰습니다.",2021. 8. 3.,KBS 뉴스
http://m.ksmnews.co.kr/view.php?idx=402844,고령화 사회 문제 극복 시급하다,"통계청이 최근 '인구회복력 구축'을 주제로 저출산·고령화 국제심포지엄을 개최했다. 심포지엄은 '저출산·고령화 대응 사업'의 일환으로 
2017년부터 매년 열고 있다.",2022. 11. 20.,경상매일신문
http://www.docdocdoc.co.kr/news/articleView.html?idxno=3008308,고령화 시대 노인 건강…만성질환 늘고 노쇠 줄어,"고령화 시대 우리나라 노인 건강은 어떨까. 최근 10여년 사이 만성질환을 앓는 노인은 늘었지만 적절한 관리를 통해 건강한 노년을 보내는 
비율은 높아진 것으로...",2023. 08. 15.,청년의사
https://www.hani.co.kr/arti/economy/economy_general/1100428.html,한국인 선원 10년째 감소…60살 이상 43.8% '고령화 심화',"해수부, 2023년 선원통계연보 발간 ... 우리나라 취업선원 중 한국인 선원수가 10년째 감소하고 있는 것으로 나타났다. 60살 이상 
선원이 43.8%를 차지해 고령화도 심화하고...",2023. 7. 17.,한겨레
https://www.nongupin.co.kr/news/articleView.html?idxno=94113,농업인구 10년새 41.6% 감소…고령화도 심화 < 종합 < 뉴스 ...,"우리나라 농업인구가 급격히 감소하고 있고, 고령화도 더욱 심화하고 있는 것으로 나타났다. 통계청이 지난달 28일 발표한 '2020 
농림어업총조사'결과에 따르면...",2021. 10. 1.,농업인신문
https://www.doctorsnews.co.kr/news/articleView.html?idxno=142724,의협신문,"백약이 무효 '저출산·고령화 대책' 확 바뀌어야 (김계현 의료정책연구소 연구부장) ... 고령화 사회로 진입하면서 의료비는 계속 
올라가고 있으며, 일반적으로 의료비...",2022. 1. 3.,의협신문
https://www.donga.com/news/Economy/article/all/20230519/119385968/1,고령화가 경제까지 영향 미치자 정부는 이런 ‘묘수’까지 짜냈다[황재성의 황금알],"고령화가 경제까지 영향 미치자 정부는 이런 '묘수'까지 짜냈다[황재성의 황금알] · 1: 한국, 이대로라면 2750년에 사라진다 · 
2: 생활인구로 인구 소멸, 수도권 집중 해결",2023. 5. 20.,동아일보
https://www.seoul.co.kr/news/newsView.php?id=20200901500125,日야쿠자도 고령화…곤궁한 생활 입에 풀칠도 힘들어,"'야쿠자'로 통칭되는 일본 지정폭력단 조직원의 고령화가 계속되면서 곤궁한 생활에 빠지는 사람들이 늘어나고 있다고 아사히신문이 1일 
전했다. 전체의 절반이 50대 이상...",2020. 9. 1.,서울신문
https://www.asiae.co.kr/article/2023070310013094744,"""日서 '라지' 사이즈 피자 없어질 것""…고령화로 '소식좌' 급증","저출산과 고령화로 '먹는 입'과 '먹는 양'이 줄어들고 있기 때문이다. 식품 시장 규모가 급격히 위축될 것으로 예상되면서 기업들은 
'다품종 대량 생산'에서 소비자 개인의...",2023. 7. 3.,아시아경제
https://www.k-health.com/news/articleView.html?idxno=62421,“고령화시대 발맞춘 의료·요양·돌봄서비스 구축 시급”,"최종윤 의원은 '노인 의료·요양·돌봄체계의 현황과 제도 개선' 토론회를 개최한다고 밝혔다. 우리나라는 지난 2018년 '고령사회' 진입 
후 저출생·고령화가 빠르게 진행돼...",2022. 12. 5.,헬스경향
https://www.medicaltimes.com/Mobile/News/NewsView.html?ID=1151874,고령화 특화 전략으로 지역 거점 대학병원 위상 찾겠다,"유 병원장은 ""군산전북대병원은 고령화된 전북지역 노령 환자를 전문을 치료하는 병원을 만들어 지역에 특화된 지역 완결적 의료체계를 
구축하는데 목적을 두고 있다""...",2023. 2. 2.,메디칼타임즈
https://www.sedaily.com/NewsView/29LOO18UDM,[로터리] 저출산·고령화와 한국 경제 | 서울경제,"앞서 설명한 바와 같이 저출산·고령화는 GDP 성장률의 감소를 유발하고 이는 주식 수익률 저하로 이어질 것이다. 실질금리의 하락과 
결합되면 결국 국민연금 기금의 투자...",2023. 2. 9.,서울경제신문
http://www.snkpress.kr/news/articleView.html?idxno=1023,"저출산·고령화 추세 북한, 합계출산율 1.89명, 고령 인구율 10.6%","북한의 저출산·고령화 추세가 강화되고 있는 것으로 확인됐다. 미국 중앙정보국 CIA는 최근 개편한 '월드 팩트북'에 따르면 북한의 전체 
인구는 2607만 2217명으로...",2023. 3. 22.,남북경협뉴스
http://www.kookje.co.kr/news2011/asp/newsbody.asp?code=0300&key=20230831.22003009670,저출산·고령화·유출 '삼중고'…22년간 인구 12.6% 급감,"저출산·고령화·유출 '삼중고'…22년간 인구 12.6% 급감. 부산 인구절벽 심각. 안세희 기자 ahnsh@kookje.co.kr | 
2023.08.30 19:42.",2023. 08. 29.,국제신문
https://www.yna.co.kr/view/AKR20230424048000371,"'대한민국 미래 구하기'…반크, 저출산·고령화 대응 캠페인","(서울=연합뉴스) 왕길환 기자 = 사이버 외교 사절단 반크는 저출산과 고령화 문제에 대한 청년들의 인식을 높여나가기 위한 온라인 
캠페인...",2023. 4. 24.,연합뉴스
https://www.sedaily.com/NewsView/26DK5SMGAZ,고령화의 습격…작년 65세 이상 진료비 41조 - 서울경제,"급격한 고령화로 65세 이상 국민의 한 해 진료비가 41조 원을 넘어서는 등 눈덩이처럼 불어나 건강보험 재정을 위협하고 있다. 세계 
최고의 우리나라 고령화율(인구 중...",2022. 11. 9.,서울경제신문
https://www.yna.co.kr/view/AKR20200519115000504,"북한도 '고령화' 속 인구문제 관심…""노동인력 많아야 경제성장""","생산인구 부족 우려 속에 '다자녀 우대' 정책 줄줄이. (서울=연합뉴스) 김경윤 기자 = 남한뿐만 아니라 북한에서도 고령화와 생산인구 
감소가 사회적 문제로 대두하면서...",2020. 5. 20.,연합뉴스
https://www.seoul.co.kr/news/newsView.php?id=20210520031008,"[사설] 다가오는 초고령화사회, 노인빈곤 해결 시급하다","인구 5명 중 1명이 65세 이상인 초고령화사회에서 노인 복지를 개선하지 않고는 국민의 행복이 늘어날 수 없다. 2019년 기준 
국민연금 등 공적연금을 받고 있는 고령자는...",2021. 5. 19.,서울신문
https://news.unn.net/news/articleView.html?idxno=525478,저출산·고령화 가속화…대학의 빠른 평생교육체제 전환 필요한 ...,"이정표 한양여대 교수는 고등교육기관의 평생교육 강화 배경의 필요성으로 △저출산에 따른 입학자원 감소·고령화로 인한 고등교육 수요자의 
인구학적 변화 △고등평생...",2022. 3. 17.,한국대학신문
https://www.getnews.co.kr/news/articleView.html?idxno=607439,"“고령화 시대, 금융사들 다양한 '신탁 서비스' 개발 노력 강화해야”","“고령화 시대, 금융사들 다양한 '신탁 서비스' 개발 노력 강화해야”. 한국금융연구원 보고서 국내 신탁재산 규모 1239조…2010년 
대비 4배 이상 증가 “금전신탁·부동산신탁...",2022. 11. 26.,글로벌경제신문
https://www.hani.co.kr/arti/opinion/column/1060220.html,인구 고령화와 노동개혁 : 칼럼 : 사설.칼럼 : 뉴스,인구 고령화와 노동개혁. 등록 2022-09-26 18:51 수정 2022-09-27 02:38.,2022. 9. 26.,한겨레
https://www.hankyung.com/article/202211108853i,'매년 1경원 쓸 판'…저출산보다 훨씬 무서운 고령화 [정영효의 인사이드 재팬],"일본에 역전패 당한 한국 인구문제② 고령화는 국가재정 악화·인력난 원인 매년 예산의 1/3은 노인 사회보장비 예산부족에 허덕이는 日정부 
2040년 사회보장비 190조엔",2022. 11. 10.,한국경제
https://medigatenews.com/news/2723203040,MEDI:GATE NEWS : 일본 사례로 본 고령사회 대응 방향,"먼저, 이 연구위원은 한국도 2018년을 기점으로 고령사회에 진입한다고 진단했다. 전체 인구에서 65세 이상 고령자가 차지하는 비율인 
고령화율이 7% 이상이면 고령화사회(...",2018. 1. 5.,메디게이트 뉴스
https://www.medicaltimes.com/Main/News/NewsView.html?ID=1154451,고령화시대 방문진료 수요 급증 노인 환자 찾아가야죠,"[창간20주년 특별기획]메디칼타임즈-가정의학과의사회 공동기획(3편) 국내 방문진료 필요 환자 50만 명으로 추정…""10년 간 성장할 것""",2023. 7. 10.,메디칼타임즈
http://www.docdocdoc.co.kr/news/articleView.html?idxno=3007840,"제약바이오업계, 초고령화 사회 대비 ‘시니어 사업’ 진출","국내 제약‧바이오헬스 기업들이 노인 의료‧돌봄 서비스 등 이른바 '시니어 사업'에 속속 뛰어들고 있다. 초고령화 사회 진입에 대비하기 
위해서다.",2023. 08. 15.,청년의사
http://www.chemicalnews.co.kr/news/articleView.html?idxno=5712,"고령화시대 'AI 돌봄 서비스 확대'... 삼성·LG등 대기업, 로봇 시장 ...","세계적으로 고령화가 가속되면서 독거노인을 위한 케어로봇 시장이 활기를 띠고 있다. 통계청에 따르면 2050년에는 전체 가구의 절반이 
고령자 가구에 해당되고,...",2023. 6. 20.,케미컬뉴스
https://www.sedaily.com/NewsView/29KCD6LQOZ,"'고령화 문제, 공포 대신 실질 해법 마련을' - 서울경제","최근 설립된 고려대 고령사회연구원의 김태일(58·사진) 원장은 3일 서울 성북구 안암동 서울캠퍼스 정경대학에서 가진 서울경제와의 
인터뷰에서 “우리 사회가 고령화에...",2023. 1. 4.,서울경제
http://www.kgmaeil.net/news/articleView.html?idxno=406862,"정윤경 도의원, ‘초고령화 시대, 평생교육을 철학하다’ 토론회 개최 “지속가능한 평생학습 환경 마련” 강조","경기도의회 여성가족평생교육위원회 정윤경(더불어민주당, 군포1) 의원이 좌장을 맡은 '초고령화시대, 평생교육을 철학하다' 토론회가 8월 
24일(목) 오후 도의회...",2023. 08. 29.,경기매일
https://www.pwc.com/kr/ko/insights/insight-flash/demographic-structure.html,인구구조 변화가 한국사회에 주는 시사점,"고령화가 경제 및 사회에 미치는 영향. 1) 경제성장률 하락: 생산성 저하 & 부양비 증가. 일반적으로 출산율 하락과 인구 고령화에 
따른 생산가능인구...",2023. 4. 3.,PwC
http://www.pharmnews.com/news/articleView.html?idxno=210760,[칼럼] 고령화 사회에서 치과계에 필요한 변화,"그러나, 인구 분포상 그 수가 급격히 늘고 있는 고령층의 경우 구강 건강 결과와 치과 치료에 대한 계층간 접근성의 격차는 오히려 
커졌다. 따라서, 구강 보건에 대한...",2022. 9. 26.,팜뉴스
https://www.outsourcing.co.kr/news/articleView.html?idxno=96810,"[노동뉴스] 일하는 20대보다 많은 일하는 60대, 저출산·고령화 영향","[아웃소싱타임스 이윤희 기자] 고령화가 심화되면서 고령자들의 퇴직 시기는 점차 늦춰지는 가운데, 60대 취업자 수가 20대 청년층의 
취업자 수를 역전한 현상이 3년째...",2023. 6. 19.,아웃소싱타임스
http://www.hnews.kr/news/view.php?no=55685,매년 뇌졸중으로 1만4천명 사망...인구 고령화로 뇌졸중 사망자 ...,"매년 뇌졸중으로 1만4천명 사망...인구 고령화로 뇌졸중 사망자 문제 심각 ... 응급실 내원 뇌졸중 환자 120,584명 중 
△119구급차를 이용한 사람은 40.4% △골든타임인 증상...",2021. 2. 26.,현대건강신문
https://www.hankyung.com/economy/article/2022083119041,동남아도 늙어간다…외국인 근로자 데려올 곳까지 사라져,"줄어드는 인구, 소멸하는 한국 (8) 동남아 고령화 가속 한국 취업자격 얻어 체류하는 동남아 근로자 24만명 넘어 이들 없인 공장 멈출 
판인데 베트남 등 고령화 급속...",2022. 8. 31.,한국경제
https://news.kbs.co.kr/news/view.do?ncd=7699114,"한국은행 “급속한 고령화, 우리 경제 소득 불평등 30% 더 심화 ...","고령층일수록 같은 연령집단 내에서 소득불평등도가 대폭 확대된 데 따른 것으로, 향후 고령화 속도가 빨라질 경우 경제 전반의 소득 
양극화를 더 심화시킬 가능성이...",2023. 6. 14.,KBS 뉴스
https://www.wikileaks-kr.org/news/articleView.html?idxno=120839,[보험 인사이드] 보험도 '고령화 시대' 진입…'3040' 줄고 '5060 ...,“보험업의 고령화도 우려할만한 수준으로 올라섰다.” 최근 한 생명보험사 관계자와 생보업계의 성장성에 대해 이야기 나누던 중 나온 말이다.,2022. 1. 11.,위키리크스한국
https://www.hani.co.kr/arti/opinion/column/1049618.html,늦어도 너무 늦었다…한국은 어떻게 저출생의 덫에 빠졌나?,"우리 사회가 저출생 고령화란 인구위기 문제를 정부의 정책의제로 인식하며 대책에 나선 것은 결국 노무현 정부가 출범한 2003년께부터다. 
뒤늦게 대책 마련에 나선 정부는...",2022. 7. 4.,한겨레
http://m.joseilbo.com/news/view.htm?newsid=471874,"고령화 가속, '복지 재원' 감당 안될수도…""증세 필요하다""","고령화 따라 2060년 국가채무비율 144.8%로 치솟아 ""세입기반 확충 위해 부가·소득세율 인상 고려해야"" KDI, '코로나19 이후 
재정여력 확충을 위한 정책과제'.",2022. 11. 24.,1등 조세회계 경제신문
https://www.sedaily.com/NewsView/29S1DZ9HDM,"'굿바이 어린이집, 헬로 요양원'…한국 저출산·고령화에 놀란 CNN - 서울경제","미국 CNN 방송이 저출산과 고령화로 인해 어린이집은 줄어들고 노인시설은 늘어나는 한국 사회를 조명했다. 지난 4일(현지시간) CNN은 
'바이 어린이집, 헬로 요양원:...",2023. 7. 7.,서울경제
https://m.khan.co.kr/article/202202160300055,[국제칼럼]고령화 위기 맞은 '젊은 중동',"이란 역시 터키와 마찬가지로 인구 고령화, 저출산 문제를 최근 심각하게 인식하고 있다. 이란은 1979년 이란이슬람공화국 건국과 
이란·이라크 전쟁으로 인해 베이비붐...",2022. 2. 16.,경향신문
http://www.bosa.co.kr/news/articleView.html?idxno=2154113,인구 고령화 중국 '스마트의료' 산업 시장 잠재력 크다,"특히 중국 인구는 현재 고령화 단계로 접어들어 65세 이상 인구비율이 점차 증가하는 추세로 노인들의 의료건강 수요도 점차 늘어날 것으로 
예상되고 있는 가운데...",2021. 7. 6.,의학신문
https://www.bokjitimes.com/news/articleView.html?idxno=33158,초고령화 사회가 온다… 스타트업 새 먹거리 '실버산업',"한국사회의 초고령화 다가오는 가운데 실버산업 시장에 대한 관심도 높아지고 있다. 스타트업들이 시니어 친화 서비스도 강화하고 있다. 돌봄 
서비스부터 헬스케어,...",2022. 8. 26.,복지타임즈
https://www.sedaily.com/NewsView/29KMZ9SEQF,“세계서 가장 빠른 고령화”…정년연장 논의 시작 - 서울경제,"급격한 고령화로 인한 생산인구 감소 위기가 닥칠 상황에 대비하기 위해서다. 정부는 정년연장이 노사 대립이 심한 논쟁적인 이슈인만큼 
사회적 논의를 통해 국민적...",2023. 1. 27.,서울경제
https://www.metroseoul.co.kr/article/20221114500571,[인구 고령화에 변화하는 유통업] ①분유=유아식 공식 깨졌다 ...,"대한민국의 고령화 속도는 출산율 감소 속도와 마찬가지로 다른 나라에 비해 매우 빠르게 진행되고 있다. 1960년 당시, 전체 인구 중 
65세 이상 노인의 인구 비율이...",2022. 11. 14.,메트로신문
https://www.yna.co.kr/view/AKR20190609032600003,"""독박육아 없고 노인 일하는 스웨덴…초고령화에도 경제성장""","(서울=연합뉴스) 최윤정 기자 = 저출산과 고령화에도 경제성장을 끌어내는 스웨덴의 인구정책을 눈여겨 봐야 한다는 의견이 나왔다. 
전국경제인연합회는 10일 보도자료...",2019. 6. 10.,연합뉴스
http://monthly.chosun.com/client/news/viw.asp?ctcd=&nNewsNumb=202301100038,[이문원의 대중문화 속으로] 대중문화 속 저출산·고령화,"영화 〈칠드런 오브 맨〉. 12월 4일(현지시각) 결국 미국 CNN에서도 한국의 저출산·고령화 상황에 대해 대대적으로 다루는 특집기사를 
냈다.",2023. 1. 15.,월간조선
https://www.chosun.com/national/national_general/2023/07/05/VNXO3WZWZZCQXLJVAD7Q4OWEWI/,"“잘가 어린이집, 어서와 요양원” CNN도 우려한 한국 저출산·고령화","CNN은 한국을 두고 '세계에서 인구 고령화 속도가 가장 빠른 나라이자 출산율이 세계에서 가장 낮은 나라'라고 표현했다. 이에 따라 
보육 시설은 줄어드는 반면 노인복지...",2023. 7. 6.,조선일보
http://www.daejonilbo.com/news/articleView.html?idxno=2043501,청년은 줄고 노인은 늘고… 대전 고령화 '심각',"시 인구는 꾸준히 감소해 150만 명 선이 무너진 지는 한참 됐지만, 노인 인구는 매년 증가하는 추세다. 합계출산율마저 1명을 밑도는 
상황. 전국적으로도 저출산·고령화 등...",2023. 1. 12.,대전일보
https://m.hankookilbo.com/News/Read/A2023012716120002958,국민연금 2055년 고갈...저출산·고령화가 사망 시점 2년 앞당겼다,"저출산과 급속한 고령화로 인구구조가 변화하며 2018년 4차 계산 때보다 예상 소진 시점이 2년 빨라졌다. 보건복지부는 27일 
정부서울청사에서 제5차 국민연금 재정...",2023. 1. 27.,한국일보
https://www.newsfreezone.co.kr/news/articleView.html?idxno=90236,"한국 노동인구 고령화, 빠르게 늙어가는 대한민국","[뉴스프리존=손우진 기자] 최근 국제신용평가사인 무디스에 따르면 2030년대가 되면 노동인구 고령화에 낮은 경제성장률, 높은 정부부채가 
겹치면서 한국의 신용등급이...",2018. 12. 3.,뉴스프리존
https://www.sideview.co.kr/news/articleView.html?idxno=10595,"고령화되는 한국, 대책이 필요하다 < Disadvantaged < 기사본문","한국이 점점 고령화 사회로 접어들고 고령층이 근로시장에 뛰어드는 현상 또한 가중되는 가운데, 한국의 노인 상대적 빈곤율은 OECD 
1위를 차지하며 노인 근로 정책에...",2022. 10. 27.,사이드뷰
https://m.segye.com/view/20201103520911,노인 인구 급증에 병원비 ‘눈덩이’… 건강한 고령화로 줄여야 [연중기획-인구절벽 뛰어넘자],"고령화로 노인 인구가 많아지면, 아파 병원에 가는 사람도 늘어난다. 노인 의료비 증가에 대해 고민을 해야 하는 이유다. 개인은 물론, 
건강보험제도 아래에서 국가가...",2020. 11. 8.,세계일보
http://m.mdilbo.com/detail/AVkixT/699172,[청년칼럼] 노인을 위한 나라로 가는 길,"이는 초고령화가 되면서 발생하는 문제들이 있기 때문인데 다양한 사회적 문제가 생기겠지만 생산인구감소, 국민연금, 건강보험 등 
사회공적기금의 고갈 같은 문제가 특히...",2023. 7. 18.,무등일보
https://www.donga.com/news/Economy/article/all/20190618/96038847/1,고령화 빠르면 경제가 나빠질까요?,"Q. 우리나라의 고령화 속도가 매우 빠르다는 얘기를 들었어요. 고령화가 빠르게 진행되면 우리 경제에는 어떤 영향이 있나요? A. 
고령화란 노인인구 비중이 높아지는...",2019. 6. 18.,동아일보
https://www.akomnews.com/bbs/board.php?bo_table=news&wr_id=52803,초고령화 사회 해법···'스마트돌봄'으로 접근 > 뉴스,"김성원 의원은 개회사를 통해 “위기를 기회로, 초고령화 현상은 경제 활력 저해 요인이기도 하지만 우리나라의 IoT, AI 기술력과 
고령화 현상을 적절히 융합한다면...",2023. 4. 4.,한의신문
https://www.labortoday.co.kr/news/articleView.html?idxno=216078,“직무급 도입 목적은 고령화 대응” < 정부 < 정치ㆍ경제 < 기사본문,"노사발전재단이 중소기업 직무성과급 구축을 주제로 포럼을 열었다. 정부는 노동시장 이중구조 개선의 방안으로 직무성과급 중심의 임금체계 
개편을 꼽는다.",2023. 7. 7.,매일노동뉴스
https://theindigo.co.kr/archives/51634,"고령화·1인 가구 증가 영향, 빈곤율도 상승…’노후소득보장’ 절실","보사연, 이슈앤포커스(제440호)…장애시민 빈곤율 추이 밝혀 · 가처분소득 비장애인 70%…빈곤하지 않을 비율 15% 불과 · 빈곤, 
고령화·1인 가구·불안정 노동·낮은 국민연금...",2023. 09. 08.,더인디고
http://www.edunctn.com/mobile/article.html?no=17077,"바른사회시민회의, '초고령화 위기극복을 위한 한국의 의료정책 ...","바른사회시민회의는 오늘 오후2시(7월 15일) 프란프란치스코교육회관 430호(6F)에서 김영용 전남대 경제학과 명예교수 사회로 
“초고령화 위기극복을 위한 한국의 의료...",2022. 7. 13.,교육앤시민
https://news.kbs.co.kr/news/view.do?ncd=5613541,[같이경제] 대구·경북 고령화 극복 방안은?,"고령화가 심해지면 생산성은 낮아지는 반면 노년층에 대한 부양 부담은 커지면서 심각한 사회문제로 이어질 수도 있습니다. 대구, 경북에서는 
이 상황을 어떻게 타개하고...",2022. 11. 30.,KBS 뉴스
https://news.kbs.co.kr/news/view.do?ncd=5625772,"“북한, 남성 군복무 기간 7∼8년…저출산 고령화 추세”","북한에서도 저출산·고령화 추세가 나타나고 있습니다. 올해 북한 인구는 2595만 5138명으로 추산됐습니다. 지난해보다 12만 
3823명 늘어난 수치입니다. 이 가운데 65세...",2022. 12. 14.,KBS 뉴스
https://m.boannews.com/html/detail.html?idx=81155,"일본의 스마트시티, 고령화와 지방도시 문제 해결이 초점","더욱 심각한 것은 지방이 훨씬 빠른 속도로 고령화가 진행되고 있다는 점이다. 2045년 기준 지역별 고령화율이 가장 높은 아키타현은 
65세 이상 비율이 50.1%로 인구의...",2019. 7. 8.,보안뉴스
http://www.cknews.co.kr/news/articleView.html?idxno=23200,고령화 늦추는 것보다 노인에 대한 편견과 차별 없는 사회 만들어야,『기독교사상 8월호』 '특집 한국 사회의 노령화와 교회'. 전 세계에서 유례가 없을 정도로 가파른 고령화 속도는 더욱 심각한 문제다.,2023. 08. 15.,기독교한국신문
https://kgnews.co.kr/mobile/article.html?no=717448,"[전환의 시대, 사회적 경제] 스마트 헬스케어 시대에 저출산 ...","고령화 사회로 의료서비스 대상이 고령층으로 급변하고, 치료와 관리가 모두 필요한 만성질환(고혈압, 당뇨, 체중관리, 정신건강 등) 
환자가 크게 늘면서 첨단기술을...",2022. 9. 13.,경기신문
https://www.dementianews.co.kr/news/articleView.html?idxno=6132,"제약바이오산업 육성·지원 종합계획 발표, ""고령화 치매 포함""","치매·파킨슨 등 고령화에 따른 난치성 뇌신경계 질환의 극복을 위한 R&D 지원을 강화하고, 근골격계 질환 등 우선순위가 높은 질환에 
대한 연구 투자를 확대할 예정이라느...",2023. 3. 27.,디멘시아뉴스(DementiaNews)
https://www.donga.com/news/Inter/article/all/20221212/116952792/1,"“한국 저출산-고령화로 2075년 경제 규모, 필리핀보다 작아질것”","한국이 고령화로 인해 2060년대부터 경제 규모가 후퇴해 2075년 필리핀과 말레이시아, 방글라데시 등 아시아 국가들에 뒤처질 것이라고 
미국의 글로벌 투자은행(IB)...",2022. 12. 12.,동아일보
https://www.akomnews.com/bbs/board.php?bo_table=news&wr_id=53520,산모 고령화 시대…40대 산모 늘고 20·30대 산모 줄어 > 뉴스,"30대에서는 71.4%에서 76%로 절대 분만 건수는 감소했지만 비율은 오히려 4.6%p 증가했으며, 40대는 3.2%에서 8.0%로 
4.8%p 증가하며 뚜렷한 출산의 고령화 경향을...",2023. 5. 31.,한의신문
https://weekly.donga.com/List/3/all/11/4057228/1,"프랑스보다 심각한 한국 저출산-고령화, 연금개혁 남의 일 아니다","2025년 초고령사회 진입하는 한국. 마크롱 대통령이 연금개혁을 강행한 배경에는 저출산-고령화가 있다. 기존대로 가면 연금 재정적자를 
감당하기 어렵기 때문이다...",2023. 4. 5.,주간동아
https://www.engdaily.com/news/articleView.html?idxno=15936,"저출산-고령화 최고조 한국, 이대로면 동남아에 GDP 역전 ...","(엔지니어링데일리)조항일 기자=전세계적으로 유래를 찾아보기 어려운 저출산과 인구고령화 가속화를 겪고 있는 한국의 GDP가 향후 
동남아국가에 역전을 허용하고...",2023. 2. 7.,엔지니어링데일리
https://www.yna.co.kr/view/AKR20230307086200002,"한은총재 ""부동산 대마불사, 고령화 등에 다시 생각해봐야""","(서울=연합뉴스) 신호경 기자 = 이창용 한국은행 총재는 7일 ""부동산 대마불사, 부동산 투자는 꼭 성공한다는 생각이 잡혀있는데, 
고령화 등을 고려할 이 과거...",2023. 3. 7.,연합뉴스
https://www.medicaltimes.com/Mobile/News/NewsView.html?ID=1150513,초고령화 지속가능한 의료는? 정부-의·병협 동상이몽,"[메디칼타임즈=이창진 기자] 초고령사회와 건강보험 지속 가능성에 대비한 보건의료 모형을 놓고 의사협회와 병원협회, 소비자단체 및 정부 
산하기관의 생각은 모두 달랐다...",2022. 11. 12.,메디칼타임즈
https://news.koreadaily.com/2023/08/14/economy/economygeneral/20230814130055469.html,"""초고령화가 재앙? 아주 좋은 기회"" 美 미래학자의 반전 주장","두 나라 모두 저출산 고령화 문제를 겪는데 전쟁을 하다니요. 초고령화 시대에 그가 보는 희망은 무엇일까요? 브래들리 셔먼. 
저출산·고령화...",2023. 08. 15.,미주중앙일보
http://m.dailypharm.com/newsView.html?ID=295923,[데일리팜] 고령화 속 증가하는 심혈관질환…치료·예방 어떻게?,"김명현 청주하나병원 심혈관센터장은 최근 데일리팜과 인터뷰에서 ""고령화 진행이 빨라지면서 여러가지 혈관질환을 동반하는 환자들도 늘어나고 
있다는 걸 체감한다""며...",2023. 1. 11.,데일리팜
https://www.hankyung.com/article/202306200585i,한국기업이 고령화에 대비하는 방법,"한경 CHO Insight MERCER와 함께하는 'HR 스토리'. 한국기업이 고령화에 대비하는 방법. 43.8세. 2022년 
고용노동부에서 발표한 국내 임금근로자의 평균연령이다.",2023. 6. 20.,한국경제
http://www.doctorstimes.com/news/articleView.html?idxno=206855,저출산·고령화시대 의료계 역할은?,"우리나라는 65세 인구가 13.8%가 되어 빠른 속도로 초고령화 사회로 달려 가고 있다. 이런 현실에서 의료계는 급증하는 노인 환자를 
적절하게 관리하는 시스템을 마련...",2019. 3. 11.,의사신문
https://www.ohmynews.com/NWS_Web/View/at_pg.aspx?CNTN_CD=A0002907149,"""저출산+고령화가 만들 공포스토리... 젊은세대 못 버틸 것""","고령화를 측정할 때 전체 인구 중에서 '65세 이상 인구의 비율'을 봐요. 우리나라는 65세로 편입되는 베이비붐 세대의 고령화 속도가 
전 세계에서 가장 빨라요.",2023. 3. 6.,오마이뉴스
https://www.m-i.kr/news/articleView.html?idxno=1047594,"[기획] '고령화와 저출산'…유통街, 매출 축소 불가피 '사업다각화 ...","매일일보 = 김민주 기자 | '인구절벽' 최대 난제에 봉착한 유통업계가 사업다각화에 사활을 걸고 있다. 한국은 국내 65세 이상 인구가 
20%에 달하는 초고령화 사회...",2023. 09. 10.,매일일보
https://www.jejunews.com/news/articleView.html?idxno=2203796,고령화 사회의 그늘…'노인 범죄' 증가,"행정안전부 주민등록 인구현황을 보면 지난달 기준 제주 인구는 67만7057명으로 이중 65세 이상 고령 인구는 11만7854명으로 전체 
17.4%를 차지하고 있다. 고령화가 가속...",2023. 6. 27.,제주일보
https://www.jejunews.com/news/articleView.html?idxno=2194257,"제주해녀문화, 고령화로 명맥 끊긴다니","고령화 등으로 제주해녀문화의 명맥이 끊길 위기에 놓였다고 한다. 제주도에 따르면 지난해 말 도내 현직 해녀는 3437명으로 파악됐다. 
전년 3613명에 비해 1년 새 176...",2022. 7. 5.,제주일보
https://www.kyeonggi.com/article/20230430580087,"경기도, 내년 ‘인구인지예산’ 편성…저출생·고령화 대응 나선다","경기도가 전국 지방자치단체 가운데 최초로 저출생·고령화 문제에 대응하기 위한 '인구인지예산'을 편성한다. 30일 경기도에 따르면 도는 
내년도 본예산부터 '인구인지...",2023. 4. 30.,경기일보
https://www.yna.co.kr/view/AKR20190902080800002,"한국, 2045년에 노인비중 세계 최고…""가장 빠르게 고령화""","2017년 고령사회에 들어선 한국은 고령화가 전 세계에서 가장 빠른 속도로 이뤄져 약 50년 후인 2067년에는 65세 이상 인구 
비중이 유례를 찾아볼 수 없는 47%까지...",2019. 9. 2.,연합뉴스
https://www.healthinnews.co.kr/news/articleView.html?idxno=40272,"고령화에 환자 늘어나는 '변실금', 치료환경은 '엉망'","고령화로 인해 변실금 및 장루 환자들이 늘어나고 있다. 질환의 특성 상 이들이 겪는 일상의 불편과 고통은 매우 크지만, 사회적 
인식부족으로 환자들은 자신의 병에...",2023. 09. 05.,헬스인뉴스
https://mobile.newsis.com/view.html?ar_id=NISX20220617_0001911709,"서울 거주 외국인 '고령화' 시작됐다…36%가 ""50살 이상""","고령화로 발생할 수 있는 의료비나 생계 문제에 대한 정책적 대비가 필요하다는 지적이다. 18일 서울연구원은 '서울시, 외국인주민 
정책수요별 지원방향을 세워야'라는...",2022. 6. 18.,뉴시스
https://www.hkn24.com/news/articleView.html?idxno=327030,고령화 물결속에 항노화 산업 쭉쭉 자란다,"[헬스코리아뉴스 / 임도이] 인구 고령화 현상이 가속화되고 소득이 증가하면서 건강한 삶에 대한 욕구도 갈수록 높아지고 있다. 전 세계 
항노화산업이 지속적으로 성장...",2022. 6. 7.,헬스코리아뉴스
https://sgsg.hankyung.com/article/2023021745321,생글기자 코너 해결보다 적응 필요한 저출산·고령화 사회 | 생글 ...,"저출산·고령화가 해를 거듭할수록 심각해지고 있다. 우리나라의 합계출산율은 2018년 0.98명을 기록해 경제협력개발기구(OECD) 
회원국 중 처음으로 1명 아래로 내려...",2023. 2. 20.,생글생글
http://www.mdon.co.kr/news/article.html?no=15831,"고령화 사회 가장 무서운 병, 치매","보건복지부는 고령화사회로 접어들며 치매환자의 수가 기하급수적으로 늘어, 2024년에는 100만 명, 2041년에는 200만 명이 넘을 
것으로 추산하고 있다.",2018. 2. 2.,eMD Medical News
https://economist.co.kr/article/view/ecn202203050045,수명 길어질수록 허리띠 졸라맨다…고령화로 가계소비 18 ...,"인구 고령화로 인해 1995년부터 20여년 간 가계소비가 18% 줄어들었다는 분석이다. 한국은행의 '조사통계월보'에 따르면 연령별 
사망확률이 하락(기대수명의 증가)함에...",2022. 3. 5.,이코노미스트
http://www.docdocdoc.co.kr/news/articleView.html?idxno=3009365,‘고령화’로 무릎관절증 환자 증가…10명 중 8명 60대 이상,"국민건강보험 일산병원 정형외과 박상훈 교수는 무릎관절증 여성 환자가 많은 이유에 대해 “퇴행성 무릎 관절염의 경우 근력이 약한 여성이 
남성에 비해 관절염이 쉽게...",2023. 09. 07.,청년의사
https://www.shinailbo.co.kr/news/articleView.html?idxno=1754466,저출산·고령화 심화…6월 인구 역대 최대폭 감소,"저출산에 고령화까지 심화한 결과다. 4일 통계청 국가통계포털(KOSIS)에 따르면, 올해 6월 인구 자연 증감분(출생아 수...",2023. 09. 05.,신아일보
https://www.newscj.com/news/articleView.html?idxno=3060436,[고령화 시대②] 독거노인 10명 중 7명 ‘빈곤’… 쪽방으로 내몰리는 노인들,"고령화 시대를 넘어 '초고령화 시대'를 향하고 있다. 전체 인구 중 노인 인구는 18%를 넘어 20%에 달할 전망이다. 평균 수명이 
늘어나는 동시에 출산율이 감소하고...",2023. 09. 07.,천지일보
https://www.dailysportshankook.co.kr/news/articleView.html?idxno=311294,초고령화사회에서 노인의 일자리,초고령화사회에서 노인의 일자리. 독자권익위원 칼럼; 입력 2023.09.07 10:07.,2023. 09. 07.,데일리스포츠한국
http://www.kbmaeil.com/news/articleView.html?idxno=968579,"초고령사회, 위기일까 기회일까","고령화는 저출산과 맞물리면서 전반적인 인구구조의 변화를 초래하면서, 지역에는 급격한 인구감소를 빚어내 지역소멸의 위기감마저 가지게 
한다. 인구위기는 남북한을...",2023. 09. 06.,경북매일
https://www.hankyung.com/article/2023082038821,"고령화에 불붙는 정년연장론…""청년층 밥그릇 뺏기"" 지적도","정부가 올해 초 '4차 고령자 고용촉진 기본계획(2023~2027년)'을 수립하고 초고령사회에 대비한 계속고용 문제를 경사노위에서 
다뤄달라고 요청한 데 따른 것이다. 고령화...",2023. 08. 22.,한국경제
https://www.hankyung.com/article/2023082038821,"고령화에 불붙는 정년연장론…""청년층 밥그릇 뺏기"" 지적도","정부가 올해 초 '4차 고령자 고용촉진 기본계획(2023~2027년)'을 수립하고 초고령사회에 대비한 계속고용 문제를 경사노위에서 
다뤄달라고 요청한 데 따른 것이다. 고령화...",2023. 08. 22.,한국경제
https://m.hankookilbo.com/News/Read/A2023091111390001856,고령화로 국민연금 지급 '껑충'... 저출산에 아동수당 '뚝',"국민연금·노인연금 지급액 확대가 고령화의 단면을 보여 준다면, 저출산의 민낯을 드러내는 예산 사업도 있다. 0~7세 가구에 월 10만 
원씩 지급하는 아동수당 예산은 내년...",2023. 09. 11.,한국일보
https://m.ilyo.co.kr/?ac=article_view&entry_id=458478,공화당 상원 1인자 '30초 멍'…미국 정치인 고령화 논란 재점화,"[일요신문] 얼마 전 미국 공화당 상원 1인자인 미치 매코널 상원 원내대표(81)가 30초간 얼음 상태에 빠져있는 모습이 포착되면서 
정치인들의 고령화 문제가 다시 도마...",2023. 09. 05.,일요신문
https://news.koreadaily.com/2023/09/10/life/health/20230910080442421.html,"[건강한 가족] 고령화 시대 무서운 복병, 치매 위험 줄이려면 혈관 ...","문제는 인구 고령화로 국내 치매 환자 수가 꾸준히 늘어난다는 점이다. 보건복지부에 따르면 60세 이상 치매 환자 수는 2019년 82만 
명, 2020년 86만 명,...",2023. 09. 11.,미주중앙일보
https://mobile.newsis.com/view.html?ar_id=NISX20230909_0002444069,"""고령화 시대, 건강하게""...경기대평생교육원 '치매예방지도자과정'","봉사자와 중년 취업자를 양성하는 것이다. 대학과 대학원에서 미술을 전공한 김향임 전담교수는 ""고령화 사회에 따라 노인과 치매에 대한 
관심이 매우 높아지고 있다.",2023. 09. 09.,뉴시스
https://www.fnnews.com/news/202309071600534530,"일본, 생산설비도 '고령화'…, G7 중 두 번째로 노후","[서울=뉴시스] 박준호 기자 = 일본 기업들이 거품(버블)경제 붕괴 이후 빚을 줄이려는 움직임이 확산되면서 생산설비와 소프트웨어 등의 
'고령화'가 진행되고 있다고...",2023. 09. 07.,파이낸셜뉴스
http://news.heraldcorp.com/view.php?ud=20230905000447,"농촌 고령화가 만든 풍경…순천시, 항공 드론방제 돌입","시는 방제 시기를 놓칠 경우 벼 수확량 감소와 미질 저하로 이어질 수 있어 관내 1645ha의 농지를 대상으로 긴급 방제를 실시하는데 
농촌 고령화 영향도 드론방제를...",2023. 09. 05.,헤럴드경제
https://www.womennews.co.kr/news/articleView.html?idxno=240237,길 잃은 '치매환자' 실종신고 연평균 1만2797건…매년 100여명 ...,"최근 고령화가 심화되는 가운데 치매환자 또한 지속적으로 증가하고 있어 길 잃은 치매환자들을 보호할 수 있는 안전망 강화 필요성이 
제기되고 있다.",2023. 09. 10.,여성신문
https://www.kyeonggi.com/article/20230911580275,[기고] 한국 치유농업 선두주자 경기도,"현재 우리 사회는 고령화에 따른 노령인구 증가가 국가적으로 부담이 되고 있다. 통계 수치상으로도 경기도 65세 고령화 인구는 지속적으로 
증가해 2021년 187만명에서...",2023. 09. 11.,경기일보
http://www.dynews.co.kr/news/articleView.html?idxno=720616,"오늘의 주장/충북대·한국교통대 통합, 밥그릇 싸움이 아니다","저출산은 저출산대로, 고령화는 고령화대로 정부가 대책을 서둘러 수립하고 있다는 말이다. 대학 신입생 부족 사태도 곧 닥쳐올 상황이다. 
미래세대인 우리 자녀들에게...",2023. 09. 12.,동양일보
https://www.mk.co.kr/news/economy/10824105,한국 경제 발목 잡는 ‘이 나라’…IMF “내년부터 본격 영향”,"주택시장 안정화가 목적인 부동산 규제 완화나 세금 감면 등 조치는 도덕적 해이 우려를 감안해 한시적으로만 시행돼야 한다는 것이 IMF의 
설명이다. 고령화와 기후 변화에...",2023. 09. 07.,매일경제
https://www.hankyung.com/article/2023090430261,연금 그해 걷어 그해 주려면 소득 30% 내야,"막오른 국민연금 개혁 (3) 개혁 못하고 고갈되면 2078년엔 35%까지 치솟아 재정계산위 ""불가능한 방안"" 심각한 저출산·고령화에 
국가가 지급하는 것도 한계.",2023. 09. 05.,한국경제
https://www.hani.co.kr/arti/society/rights/1107913.html,"[단독] 정부, 농어촌 5년 근무 외국인 요양보호사에 첫 '영주권' 추진","정부가 고령화와 인구절벽에 맞닥뜨린 지역에서 일정 기간 요양보호사로 일한 이주노동자한테 영주권을 주는 방안을 추진한다. 요양보호사를 
구하기 어려워 돌봄...",2023. 09. 11.,한겨레
https://www.hkn24.com/news/articleView.html?idxno=334269,셀트리온 서정진 회장 “내년 영업이익 1조 6000억 달할 것”,"“인류 고령화 대응, 헬스케어 사업 및 펀드 조성에도 적극 나설 것” ... 서정진 회장은 인류 고령화 문제 해결에 기여할 수 있는 
'헬스케어 펀드' 조성과 '원격진료'...",2023. 09. 12.,헬스코리아뉴스
https://www.seoul.co.kr/news/newsView.php?id=20230908026001,[열린세상] 농촌 소멸 위기에 범부처적 대응 절실한 때/임정빈 서울대 농경제사회학부 교수·그린바이오과학기술연구원장,"고령화 농촌 인구 20년간 40%나 줄어 농촌경제 무너지면 지역 소멸의 악순환 도농 간 소득·삶의질 격차 줄여야 선진국. 임정빈 서울대 
농경제사회학부 교수·그린바이오...",2023. 09. 08.,서울신문
http://www.dhns.co.kr/news/articleView.html?idxno=314855,"소병철 의원, 정부에 노인 일자리 대폭 확충 촉구, 복지부 차관 ...","고령화 시대를 맞아 노인 일자리를 적극적으로 확충할 필요가 있다.”고 강조했다. 이에 대해 이기일 보건복지부 제1차관은 노인 일자리 
확충 필요성에 대한 소의원의 지적...",2023. 09. 12.,대한뉴스
http://www.dailydgnews.com/news/article.html?no=164993,저출생 극복 및 지방소멸대응 아이디어 주세요!,"이번 공모전은 저출생 및 고령화 극복방안 등 상주시 인구정책과 관련된 모든 분야를 주제로 한 인구정책 공모와 인구감소의 심각성을 알리고 
인구증가를 독려할 수...",2023. 09. 12.,데일리대구경북뉴스
https://www.sedaily.com/NewsView/29UMPIE4XT,중소기업 M&A 활성화·스팩 통한 상장도 확대 - 서울경제,"CEO 고령화 추세·상속세 부담에. 가업승계 어려움 겪는 기업 늘어. '기업금융' SME솔루션 부문 신설. 인수합병 컨설팅·신사업 등 
지원. NH·삼성증권도 관련펀드 공들여.",2023. 09. 10.,서울경제신문
https://news.kbs.co.kr/news/view.do?ncd=7769767,"아픈 독일 경제, 우리와 똑 닮았다…수출 돌파구는? [주말엔]","독일과 같이 우리나라도 제조업 비중과 중국 의존도가 높고 인구 고령화에 따른 노동시장 변화가 크다는 점에서 최근 부진한 독일 경제 
상황이 우리에게 시사하는 바가...",2023. 09. 10.,KBS 뉴스
https://www.intn.co.kr/news/articleView.html?idxno=2030765,보장성보험료 세액공제 납입한도 연 100만원→ 200만원으로 상향,"우리나라는 빠르게 진행되고 있는 고령화로 인해 노후 의료비가 증가하는 추세이며 노인빈곤율이 OECD 국가 중에서 가장 높은 
수준(2019년 기준 43.2%)이다.",2023. 09. 05.,日刊 NTN(일간NTN)
https://it.chosun.com/site/data/html_dir/2023/09/11/2023091101872.html,[디지털헬스케어 포럼] 의료 AI 전성시대 개막…의사와 협업해 ...,"고령화 시대에 접어들며 진단 의료 산업이 확대되고 있는 가운데 의료진과 인공지능(AI)이 협업해 환자 진단율을 높이는 기술이 각광받고 
있다.",2023. 09. 12.,IT 조선
https://www.gjdream.com/news/articleView.html?idxno=633283,'치매 사각지대 해소' 나주시 3개년 치매전수조사 순항,"전라남도 나주시가 초고령화 사회에 대응해 주민의 선제적인 치매 예방을 위한 치매전수조사에 박차를 가하고 있다. 12일 나주시보건소 
치매안심센터에 따르면 '나주형...",2023. 09. 12.,광주드림
http://www.gheadline.co.kr/news/article.html?no=294097,"경기도의회 서성란 부위원장, '외국인 간병인 비자 신설 및 ...","2025년 초고령화사회 간병대란! 한 개인과 가정의 불행이 아닌 외국인 간병인 제도화를 통한 정부와 국회의 역할 촉구! 
[경기헤드라인=문수철 기자] 경기도의회 여성...",2023. 09. 12.,경기헤드라인
https://www.breaknews.com/986371,"[브레이크뉴스] 이상림 박사 ""지방 위기, 저출산보단 인구 이동 ...","다만 그는 “고령화 수준은 낮지만 문제는 속도다. 우리나라는 고령화 사회로 가는 속도가 너무 빠르다”고 말했다. 그는 “밖으로의 
(청년)유출에 있어 지방 정책은 (...",2023. 09. 07.,브레이크뉴스
https://www.edaily.co.kr/news/read?newsId=01154566635739464&mediaCodeNo=257,"""뉴질랜드서 '나이듦' 걱정? 없어요""…정부 향한 '신뢰'","국민 49% ""정부가 고령화 잘 대비할 것"" 누구나 받는 '연금'…세금 재원이 비결 시설, 복지단체 후한 지원…""사립도 상관無"". 
[오클랜드·퀸스타운(뉴질랜드)=이데일리...",2023. 09. 12.,이데일리
https://m.khan.co.kr/newsletter/cube/article/202309080701061,[점선면] [Lite] 🪑 잠깐 앉았다가 갈까?,☑️ 칸막이 벤치 제거를 주도한 히라쓰카시의원은 고령화 추세 속에 약자의 처지에 공감하는 사람들이 늘었다고 본다.,2023. 09. 08.,경향신문
http://www.kbmaeil.com/news/articleView.html?idxno=968968,"송라면 방석리, 도내 유일 '해수부 우수어촌계' 선정","11일 포항시에 따르면 어족자원 감소와 고령화 등으로 소멸해 가는 어촌계에 활력을 불어넣기 위해 해양수산부에서 지난 5월부터 전국의 
2천44개 어촌계를 대상으로...",2023. 09. 11.,경북매일
http://www.ilemonde.com/news/articleView.html?idxno=17623,[임정식의 시네마 크리티크] 노인 소재 다큐멘터리의 환상적 ...,"한국 사회가 고령화 시대에 진입하면서 나타난 현상이다. 노인영화의 개념이 모호하고 스펙트럼도 매우 넓지만, 일단 노인들이 주인공으로 
등장하는 작품이 많아진 것만은...",2023. 09. 05.,르몽드디플로마티크
http://committee.co.kr/50690,[한국인권신문] 연극 '막차 탄 동기동창' 21·22일 공연 …배우 ...,"고령화된 현대사회는 모든 것들을 분화시키며 고립시킨다. 생명공학의 발전으로 인간의 수명은 해마다 연장되고 있고, 조만간 백세시대를 
맞이하게 되지만 길어진 수명...",2023. 09. 11.,한국인권신문
https://www.thelec.kr/news/articleView.html?idxno=23001,"기아 ""캠핑카, 휠체어 탑승 가능 차량 개발 중""","교통약자를 위한 휠체어 탑승 가능 차량은 당장 B2B와 B2C 시장이 없지만 특장차 도입 확대와 고령화 등으로 수요가 늘어날 것이라고 
기아는 전망했다.",2023. 09. 12.,디일렉
https://m.khan.co.kr/article/202309061617001,[알쓸연금⑩]퇴직연금도 국민연금처럼 다달이 받는다면?,"윤석열 정부의 국정과제이기도 한 연금개혁의 목표는 저출생·고령화 시대에 공적연금의 지속가능성을 확보하는 것이다. 오는 10월까지 국회 
연금개혁특별위원회는 연금...",2023. 09. 06.,경향신문
https://www.kyeonggi.com/article/20230912580232,청년 나이 39세 상향 조례개정안 경기도의회 상임위 통과,"반면 나머지 16개 시‧도는 각 지자체 조례안에 청년의 나이 정의를 18·19세에서 최대 45세로 적시했다. 이 중 인구 유출과 
고령화의 고민거리를 안은 전남도는 지난 4월...",2023. 09. 12.,경기일보
https://www.newscj.com/news/articleView.html?idxno=3062444,[아침논단] 인구감소로 인한 국가 위기,"고령화에 대한 대책이 미흡한 상황에서 노년층의 빈곤화는 심각한 사회문제를 유발한다. 저출산과 고령화로 인한 생산가능인구의 감소는 
경제성장의 둔화와 노인 부양 부담...",2023. 09. 11.,천지일보
https://mbnmoney.mbn.co.kr/news/view?news_no=MM1005036886,"탈모인 1000만시대…국내 제약 기업, 탈모 치료제 개발","인구 고령화가 심화되면서 최근 탈모 환자 수가 천만 명에 육박하고 있는데요. 탈모 치료에 대한 관심도 급증하면서 국내 기업들이 앞다퉈 
치료제 개발에 도전장을...",2023. 09. 12.,매일경제TV
http://www.chunsa.kr/news/articleView.html?idxno=56239,[사회적경제] 폐자재 재활용으로 일자리 창출까지 일거양득,"건축 현장을 지탱하는 고령화의 현실적인 문제를 젊은 사람들의 일자리로 연결하는 다리 역할이 필요했다. 지역에서 20년간 건축업에 
종사하면서 건설·건축분야에서 시공...",2023. 09. 12.,춘천사람들
https://go.seoul.co.kr/news/newsView.php?id=20230912500076,"박환희 서울시의원 “서울시 건전재정 노력, 의회 조례 제정 통한 제도적 뒷받침 필요”","저출생·고령화 따른 세출 증가, 경기 침체로 인한 세입 감소 상황 “서울시-자치구 건전재정 공동 활동에 의회도 협력해야 제도적 안정성 
보장”",2023. 09. 12.,서울Pn
https://www.upinews.kr/newsView/1065587108679743,"무안군의회, 라오스 고용노동부 방문 계절근로자 MOU체결 의견 교환","이번 방문은 농촌고령화와 농촌일손부족에 따라 부족한 농작업 인력 부족 문제를 해소하기 위해 추진하고 있는 외국인 계절근로자 지원사업과 
관련해 라오스 폰홍시장...",2023. 09. 11.,UPI뉴스
http://www.jnewstimes.com/news/article.html?no=348292,"인천시의회 교육위, 글로벌시대에 맞는 인천교육 발전 위한 국외 ...","저출산, 고령화 및 신도심 개발로 인한 학교시설복합화 및 폐교활용 등 다양한 교육 모델 개발 목적. 교육위 국외연수. △ 교육위 
국외연수.",2023. 09. 12.,중앙뉴스타임스
https://www.econovill.com/news/articleView.html?idxno=625622,“보험사 해외진출 확대하려면 자금조달 규제 완화해야”,"국내 보험 시장이 인구 고령화, 시장 포화 등으로 어려움을 겪고 있다. 이에 국내 보험사들이 해외 진출에 나서고 있는 가운데, 이를 
더욱 활성화시키기 위해서는...",2023. 09. 11.,이코노믹리뷰
https://m.khan.co.kr/article/202309071200001,300인 이상 기업 ‘기간제 비정규직’ 1.2%포인트 늘었다,"노동부는 기간제 비중 증가에 대해 “저출생·고령화에 따라 기간제 노동자 비중이 높은 보건복지업 노동자가 지속적으로 증가한 영향이 큰 
것으로 보인다”고 설명했다.",2023. 09. 07.,경향신문
https://pharm.edaily.co.kr/news/read?newsId=01931926635739464,"테라젠바이오, 테라젠헬스 물적분할...디지털헬스케어 서비스 ...","향후 '지속해서 예측과 예방' 생태계 강화를 위한 R&D에 투자하며 국가차원의 초고령화 이슈 해결에 적극적으로 기여하기 위해서, 
의료기관 및 헬스케어 기관들과...",2023. 09. 12.,팜이데일리
https://www.thescoop.co.kr/news/articleView.html?idxno=58613,[행복한 복지] “더 내고 덜 받자?” 적립식 연금의 사실상 종언,"같이탐구생활 행복한 복지➈ 국민연금을 향한 질문 5편 적립금 없어지면 부과식 전환 정부의 빠른 전환 준비가 관건 급격한 보험료 인상 
필요 없어 고령화 오해가 불신만...",2023. 08. 15.,더스쿠프
https://www.k-health.com/news/articleView.html?idxno=67119,가팔라만 가는 인구절벽…일·가정생활 균형 고루 잡으려면?,"저출산·고령화현상이 심화되며 올해 2분기 합계출산율(가임여성 1명이 평생 낳을 것으로 예상되는 평균 출생아 수)이 사상 최저치를 기록한 
것.",2023. 09. 11.,헬스경향
http://www.monthlypeople.com/news/articleView.html?idxno=655941,상주아카이브 대국민 서비스 개시,"농촌인구 고령화와 지방소멸은 지역에서 큰 사회문제이다. 이러한 문제를 해결하기 위한 고민으로 시작된 마을이야기 콘텐츠는 우리들의 
고향마을의 과거와 현재의...",2023. 09. 12.,월간인물
https://www.idaegu.com/newsView/idg202309110128,건강인…옴 진드기 감염과 치료,"계명대 동산병원 김성애 교수 1960~1970년대 유행했던 '옴'이 고령화 및 노인 인구의 증가 영향으로 재유행 조짐을 보이고 있다. 
요양병원 같은 집단 요양시설에서의...",2023. 09. 12.,대구일보
https://www.kyeonggi.com/article/20230904580340,[사설] 외국인 임금체불 1천건... ‘어글리 코리안’ 경계해야,"저출생, 고령화의 심화로 내국인만으로는 경제성장이 사실상 불가능하다. 정부는 최근 외국인 근로자의 공급을 크게 늘리는 방향으로 정책을 
전환했다.",2023. 09. 05.,경기일보
https://www.pharmnews.com/news/articleView.html?idxno=230476,"한국의료기기산업협회-고양특례시, ‘국가첨단전략산업 바이오특화단지’ 조성 업무협약 체결","유철욱 한국의료기기산업협회장은 “의료기기산업은 전세계적인 고령화, 건강에 대한 관심 증가, 신흥국 및 개발도상국의 경제성장에 따라 
지속적인 고성장이 전망되는...",2023. 09. 12.,팜뉴스
https://m.health.chosun.com/svc/news_view.html?contid=2023090602635,노인 35% “약 삼키기 어렵다”… 약 쉽게 먹는 법은?,"인구 고령화로 약을 복용하는 노인이 계속 늘고 있지만, 노인의 약 35%가 알약 복용에 어려움을 느끼는 것으로 나타났다. 지난 6일 
약학계에 따르면 차의과학대 약대...",2023. 09. 07.,헬스조선
http://www.dailydgnews.com/news/article.html?no=164891,"성주군 용암면, 소통 화합으로 지역발전 견인","이번 행사는 기존 8·15 광복기념 용암면민 체육대회를 개최해 왔으나 고령화와 무더위로 인하여 올해 용암면 체육회 이사회에서 면민의 날 
행사로 개정하여 처음 개최...",2023. 09. 11.,데일리대구경북뉴스
https://www.asiatime.co.kr/article/20230907500237,자회사형 GA에 꽂힌 생보사…CSM 확보 전쟁,"저출산·고령화로 업황 불확실성이 커지면서 더 적극적으로 판매채널 확보에 뛰어든 것인데, 신국제회계기준(IFRS17)에서 
보험계약마진(CSM) 확보가 실적을 좌우하면서...",2023. 09. 08.,아시아타임즈
https://www.asiatime.co.kr/article/20230907500237,자회사형 GA에 꽂힌 생보사…CSM 확보 전쟁,"저출산·고령화로 업황 불확실성이 커지면서 더 적극적으로 판매채널 확보에 뛰어든 것인데, 신국제회계기준(IFRS17)에서 
보험계약마진(CSM) 확보가 실적을 좌우하면서...",2023. 09. 08.,아시아타임즈
https://m.kmib.co.kr/view.asp?arcid=0924320293&code=14130000&sid1=lif,386세대 노인이 온다… 돌봄 패러다임 바꿀 때,"첫째, 최대 인구집단인 60~70년대생의 고령화는 노인의 수를 획기적으로 증가시킨다. 둘째, 산업화 이후 경제활동을 한 이들은 상당한 
구매력이 갖고 있다.",2023. 09. 11.,국민일보
https://www.pressian.com/pages/articles/2023091215045262010,"김원이 의원 ""30년의 숙원사업인 의대 유치 반드시 이뤄내겠다""","김 의원은 ""우리나라 사회가 초고령화됨에 따라 의료서비스의 수요가 날이 갈수록 증가하고 있는 현실에서 전국 시도 중 유일하게 의대가 
없는 우리 지역은 양질의...",2023. 09. 12.,프레시안
https://www.kyeonggi.com/article/20230910580194,"인생 2막 흔들… 인천시, 신중년 일자리 예산 반토막","고령화 사회의 이른 퇴직으로 중·장년층의 경제 활동이 절실한 사회적 분위기에 역행하고 있다는 지적이 나온다. 10일 시에 따르면 
2019년부터 중부지방고용노동청 등과...",2023. 09. 10.,경기일보
http://www.techholic.co.kr/news/articleView.html?idxno=209746,"여승주 부회장 체제 '한화생명', 불확실한 생보시장 거침없는 ...","저출산·고령화로 업황 불확실성이 커지면서 경쟁 구도가 더욱 치열해진 까닭이다. 이런 치열한 생보업 변혁의 시기에 여승주 한화생명 
대표이사 사장이 대표이사...",2023. 09. 08.,테크홀릭 모바일 사이트
https://www.idaegu.com/newsView/idg202309110073,국제라이온스협회 356-E(경북)지구 회원 영양군 일손돕기에 ...,"농촌인구 고령화로 일손부족이 심각한 가운데 영양군이 농촌일손 부족으로 어려움을 겪고 있는 농가를 대상으로 일손 돕기를 지원하고 있다. 
영양군에 따르면 9일 국제...",2023. 09. 11.,대구일보
https://kr.investing.com/news/stock-market-news/article-946102,"인공지능(AI) 산업의 미래 '로보틱스', 누가 잘 하나? [기획 ...","그리고 저출산과 고령화에 따른 노동인력 감소를 극복하는데 핵심 전략 산업이다. 한국의 입장에서는 산업적 수요가 높기에 반드시 발전을 
이룩해야 하는 분야이다. 산업용...",2023. 09. 12.,인베스팅닷컴
http://www.docdocdoc.co.kr/news/articleView.html?idxno=3009404,[꽉찬생각] ‘간병국가책임제’ 급할수록 제대로 준비하자,"초고령화사회를 앞둔 우리나라에서 간병문제는 반드시 해결해야 하는 문제다. 지금도 늦었고 서둘러야 한다는 것도 맞다. 그렇지만 '바늘을 
허리에 꿰서' 사용할 수...",2023. 09. 11.,청년의사
http://weekly.chosun.com/news/articleView.html?idxno=28837,"미국 '약가 개혁'의 함의...""약값 낮춰 인플레 잡겠다?""","그런데 중국도 이미 작년부터 총인구가 감소하고 고령화가 진행되는 중이라 전 지구적으로 따졌을 때 생산가능인구의 총수가 줄어드는 상황이 
초래되고 있다.",2023. 09. 11.,주간조선
http://www.daejonilbo.com/news/articleView.html?idxno=2084274,지역사회와 '같이' 100년 농협의 '가치' 향한다,"사진=충남세종농협 제공. ""이상기후와 농촌고령화 등으로 농촌이 위기라는 말이 있지만 지역사회 구성원들과 모두 같이하는 소통과 배려를...",2023. 09. 06.,대전일보
http://www.kbmaeil.com/news/articleView.html?idxno=969079,노인학대 예방·보호 조례안 발의,"농촌지역 대다수 중소도시가 급격한 인구 고령화로 인해 거대한 양로원으로 변해 가고 있는 가운데 노인보호를 제도적으로 뒷받침할 조례가 
발의돼 관심을 끌고 있다.",2023. 09. 12.,경북매일
https://www.ccdn.co.kr/news/articleView.html?idxno=935457,"충북 옥천군, 벼 육묘상 관주처리 병해충 방제 시범사업 현장 ...","[충청매일 황의택 기자] 충북 옥천군이 12일 농업인 70여 명이 참석한 가운데 농촌 고령화로 인한 노동력 부족 문제 해결과 벼 
병해충의 효과적인 방제기술을 보급하기...",2023. 09. 12.,충청매일
https://www.etoday.co.kr/news/view/2281879,미국 정치권 고령화 논란...대통령 하기 좋은 나이는 몇살인가,"최근 미국 정치권에서는 내년 대선에서 고령인 조 바이든(80) 현 대통령과 도널드 트럼프(77) 전 대통령이 다시 맞붙을 가능성이 
커지면서 고령화 문제가 화두가 되고...",2023. 09. 09.,이투데이
https://www.dailycc.net/news/articleView.html?idxno=755455,"대전세종충남적십자혈액원, 목원대학교 단체 헌혈 주관","이날 목원대 학생회관 앞에서 열린 헌혈 행사는 고령화 및 저출산으로 인한 혈액 수급 불균형을 막고 생명을 구하는 데 앞장섰다. 행사에 
참여한 백승진 제36대 총대의원회...",2023. 09. 12.,충청신문
https://www.news33.net/news/articleView.html?idxno=95477,"농협, 협력사와 함께 농촌일손돕기 나서","... 이사와 상호금융 임직원들은 12일 수확기를 맞이하여 자산운용사 IMM홀딩스 임직원과 함께 충남 홍성군 금평리 상하중마을을 찾아 
고령화 및 일손 부족으로 어려움...",2023. 09. 12.,창업일보
