Date,Title,Content_Short,Content,URL
2023.07.01.,박사논문컨설팅 건강의 사회적 결정요인과 보건학 졸업 후기,프라임 컨설팅은 고령화 연구 패널 데이터를 의뢰인에게 제안하였습니다. 고령화 연구 패널 데이터는 우리나라 만 45세 이상의 연령을 가지는 표본을 기반으로... ,"안녕하세요, 프라임 컨설팅입니다.오늘은 보건학 연구영역에서 널리 다루어지고 있는 이론적 프레임워크 중의 하나인 건강의 사회적 결정요인(Social Determinants of Health; SODH)에 대해서 소개를 드리겠습니다. 그리고 SODH를 프레임워크로 삼은 보건학 박사학위 논문 컨설팅 후기에 대해서 말씀을 드리겠습니다.세계보건기구(World Health Organization; WHO)에 따르면 SODH는 인간이 태어나고, 성장하며, 일을 하고 생활하며, 나이가 드는 일상생활 환경에 미치는 영향으로 정의할 수 있습니다. 특히 SODH는 환경 내에서 건강 불평등에 영향을 미치는 사회적 결정 요인을 다루고 있습니다. '공정 기반(fair foundations)' 개념을 기반으로 발전한 이론적 모형인 SODH는 사회, 경제 및 정치 메커니즘이 어떻게 일련의 사회/경제적 위치를 발생시키는지 보여줍니다.출처: World Health Organization (2010). A conceptual framework for action on the social determinants of health. Social Determinants of Health Discussion Paper 2, pp.6인구통계학적 변수의 특징을 가지는 소득과 교육, 직업, 성별, 인종 및 기타 요인 등은 사회 경제적 위치를 반영하며, 이는 사회 계층 내에서 사람들의 건강 상태를 결정하게 됩니다. 건강을 위협하는 조건에 대한 노출과 취약성의 차이를 경험하는 사람들은 질병에 걸리게 되며, 이는 고용 기회를 손상시키고 소득이 감소함으로써 개인의 사회적 위치에 악영향을 끼치게 됩니다. 특히 전염병은 사회와 경제 및 정치 기관의 기능에 영향을 미치는 '피드백' 요인으로서의 역할을 가지게 됩니다.SODH가 표현하는 '맥락'은 노동 시장과 교육 시스템, 정치 제도 및 사회문화적 가치를 포함하여 사회 계층을 생성하고 유지하는 모든 형태의 메커니즘을 의미합니다. 건강에 가장 강력하게 영향을 미치는 맥락적 요인은 복지 국가 시스템 및 재분배 정책의 존재 또는 부재입니다. 그리고 CSDH 프레임워크에서 구조적 메커니즘은 사회 내에서 사회 계급 분열을 생성하고 권력, 위신, 자원에 대한 접근의 계층 구조 내에서 개인의 사회 경제적 위치를 정의하는 것으로 해석할 수 있습니다. 이러한 구조적 메커니즘은 사회경제적, 정치적 맥락 내에 위치하고 있는 핵심 기관에 그 뿌리를 두고 있습니다.SODH에 따르면, 사회적 결정 요인이 인구 계층에 따라 다르게 분포됨으로써 건강 불평등으로 이어지게 되고, 이에 따라서 사회 계층화가 이루어진다고 가정합니다. 그리고 건강을 증진하기 위한 개인의 행위 변화는 두 가지로 해석될 수 있는데, 이는 개인이 자신의 행위를 직접적으로 바꾸는 경우와 함께 개인이 행위를 변화할 수 있도록 사회적 결정요인의 지지를 제공받는 경우입니다.SODH 프레임워크를 기반으로 하는 연구는 특히 유럽 내에서 활발하게 이루어지고 있습니다. 이러한 이유 중의 하나는 유럽에서는 보편적으로 여성이 남성보다 장수하지만, 유병 기간이 더 길다고 판단할 수 있으며, 따라서 건강 불평등을 유발하는 사회적 결정 요인을 분석하고 건강 형평성을 위한 정책을 활발하게 제안하고 있기 때문입니다. 관련 문헌에 따르면 거주 지역과 문화, 교육, 고용, 소득 및 자산 등을 포함하는 사회경제적 환경과 함께 고혈압과 비만 등의 유병률, 그리고 흡연과 음주행위와 같은 건강영향 행위까지 세대에 걸쳐 건강 불평등에 영향을 미치는 것으로 나타나고 있습니다.호주와 일본, 한국, 대만, 태국을 포함하는 아시아 태평양 국가에서 이루어지고 있는 연구에서는 건강 취약 계층과 사회적 요인 간의 관계를 파악하기 위해서 SODH 모델을 활용하는 사례를 흔히 관찰할 수 있습니다. 예를 들어서, 사회적 화합과 포용, 사회 경제적 안정성을 사회적 요인으로 설정하고 이와 함께 지역사회 내에서의 집단 참여 여부, 정치적 활동 참여 의사가 저소득층과 노년계층의 건강 상태에 미치는 영향력을 평가하는 연구가 광범위하게 수행되어 왔습니다.SODH 모형은 사회 통합과 사회 구조, 이웃의 특성, 노동 분업을 포함하는 다양한 형태의 사회적 경로를 통해 작동합니다. 주목해야 할 점은, 성별이 건강에 영향을 미치는 가장 중요한 사회적 결정 요인이라는 점입니다. 성별은 생물학적으로 분류하는 가장 기본적인 구별임과 동시에 사회적 구분까지도 결정하는 근본적인 요인이기도 합니다. 성별에 대한 연구는 경제적, 정치적, 사회적 영향력을 중심으로 사회 구조의 잠재력을 조명하고, 사회 구조가 개인의 건강에 어떻게 영향을 미칠 수 있는지에 대한 질문을 제기하기도 합니다.오늘은 보건학을 전공하는 의뢰인의 박사논문 컨설팅 후기에 대해서 소개를 드리겠습니다.우리나라 모 보건 관련 기관에서 근무하고 있는 의뢰인은 패널 데이터 분석을 통해 노인 장기요양보험의 수혜자와 비 수혜자의 건강 상태를 서로 비교하는 데 관심을 가지고 있었습니다. 프라임 컨설팅은 고령화 연구 패널 데이터를 의뢰인에게 제안하였습니다. 고령화 연구 패널 데이터는 우리나라 만 45세 이상의 연령을 가지는 표본을 기반으로 조사 대상자의 건강 상태와 노인장기요양정보와 관련한 다수의 정보를 포함하고 있습니다.그리고 장기요양보험 수혜자와 비 수혜자의 건강 상태에 관한 비교 분석을 수행하기 위해서 SODH 모형을 제시하였습니다. 이는 취약계층의 건강에 영향을 미치는 사회적 요인을 분석하는 데에 적절한 모형이기 때문입니다. SODH 모형을 기반으로 한다면 조사 대상자의 건강 불평등 요인을 발견하고 이 요인들이 어떻게 서로 연관되어 있는지를 설명할 것을 판단하였습니다. 그리고 의뢰인의 연구의 목적을 고려한다면 SODH 모형이 포함하고 있는 정치적 맥락 요인을 제외한 사회경제적 및 중재 요인을 중심으로 전개하는 것이 타당하다고 예상하였습니다.패널 데이터를 대상으로 수행한 위계적 회귀분석을 수행한 결과, 다수의 환경적 및 물리적, 행동적 및 생물학적, 그리고 심리적 및 사회적 요인이 대상자의 건강 상태에 미치는 영향력은 장기요양보험 수혜자와 비 수혜자 간에 서로 다르다는 점을 확인할 수 있었습니다. 의뢰인의 연구는 장기요양보험의 수혜 여부가 사회적 자원 분배에 의해서 적절하게 이루어졌는지를 판단할 수 있는 기초자료를 제공한다는 점에 대해서 높은 학술적 가치와 시사점을 제공하는 수준 높은 학위논문으로 완성될 수 있었습니다.지금까지 보건학 전공 박사학위 논문 컨설팅 서비스 후기와 성공사례에 대해서 말씀을 드렸습니다.논문 컨설팅은 프라임 컨설팅입니다.",https://blog.naver.com/prime-consulting/223144126602
2023.07.01.,강남에서 헌혈해야하는 이유,헌혈을 해야 하는 이유가 여럿 있지만 최근에는 고령화 문제와도 연관이 있나보다. 이런 기사제목이 있어 살펴보니 고령화가 진행되면 수술이 필요한 노인인구는... ,"luannhunt180, 출처 Unsplash1.아내와 사귀고 나서 첫 데이트 장소가 강남역 헌혈의 집이었다.헌혈의 집에서 헌혈하고 저녁 식사 후에 카페에서 차 한 잔 하고 돌아왔던게 사귄 후 첫 데이트였다.2.아내는 나도 모르게 틈이날 때마다 헌혈을 해 왔나보다. 얼마전에 헌혈유공패를 들고 왔기에 뭐냐고 물어봤더니 헌혈 횟수가 30회인가를 넘어서 줬단다.3.잘 몰랐었는데, 여자들 중에서는 헌혈을 하고 싶어도 하지 못하는 사람들이 많다고 한다. 빈혈이 있으면 헌혈을 할 수 없다.우리 아내는 헌혈을 할 수 있는 여자다.만약 누군가 어떤 여자와 결혼해야하나요?라고 내게 묻는다면 다른 조건도 중요한데 그 여자 헌혈 자주 했는지 알아보라고 할거다. 헌혈 하는 여자는 몸도 마음도 건강하니까.4.아무튼, 이번주 금요일에 아이들을 어린이집에 보내놓고 오랜만에 데이트해보자 하고 강남역으로 헌혈을 하러 갔다.5.강남역 3번출구 바로 앞에 ""헌혈의 집 강남 2센터""가 있다.헌혈의집 강남2센터서울특별시 강남구 강남대로 378 준빌딩 9층거기에 가서 헌혈을 했다.헌혈의 집 내부는 아주 아주 쾌적했다.아내는 너무나도 익숙하게 들어가서 대기표를 뽑고 온라인 문진을 작성했다. 나도 따라했다.가지고 온 짐을 사물함에 보관한 후헌혈의 집 간호사 선생님을 만나 채혈을 하고 간단한 문답을 했다.6.새로이 안 사실인데, 강남구에서 헌혈을 독려하기 위해서 지원을 하고 있어서 강남구에 속한 헌혈의 집에서는 문화상품권 5천원에추가하여1만원권 상품권을 더 준다고 했다.그리고 ""레드커넥트""라는 헌혈앱이 있는데,요걸 사용해서 사전에 헌혈 예약도 할 수 있었다.해당 앱으로 전자문진도 미리할 수 있고 주변에 있는 헌혈의 집도 알 수 있는데다가 헌혈 후 혈액검사 결과도 바로 받아 볼 수 있다.세상 참 좋아졌다.7.헌혈의집 강남 2센터에서는 ""레드커넥트""앱 사용을 권장하고 예약기능 활성화 목적으로 ""레드커넥트""앱을 깔고 미리 헌혈 예약을 하는 경우에 과장 꾸러미를 선물로 주고 있었다.나도, 아내도 안 할 이유가 없었다.예약을 해서 과장 2상자를 받았다.아내는 이렇게 받은 과자들을 집에 모셔놓았다가 택배 아저씨들 혹은 당근마켓에서 무료나눔해 주시는 분들께 답례품으로 사용할거라고 했다. 이런 생각하는 여자랑 사는 나는 복 받은 남자다.8.아내와 같이 헌혈을 하고 우리 둘 다 문화상품권을 골라서 3만원어치 문화상품권이 생겼다. 남들은 돈을 내고 데이트하는데, 우리는 돈을 받고 데이트 했다.최근에 ""무지출챌린지""가 유행이라는데,헌혈의 집 데이트 추천한다.9.헌혈을 해야 하는 이유가 여럿 있지만 최근에는 고령화 문제와도 연관이 있나보다.이런 기사제목이 있어 살펴보니고령화가 진행되면 수술이 필요한 노인인구는 많은데 비해, 수혈해줄 젊은이들이 줄어들어서 혈액공급에 문제가 발생한다고 한다.10.강남역에서 근무하고 있다면, 시간 될 때 한 번 정도는 헌혈의 집에서 헌혈을 해 보는 걸 추천한다.혈액이 필요한 분들께 도움도 되거니와 헌혈자 자신에게도 꽤나 많은 보상이 있으니까. 특히 강남구에 속한 헌혈의 집이라면 1만원의 추가 지원까지 있다.그러니 혹시 이 글을 보신다면 헌혈의 집에 한 번쯤 기웃거려보시길.레드커넥트 - 300만 헌혈자를 위한 공식 헌혈 앱 - Apps on Google PlayOfficial blood donation app created by the Korean Red Cross and SK",https://blog.naver.com/chopg811/223144123190
2023.07.01.,성인병 탐색 안정적인 치료 정보에 대한 종합 가이드,상식적인 노인병과 그 증상전 세계 인구가 계속 고령화됨에 따라 노인성 질환의 유병률이 점점 더 중요해지고 있습니다. 노인성 질환은 주로 65세 이상의 개인에게... ,"상식적인 노인병과 그 증상전 세계 인구가 계속 고령화됨에 따라 노인성 질환의 유병률이 점점 더 중요해지고 있습니다.노인성 질환은 주로 65세 이상의 개인에게 영향을 미치는 상태이며 종종 생물학적, 심리적 및 사회적 요인의 복잡한 상호 작용으로 인해 독특한 문제를 제기합니다.이 포괄적인 가이드는 보편적인 노인병, 증상 및 안정적인 치료 옵션을 탐색하는 것을 목표로 합니다.이러한 질환과 그 관리를 이해함으로써 의료 전문가, 간병인 및 개인 스스로가 정보에 입각한 결정을 내리고 노인 인구를 위한 최상의 치료를 제공할 수 있습니다.노인성 질병은 보편적으로 노인에게 영향을 미치는 광범위한 상태를 포함합니다.최고 널리 퍼진 노인병 중 하나는 기억, 사고 및 행동에 영향을 미치는 진행성 신경 장애인 알츠하이머병입니다.알츠하이머병의 증상에는 기억 상실, 혼란, 방향 감각 상실, 문제 해결 및 언어 장애가 포함됩니다.이러한 증상은 개인의 일상 기능과 삶의 질에 상당한 영향을 미칠 수 있습니다.또 다른 상식적인 노인병은 뼈가 약하고 골절 위험이 증가하는 상태인 골다공증입니다.골다공증은 골절이 발생할 때까지 증상 없이 진행되기 때문에 흔히 '조용한 질환'으로 불린다.골다공증이 있는 노인은 경미한 외상이나 낙상에도 골절이 발생하여 통증, 장애 및 이동성 감소로 이어질 수 있습니다.골다공증은 노화의 정상적인 부분이 아니며 조기 발견 및 치료가 골절을 예방하고 뼈 건강을 유지하는 데 도움이 될 수 있다는 점에 유의하는 것이 중요합니다.알츠하이머병은 전 세계적으로 수백만 명의 개인에게 영향을 미치는 퇴행성 뇌 장애입니다.알츠하이머병의 특징적인 증상은 기억 상실, 특별나게 요즘 기억력 상실입니다.개인은 대화, 약속 또한 이벤트와 같은 새로운 정보를 기억하는 데 어려움을 겪을 수 있습니다.질병이 진행됨에 따라 기억력 상실이 더욱 심해지며 개인은 친숙한 얼굴과 장소를 인식하는 데 어려움을 겪을 수 있습니다.기억 상실 외에도 알츠하이머병 환자는 종종 혼란과 방향감각 상실을 경험합니다.그들은 지시를 따르거나 익숙한 환경에서 길을 찾거나 날짜나 시간을 기억하는 데 어려움을 겪을 수 있습니다.결과적으로 그들은 불안, 좌절 또한 동요되어 일상 활동에서 실천 변화 및 도전으로 이어질 수 있습니다.현재 알츠하이머병에 대한 치료법은 없지만 몇 가지 치료 옵션이 증상을 관리하고 질병의 진행을 늦추는 데 도움이 될 수 있습니다.콜린에스테라제 억제제 및 메만틴과 같은 약물은 인지 기능을 개선하고 기억력 및 사고력 저하를 지연시킬 수 있습니다.혹은 인지 자극 요법 및 회상 요법과 같은 비약물적 개입은 알츠하이머병 환자의 삶의 질을 향상시키고 사회적 참여를 촉진할 수 있습니다.골다공증은 낮은 골량과 골밀도 저하를 특징으로 하는 보편적인 노인병입니다.뼈 조직, 골절 위험 증가로 이어집니다.개인이 나이가 들면 자연적으로 뼈의 밀도가 낮아지고 골절되기 쉽습니다.그러나 골다공증에서는 이러한 뼈 손실이 더 빠른 속도로 발생하여 뼈가 상당히 약해집니다.골다공증이 있는 개인의 약한 뼈는 특히 엉덩이, 척추 및 손목과 같은 부위에서 골절로 이어질 수 있습니다.",https://blog.naver.com/jvk52ver/223142136107
2023.07.01.,"정법 12954강 중에서 (고령화 사회, 나이의 개념)",해놓은 건데 우리가 지금 고령화 사회가 된다고 이야기하는데 인제 앞으로 더 고령화가 될 겁니다. 근데 고령화가 문제가 있는 거냐? 바르게 못 살면 문제가 있고 바르게... ,"우리가 지금 과거의 선조님들이 말씀하시던우리가 40대가 불혹이라고 그랬나요?30대는 이립,50대는 지천명이라고 한 것은이건 어떻게 해가지고 그렇게 해놨느냐하면100년 세상을 살 때 만들어 놓은 겁니다.100년 사는 인생이 될 때 거로 포맷을 해가 만들어 놓은 거란 거죠.60갑자에서 만들어 놓은 게 아니에요.100세 인생을 살 때 포맷으로 만든 거예요.그래서 그거는 변화가 없습니다.최고의 삶을 살 때 요렇게 살아야 된다라고 만들어 놓은 거예요.50대가 되면 어른입니다.그게 지천명이에요.인제 요런 것들은 하나도 어김없이 만들어 놓은 게어느 때가 오면요렇게 살아야 된다고 만들어 놓은 거죠.우리 홍익인간들은 몇 년 사는 인생이냐?100년 사는 인생입니다.지천명이 되면 인제부터 우리 할 일을 하는 겁니다.30대까지는 내가 왕성하게 갖추어야 되는.40대가 되면 다져가지고 흔들리지 않아야 되는.50대가 되면 내 인생을 펼쳐야 되는.그렇게 만들어 놓은 겁니다.그거는 변화가 있으면 안 됩니다.제대로 해놓은 겁니다.해놓은 건데 우리가 지금 고령화 사회가 된다고 이야기하는데인제 앞으로 더 고령화가 될 겁니다.근데 고령화가 문제가 있는 거냐?바르게 못 살면 문제가 있고바르게 살면은 굉장히 즐거운 인생을 사는 겁니다.고령화가 돼서 즐겁게 살면 이건 문제가 안돼요.고령화가 돼가지고 더 어렵게 살기가 힘들면 문제가 되는 거죠.요거예요.우리가 오래 살라고 하는 욕심은 다 있어요.그러면서도 고령화는 안된다?어째 그게 말이 돼?오래 살고 싶으면서 고령화는 안된대.어떻게 말이 되냐고?우리가 나이가 드는 게 문제가 아니고 나이가 들어서내가 할 일을 찾아서 하고 있는가가 문제가 되는 거예요.나이가 들면 들수록 내 할 일은 달라지는 거예요.이걸 교육을 못 받다가 보니까 우리가 그걸 못하고 있는 겁니다.못하면 어떻게 되냐?추해지고 늙어져요.할 일이 없으면 늙어집니다.할 일이 있는 사람은 늙지 않아요.그래가지고 힘을 못쓰지 않는다 이 말이에요.나이가 들면 들수록 더 고귀한 사람이고존경받아야 될 분들이고 요렇게 살아야 되는 거죠.이걸 지금 우리가 못 찾았기 때문에 지금 이런 소리도 나오는 거예요.내 할 일을 한다면 아프고 힘들고 어려워지지 않습니다.나이가 백세가 돼도 어려워지지 않는다.할 일을 못 찾아서 내가 아이고 내 할 일이 없어서 힘들어지면우리가 힘든 거는 내가 할 일이 없어서 힘든 거예요.내가 할 일이 아니고 이거는 내가 하면 안 되는데도억지로 하니까 힘들고 요런 거지.인제 대한민국 사람은 자기 자리에서자기가 할 일을 찾아서 갈 수 있도록이 사람이 기획을 해서 짜줄 겁니다.내가 할 일을 하면 다 즐거워져요.즐거우면 병이 안 와.인제 시작할 거예요.우리는 지금 너무 늦었다고 생각하지 마세요.인제 지금이라도 안 늦었어.이런 거를 바르게 풀어감으로써의이 사회를 바르게 하나 둘 따가면이때까지 지금 꼬여가 있던 거를 전부다 풀어가면대한민국만큼 살기 좋은 나라가 없습니다.그렇게 키워놓은 거예요.하니까 우리가 젊은이들이 약하다는데 약한 게 아니고어떻게 살아야 될지 모르니까 우왕좌왕하는 거예요.젊은이들을 바르게 이끌어주지 못하니까그러니까 지금 약한 거예요.젊은이들이 내가 좋은 일을 찾아주면 신납니다.근데 젊은이들이 할 일이 무언지를 아무도 못 찾아 주고 있는 거죠.젊은이들은 마음껏 내가 공부하고 갖추면서성장해야 되는 게 젊은이예요.그런 것들을 뒷바라지하는 거를 알고 하면 그렇게 힘든 게 아닙니다.젊은이는 어디 가서 일을 하는 사람이 아니고어디 가서 활동하는 게 전부 다가내가 공부를 하러 가는 겁니다.현장 실습.내가 공부를 하러 가는데그걸 일이라고 생각을 하고 가버리면 힘들죠.왜?젊은이들은 일하는 사람들이 아니에요.키우고 성장시키는 사람이지.우리가 젊은이들이 요런 거를 바르게 알고세상을 접근하면 힘이 안 듭니다.모르니까 지금 헤매는 거다.그런 것들을 사회 부모들이 인제 나와서그런 것들을 같이 연구하면서 작업을 할 것이고이런 것들 프로그램을 만들어 가지고 사회 내 줄 것이고이런 것들을 하는 게 사회 부모들이에요.그러니까 이 사회를 위해서 우리가 투자를 안 한 겁니다.인제는 사회 부모들이 나와서 내 인생 조금 조금을 투자해서이 사회를 위해서 조금만 쓴다면이 사회는 어마어마하게 달라집니다.이제 시작을 할 테니까 너무 걱정 안 해도 됩니다.",https://blog.naver.com/hanyeonjoo0314/223144119057
2023.07.01.,아산 평생교육원 사회복지 집에서 취득하기,계속되는 고령화와 저출산 시대가 맞물려서 복지가 필요한 곳들이 늘어 취업이랑 전망도 좋다 나오는 사회복지가 제일 좋다 생각해 바로 시작해 보려고 했습니다 마침... ,나이도 점점 들어가고 노후를준비해야 될 시기가 와서어떤걸 준비해야 될지 찾다가사회복지 쪽이 인기가 많으니저도 한 번 해보려고 했어요하지만 자격이 안됐기 때문에대학을 가기는 좀 힘드니까여러 가지 방법을 찾아보다가아산 평생교육원 제도를 통해집에서 취득할 수 있다고 해서이걸 활용해서 편하게2급을 손에 넣었어요!지금은 센터에 들어간 다음어르신들을 케어하고 있죠ㅎㅎ이게 어떻게 진행이 된 건지기억을 살려 얘기해 보려 해요옛날에 전문대학을 졸업하고회사에서 일을 하고 있었는데계속 이 직장을 다니기에는나이 때문에 무리가 있었죠그렇다고 이대로 쉬기에는아직 아이들 대학도 보내고해야 될게 많았기 때문에쉴 수는 없는 노릇이라서다른 직장을 구하려고 했어요그래서 계속되는 고령화와저출산 시대가 맞물려서복지가 필요한 곳들이 늘어취업이랑 전망도 좋다 나오는사회복지가 제일 좋다 생각해바로 시작해 보려고 했습니다마침 들리는 소식에 의하면공문에 시험을 봐야 된다는게지금 검토 중이라고 나와있어더 늦기 전에 해보려고 했죠우선 자격증을 취득하려면전문대 이상의 학력이랑필수로 들어야 되는 17과목이수를 해야 된다고 했어요이미 대학은 나온 상태지만전공이 완전 달랐기 때문에수업은 들은 적이 없었습니다그래서 이걸 하기 위해서는학교를 입학해야 됐어요아무래도 학원 과정이 아닌대학교 교육이기 때문이었죠그렇다고 지금 나이에 수능을공부하는건 무리가 있었고시간도 얼마나 걸릴지 몰라다른 사람들이 어떻게 하나인터넷에 검색을 해봤는데아산 평생교육원을 통해서굳이 대학을 졸업하지 않아도라이선스를 딸 수 있다길래어떻게 한건지 알아봤습니다!이건 교육부에서 주관하는제도라고 나와 있었어요그러면 교육을 받기 위해선어디로 가야 되나 봤는데실습 한 과목을 제외하면모두 집에서 가능하다길래이런 방법이 있나 싶었죠ㅎㅎ그렇다고 시험이 따로 있거나조건이 필요한게 아니었고고등학교만 졸업했다 하면나이는 상관없이 쓴다고 해서아산 평생교육원을 이용해저도 진행을 해보려고 했어요하지만 수업 과정도 모르겠고정확히 어떤 과목을 듣는지알고 있는게 없었기 때문에일단 정보를 더 찾아봤는데전문 선생님이 있다고 해서연락을 해보기로 했습니다궁금한 것들도 질문해 보고자세한 설명도 들을 수 있었죠그렇게 궁금증도 해결됐으니온라인 수업을 먼저 봤는데처음에는 이런 식으로 하는게익숙하지 않아서 걱정됐어요다행히 복잡하지는 않아서수월하게 할 수 있었습니다!대학 과정이랑 똑같다고 해서강의가 나오면 시간에 맞춰바로 봐야 되는줄 알았지만이거는 1주일마다 제가 필요한과목들이 나오는 방식이었어요그걸 열린 날을 시작으로14일 안에만 끝까지 봐주면자동 출석으로 처리가 돼서편하게 볼 수 있었습니다!만약에 급한 약속이 생기거나까먹고 못 들은 경우에는시간 될 때 몰아볼 수 있었고끊으면서 보는 것도 가능해일정을 조율하기 좋았어요아산 평생교육원 과정 중에는과제를 하는 날도 있었고중간고사와 기말도 있었습니다제대로 점수 받을 자신이 없어일단 멘토님한테 연락해서어떻게 해야 되나 물어봤죠그랬더니 노하우도 알려주고다른 도움도 함께 주셔서넘어갈 수 있었습니다~아산 평생교육원 비대면은모두 마쳤으니 실습만 끝내면사회복지를 취득할 수 있었죠!하지만 정확한 장소를 몰라서어디로 가야 될지 찾아보다가모르겠어서 쌤한테 연락했어요다행히 제가 사는 지역에서가까운 기관으로 안내를 해줘덕분에 편하게 다녔습니다^^센터 현장 실습을 하면 됐는데생각보다 많은걸 배웠고이걸 활용해서 오신 분들이랑이런저런 얘기도 하면서즐거운 경험을 했던 것 같아요덕분에 정확히 어떤 일을 하고직업의식도 가질 수 있었죠드디어 실습까지 모두 마쳐서자격증을 손에 넣을 수 있었고취업까지 성공했습니다!!!나중에는 창업까지 생각하며열심히 일을 하는 중이에요~처음엔 2급을 따기 위해서는무조건 대학교에 들어간 다음교육을 받아야 된다 생각해서불가능할 거라 예상했지만아산 평생교육원을 이용해집에서 편하게 취득했고하다가 문제가 생기거나막히는 부분이 있으면혼자서 해결하지 않았고도움을 주는 선생님이 있어훨씬 수월했습니다~여러분도 노후를 준비하려고복지사를 도전하려고 한다면저처럼 할 수도 있으니읽어보시면 좋을 것 같아요,https://blog.naver.com/climb8235/223144109107
2023.07.01.,"[넷플릭스]래치드, 참전女간호사",알츠하이머 치매 등 고령화시대에 치매 파킨슨 정신병 등에 관심이 높아지는 추세를 반영하며 전쟁의 추억과 섹스 특히 동성애 등은 빠짐없이 소환돼 양념구실을... ,[넷플릭스]래치드메디컬 드라마는 이제는 범람이라 할 정도로 다양하게 많이 나왔다. 국내에서도 마찬가지. 처음에는 열광하다가 식상할 정도의 범람을 피해 고전적 이거나 특별한 쟝르로 다가선다.알츠하이머 치매 등 고령화시대에 치매 파킨슨 정신병 등에 관심이 높아지는 추세를 반영하며 전쟁의 추억과 섹스 특히 동성애 등은 빠짐없이 소환돼 양념구실을 한다.1947년을 배경으로 태평양전쟁에 간호사로 참전했던 래치드 는 주목받는 정신병원에 취직한다. 카톨릭 신부를 4명이나 살해한 연쇄살인마는 정신병원으로 이송되어 온다.사진/넷플릭스 래치드/나무위키에서회차①루시아 주립병원반드시 이곳에 일자리를 구한다. 루시아 주립 병원으로 향하는 밀드러드 래치드 간호사. 갑작스레 주목받은 이 정신병원에 악명높은 살인마 에드먼드 털리슨이 이송된다.--------성당에서 미사를 집전하는 신부의 모습으로 드라마는 시작된다. 빗속에 담배를 피우며 뒤쫓는 살인마. 범인은 몬시뇰을 살해하며 자신은 그와 관계한 수녀의 아들이고 당신은 내 아버지라 말한다.주인공 간호사 래치드는 병원에 간호사 빈자리 가 없다니까 근무중인 간호사의 약점을 잡아 내보내고 들어간다.병원 수선생이 수습간호사들을 훈계하며 담배를 피는 모습은 요즘 병원과 동떨어진 모습이어 웃음짓게 만든다.넷플릭스 는 기존 출연했던 배우들이 재등장하는 사례가 많다. 저얼굴은 전에 어디에서 본 분인데 찾아내는 것도 또다른 재미이다. 탐정역은 미 정치드라마에서 텍사스 주지사로 나와 이용당하는 역할만 하던 사람이다. 샤론스톤이 출연했다니 누군가 찾아본다. 강렬한 인상의 간호사 래치드인가?정신병원의 원장 하노버 박사는 동양인 얼굴이어 중국인인가 싶었다. 극중 탐정이 필리핀人을 찾으러 다닌다는 말에서 국적은 밝혀진다. 그런데 내게는 어디선가 많이 본 사람같아 곰곰히 생각해본다.존 브라이언스재활병원을 오픈해 지난 몇년 간 포스팅 1700개를 해가며 140병상 240 직원을 코로나19에 코호트 격리를 겪어내며 등대 역할을 해오신 분이다. 순수한 열정과 다이나믹한 파워로 축구 요트를 즐기는 멋장이시다. 그 분의 순수한 표정은 잊혀지지 않을 것이다.위례재활병원 Dr Park②얼음송곳③자비의 천사 1부④자비의 천사 2부⑤댄스파티⑥끔찍한 인형극⑦버킷 리스트⑧밀드러드와 에드먼드,https://blog.naver.com/soracare/223144100869
2023.07.01.,한국 바이오 안과 강자의 삼일제약,"고령화로 이 시장은 계속 커지고 있을 뿐만 아니라 삼일 제약사가 안과에 제한된 제약사가 아니라 다른 과로도 확장하여 2,000대 이상을 넘어가는 중형 제약사로 가는... ","한국 바이오의 안과계의 강자 삼일 제약삼일제약삼일제약은 중소형 제약사이긴 하지만 최근 급속도로외형을 확장하고 있는 활동적인 제약사다.전문의약품 ETC를 기반으로 안질환 , 간질환 치료제 중심으로성장을 하고 있으며허승범의 오너체제에서 김상진 각자 대표체제로 변화하면서삼일제약은 확실한 외형성장을 기루고 있다.총 임직원수는 518명 정도 되고 있고 본사는방배동, 공장은 안산, 연구소도 안산, 지점은 부산, 대구, 대전, 호남, 제주와 더불어베트남 법인에 CMO 공장을 통해새로운 확장을 도모하고 있다.안과 1위의 M/S뿐만 아니라 간질환 치료제의 임상과 라인업으로 새로운 시장을 개척하며안과, 내과, 정신과 등으로 새로운 시장을 통해 제품 등 삼일의 인지도를 넓혀가고 있다.매출 상위 품목으로 포리부틴, 노스팬 패취라는 소염진통제, 글립타이드 소화기 위장관치료제 및 리박트 등의 간이나 소화기 치료제 뿐만 아니라 모노프로스트 녹내장 점안제,레스타시스 등 안구건조증, 각막과 결막 상피장애 등으로 상품의 라인업을강화하며 새로운 시장으로 확대하고 있다.물론 약가인하나 제네릭 제품간 경쟁에 따른 가격 경쟁력이 중요한 시장이지만전 세계적으로 시장은 계속 성장하고 있으며,엘러간과의 레스타시스를 같이 팔거나 THEA와의 파트너십으로 추가 상품 및 제품화로끊임없는 이 시장의 포트폴리오를 다양화하고 있다.하지만 뭐니뭐니해도 안과 뿐만 아니라 신경 정신과 전담 영업팀으로 신제품 라인업 확대를통해 신규 영역 매출을 창출하고 있으며최근엔 화이자 졸로푸트, 자낙스, 젤독스 뿐만 아니라 산도스의 에스시탈로프람, 파록세틴,설트랄린, 미르탁스 등의 도입으로 정신 신경과의 매출을 확장시키고 있다.이러한 탄탄한 매출을 바탕으로 R&D 파이프라인은 결막염 개량신약과 안구 건조증 쪽의 개량시장 공략으로시장의 매출을 확장시키고 있을 뿐만 아니라 NASH 신약과 골관절염 퇴행성 질환에서 임상 3상을 끝내2025, 2026년에 눈 부신 성장을 준비하고 있다.삼일의 자신있는 NASH의 약 등의 임상도 IR 자료를 통해 볼 수 있으며미국 간학회의 아람콜 임상 3상의 중간 보고 등을 통해50%이상의 환자에게 1 이상의 섬유화 점수 개선 결과를 확인할 수 있었다.또한 정형외과 쪽으로는 Biosplice 사로부터 Lorecivivint 국내 판권 도입으로DMOAD 분류 의약품 분류가 되는 것을 목표로 700이상의 임상 3상된 약을 도입할 예정이다.고령화로 이 시장은 계속 커지고 있을 뿐만 아니라 삼일 제약사가 안과에 제한된 제약사가 아니라다른 과로도 확장하여 2,000대 이상을 넘어가는 중형 제약사로 가는 길에 놓여있다고 할 수 있다.한편 삼일제약은 베트남으로 CDMO 사업을 확장하여 점안제 부분에서 론자와 Next파마 등의 회사처럼그 영역의 투자를 확대하고 안과에서 가지고 있는 우위를 글로벌 CMO사업에서도 확장하려고 노력하고 있다.그래서 지금까지 베트남 공정에 대한 공격적인 투자로 현금이 부족했지만 2023년 이후부터조금 시판부터, GMP 등 까다로운 조건 이수 등으로 2025년 뒤에는 실질적으로 공장이 운영하며외형적인 확대를 이끌 예정이다.결론적으로 현재 삼일제약은 시가총액 1,200억원으로 PBR 0.8배정도로 저평가 되어있지만베트남 공장 증설, 새로운 품목 도입 등으로 매출액 2,300억원을 넘고 외형적 성장 뒤에순이익 등의 마진이 따라준다면 현재 주가에서 2배 가는 것을 그렇게 어려운 일이 아니라고 할 수 있다.삼일제약의 파격적인 현재 행보에 동의한다면 지금 사지 않은 것도 참 쉽지 않은 일이지 않을까?삼일제약서울특별시 서초구 효령로 155 삼일제약사옥",https://blog.naver.com/money_travel/223144099543
2023.07.01.,공조냉동기계기사 학점은행제 이용했던 사례,인구 고령화 시대에 접어들면서 정년 이후 경제 활동을 이어가기 위해 미리 준비하시는 분들이 점차 많아졌는데요 여유로운 노년을 위해 기계설비 유지관리자 선임... ,"안녕하세요 오늘은공조냉동기계기사 학점은행제이용했던 사례를 토대로국가 자격을 위해 온라인 학습방법을 알려드릴게요요즘 100세 시대라는 말이흔히 나올 만큼인구 고령화 시대에 접어들면서정년 이후 경제 활동을 이어가기 위해미리 준비하시는 분들이점차 많아졌는데요여유로운 노년을 위해기계설비 유지관리자 선임 기준을충족되는 자격증으로공조냉동기계기사 응시자는해마다 증가를 하고 있죠건축물에 선임 의무화법률이 생기며 수요 인원에 비해공급 인력이 없다 보니까이것을 알고 늦기 전에 취득을해놓는 현명한 판단을 하는 겁니다빌딩, 아파트 등에 설비관리로취업이 가능한 공조냉동기계기사자격은 아무나 시험 응시를할 수 없었고비전공자의 경우 온라인 학습과정인 학점은행제를 이용할 수 있는데요학습자의 사례를 통해과정을 알아보도록 하겠습니다안녕하세요공조냉동기계기사 학점은행제를 통해사이버 학습 후 자격 응시를할 수 있었던 비전공자 박 0열입니다저는 행정 분야의 직장에서20여 년 경력을 쌓으며직장 생활을 하고 있는데요아버지의 무게라는 것이참 야속하네요정년 이후 자식들에게짐이 되지 않기 위해한국산업 인력공단에서 시행하는공조냉동기계기사 취득에도전을 하게 되었습니다시험을 보기 위해서는관련 학과의 4년제 전공자,실무 4년 이상 경력자이렇게 응시를 할 수 있었죠다른 방법은 없을까인력공단을 통해 확인해 보니국가 교육부 제도인학점은행제를 통해서 106점을이수하면 시험을 볼 수 있다고 했어요생소한 과정이고처음 들어보았기 때문에겁도 났지만인터넷을 통해 합격자들의이용 사례를 읽어보니 생각이 바뀌었죠공조냉동기계기사 학점은행제를이용하기 위해서교육부 인가된 기관의학습 설계를 담당하는 팀장님께저의 상황에서 정확하고효율적인 학습 방향을잡을 수 있습니다대학 과정의 학점 취득 과정인데학교처럼 입시가 존재하지 않고고등학교만 졸업했다면누구나 이용할 수 있었습니다게다가 모든 수업이사이버 강의라서 인터넷만 있다면언제, 어디서든수강을 할 수 있었습니다때문에 일상생활 속에서주부, 직장인들도국가 제도를 활용하여자격 취득, 대학원 등을염두에 두고 과정을 이어가고 있었죠비대면 수업이라도학점 인정 등에 법률 제정되어정규 대학과 동등한 학력으로증빙이 가능했습니다저에게 큰 메리트로다가왔던 것은학년제가 아니라점수제로진행이 되면서학습자의 상황이나 역량에 따라기간을 단축할 수 있다는 것이었죠공조냉동기계기사 학점은행제로106점을 충족하는데학교처럼 수업으로만 이수하면학기 제한이 적용되면서시간이 오래 걸리겠죠기간을 단축할 수 있던 것은강의 외에 추가 점수를 확보할 수 있는수단이 존재했어요저는 이전에 졸업했던전문 대학 이수 과목을 가져와서80점 활용할 수 있다는 것을학습 설계를 담당하는 팀장님을 통해알 수 있었습니다그리고 남은 26점은연간 이수 제한을 적용하는학점은행제 학기에 2점이 남았습니다이것 때문에 애매하게2학기를 한다는 것은 억울해서다른 방법이 없을까팀장님께 고민을 털어놓았는데자격 취득을 하는 방법을알려주셨죠국가 라이선스로 cs 관련인데고객 서비스 분야라서 낯설지 않고실기 없이 객관식 필기만 통과하여6학점을 적용할 수 있었습니다공조냉동기계기사 학점은행제로남은 점수를 채우기 위해서는7과목 온라인 수업을 수강했습니다학교와 동일한 커리큘럼으로과제, 출석, 시험을 합산하여100점 만점에 60을 넘으면과목 이수가 되는데요주 단위로 녹화된 영상을일상 생활 속에서 틈틈이 들어주면 되었어요편의 사항으로 모바일로출석 인정이 가능하게 시스템구축이 되어 있어 수월했어요그리고 사실상지켜보는 감독관이 있는 것이아니었기 때문에옆에서 공조냉동기계기사자격 필기 공부를 했습니다에너지 관리, 시운전 및 안전 관리,공조냉동 설계 등이전 기출문제를 틈틈이공부하면서 전략적으로합격을 위한 학습을 했습니다중간에 나오는과제와 시험은팀장님께서 부담되지 않도록도움을 주셔서무사히 학기 종강을 할 수 있었습니다공조냉동기계기사를 비전공자가응시하기 위해서는 정작1학기면 충분했어요종강 후 교육부 행정처리를 통해기사 원서 접수에 필요한증빙 서류도 준비했죠여러분도 저와 같이 미리노후를 준비하기 위해기계설비 관리자 조건을갖추고 싶다면제가 이용했던공조냉동기계기사 학점은행제 사례를통해서 도움을 받고용기를 얻으셨으면 좋겠습니다저도 해냈으니 여러분도충분히 하실 수 있을 거예요감사합니다",https://blog.naver.com/determine789/223144093976
2023.07.01.,일본의 양봉산업 현황과 「양봉 등 진흥강화추진사업」의 주요... ,"○ 양봉가의 고령화, 일손부족 등에 대처하기 위한 노동력 절약 기술보급이 필요하다. 2) 사업의 취지 ○ 농림수산성은 밀원식물의 확보나 식재상황의 실태... ","1. 양봉 사육 동향○ 양봉 사육농가수는 2017년 9,395호 이후 증가 경향을 나타내 2022년에는 11,276호이다.○ 봉군(蜂群)수 역시 최근 증가 경향을 나타내 2022년에는 242천 군이다.- 호당 평균 봉군수는 2021년 21.5군이다.<표> 양봉사육호수, 봉군수(단위: 호, 천 군, 군/호, 천 군)구분2015년2017년2019년2020년2021년2022년사육호수9,5679,3959,78210,02110,52911,276봉군수213213215213224242평균봉군수22.322.822.021.321.321.5화분교배용꿀벌봉군수78738495104-주: 1봉군은 여왕벌 1마리와 일벌 2만 마리로 이루어진 벌통 1상자를 말한다.출처: 벌꿀 등 수급○ 벌꿀(蜂蜜)의 일본 생산량은 2021년 2,745톤이고, 수입량은 47,132톤이다.- 벌꿀의 자급률은 2021년 5,5%이다.○ 2921년 밀랍 생산량은 약 19톤이고, 로얄제리 생산량은 약 2톤이다,○ 벌꿀 및 꿀벌생산품의 일본 내 샹산액은 약 83억 엔으로 추정된다.- 이 가운데 화분교배용 꿀벌은 약 29억 엔으로 약 35%를 차지한다.○ 밀원식물 면적은 2021년 11만 7천 ha이다.- 밀원식물 가운데 감귤이 30.8천 ha(전체의 26.3%)로 가장 크고, 그 다음은 사과 21.3천 ha(18.2%), 아카시아 6.4천 ha(5.5%)의 순이다.3. 화분교배용 꿀벌 현황○ 작물재배에서 수분의 경제공헌액은 약 6,700억 엔으로 추계된다.- 이 가운데 서양벌에 의한 공헌액은 약 1,800억 엔이고, 호박벌에 의한 공헌액은 약 500억 엔이다.○ 시설원예나 과수 등의 농가에서는 꿀벌을 화분교배에 이용한다.- 화분교배용 꿀벌은 매년 양봉업자로부터 시설원예농가 등에 리스나 판매형태로 공급하는데 부족한 상황이다.- 화분교배용 꿀벌이 부족한 상황이 발생하면 농림수산성은 「화분교배용 밀봉의 수급조정시스템」을 통해 일본양봉협의회 등의 협력을 받아 다른 지방에서 공급 조정한다.4. 「양봉 등 진흥강화추진사업」의 주요 내용1) 양봉산업의 과제○ 밀원식물의 식재면적이 감소경향을 나타내는 가운데 꿀벌 사양호수는 증가(취미양봉 확산 등)하고 있어 일본에서는 사양자 간에 봉군배치를 둘러싸고 다툼이 발생한다.○ 충분한 밀원 확보에 어려움이 있다.○ 도도부현에 의한 적정한 봉군배치조정을 요구하는 소리가 커지고 있다.○ 원예산지와 양봉가의 협력을 통해 화분교배용 꿀벌의 안정확보가 필요하다.○ 양봉가의 고령화, 일손부족 등에 대처하기 위한 노동력 절약 기술보급이 필요하다.2) 사업의 취지○ 농림수산성은 밀원식물의 확보나 식재상황의 실태 파악, 봉군배치조정의 적정화, 진드기 방제수법을 중심으로 한 사양위생관리기술의 보급 등 양봉진흥을 위해 「양봉 등 진흥강화추진사업」을 추진한다.3) 사업 내용○ 봉군배치조정의 적정화 지원- 봉군배치조정의 적정화를 위해 봉군의 위치정보나 밀원식물의 식재상황의 실태파악, 수목을 중심으로 하는 밀원식물의 식재・관리 등을 지원한다.- 적정한 봉군배치조정의 참고가 되는 우량사례 조사・분석, 밀원식물의 위치나 식물의 종별, 봉군의 위치정보를 비롯한 관련 데이터를 축적・활용하기 위한 검토회 개최, 지도 데이터 작성을 지원한다.○ 화분교배용 곤충의 안정확보지원- 원예산지에서 화분교배용 꿀벌을 양봉가와 협력하여 안정적으로 확보하는 노력플랜 작성, 꿀벌의 적절한 관리기술, 다른 화분교배용 곤충에 의한 대체기술의 연구 등을 지원한다.- 특정외래생물인 Bombus terrestris(セイヨウオオマルハナバチ)를 재래종 호박벌로 전환하는 연구를 지원한다.- 양봉가에 의한 화분교배용 꿀벌군의 공급체제를 강화하기 위한 봉군의 저온관리기술 도입과 동절기 관리기술 연구를 지원한다.○ 양봉위생관리기술 향상 지원- 진드기 방제기술을 중심으로 하는 위생관리나 밀봉 사양관리의 고도화 등을 위한 기술보급을 지원한다4) 2023년도 예산○ 2023년도 「양봉 등 진흥강화추진사업」의 예산은 204백만 엔(2022년도 200백만 엔)이다.5. 관련 법률○ 양봉 생산물의 증산을 도모하고, 농작물 등의 화분수정을 효율적으로 실시하기 위해「양봉진흥법(養蜂振興法)」을 제정, 운용한다.",https://blog.naver.com/fun-fun-/223144093679
2023.07.01.,자식에게 물려줄 주식 투자 원칙_장기투자가 답이다?!,"시작된 고령화 시대 -성장하기 쉽지 않은 인구 구조 앞으로 15년, 20년 뒤 경기 침체 장기화, 급격한 고령화, 인구감소가 도래한다면 자산 가치가 급락하는 것은 당연한... ","자식에게 물려줄 주식 투자 원칙저자최병운출판매일경제신문사발매2022.01.17.장기 투자 끝판왕많은 전문가들이 주식을 장기투자를 해야 한다고 말한다. 주식 초보자, 전문가가 아닌 일반인들에게는 장기투자라는 말은 너무나 막연하다. 3년이 장기 투자인지 5년인지 아니면 10년인지...장기투자의 종목은 어떻게 선정해야 하는지... 5년 뒤면 2배, 3배 오르겠지! 막상 투자한 종목이 그다지 오르지 않을 수도.. 아니면 없어질 수도 있다. 어설프게 공부한다고 해서 나의 감으로 투자했지만 실패할 수도 있다. 10년을 믿고 투자했는데 그 종목이 아니라면... 생각만 해도 등골이 오싹하다.#장기투자끝판왕#자식에게물려줄주식#주식투자의원칙1부 인구 구조와 주식시장-1장 인구 구조의 변화-2장 주식 투자 수익과 투자 심리-3장 성공적인 주식 투자 전략2부 자식에게 물려줄 주식-4장 자식에게 물려줄 주식이란?-5장 어떤 종목을 자식에게 물려줄 것인가?-6장 자식을 위한 주식 투자 실전사례-7장 지금부터 실천하라차례본격적으로 시작된 고령화 시대-성장하기 쉽지 않은 인구 구조앞으로 15년, 20년 뒤 경기 침체 장기화, 급격한 고령화, 인구감소가 도래한다면 자산 가치가 급락하는 것은 당연한 일이다. 고령화와 더불어 인구 감소로 경제, 사회 전반이 심각해지는 퍼펙트스톰이 올 수도 있다.본문 중자식에게 물려줄 주식의 특징본문 중향후 3년간 매출과 영업이익 증가율이 매년 15% 이상지속 성장이 가능한 사업 모델을 보유주력 제품이나 사업의 시장 지배력이 국내 TOP3향후 본업의 경쟁력 강화를 위한 전략과 능력 보유경영 투명성 확보를 위한 우선 경영의 전략 변화 여부임직원의 평가 보상과 만족도가 높은 기업현 주가 대비 기대 수익률 연 30% 이상책에서는 앞으로 10년 이상 성장할 산업으로 자동차 배터리를 전망했다. 10년 이상 사기만 하고, 10년 이상 보유하라고 말한다. 장기투자의 기본은 매도는 없고 매수만 있다. 자식에게 물려줄 주식 1종목을 선정하여 알려 주었는데 결국 투자자 본인의 판단으로 결정해야 할 문제이다.장기투자보다 더 중요한 건 어떤 종목을 선택하느냐이다. 인내를 가지고 장기투자를 했지만 잘못된 종목 선정으로 낭패를 볼 수도 있다. 투자 기간 동안 어떻게 대응할지 ... 언제 매도를 할지 결국은 끝없는 공부만이 답이다.#장기투자종목#향후10년주가#10배#삼성SDI#토마토TV",https://blog.naver.com/wijs4441/223144092891
2023.07.01.,치아보험 중복 보장 가입 보험료 비교,치아관련해서 질병이 생기면 유기적으로 다른 몸상태에 큰 영향을 미치기 때문인데요 고령화가 진행되는 요즈음 치아문제에 대해 관심이 높아졌습니다. 그래서 오늘은... ,"치아보험 중복 보장 가입 보험료 비교요새 보험관련 문의가 많이 들어오고 있는데요. 그중에서 치아보험 중복 보장에 관한 문의가 많이 들어오고 있어요. 치아관련해서 질병이 생기면 유기적으로 다른 몸상태에 큰 영향을 미치기 때문인데요 고령화가 진행되는 요즈음 치아문제에 대해 관심이 높아졌습니다. 그래서 오늘은 치아보험 중복 보장과 가입에대해 말씀드려볼게요. 1.치아보험 비용 치아보험은 구강 치료 및 치아 관련 지출을 치아보험 비용으로 보장해주는 상품인데욛ㄹ. 구강 치료는 급여 항목과 비급여 항목으로 나뉘는데, 급여 항목에는 충치 치료, 스케일링, 파노라마 사진, 발치, 아말감, 종합 구강 검진 등이 포함돼요. 반면 비급여 항목에는 틀니, 브릿지, 임플란트, 교정, 예방 스케일링 등이 포함돼요. 또한, 보존 치료는 치아의 손상을 치료하는 데 사용되는데, 이 중 대표적인 것으로는 크라운 치료와 충전치료가 있습니닫ㄹ. 보험 상품에 따라 보장되는 항목이 다르므로, 자세한 내용은 각 보험사의 약관, 치아보험 비용을 확인해야 해욛ㄹ. 잠시 치아보험에 대해 설명을 드려봤고욛ㄹ. 드디어 치료가 끝나 치아 치료비를 청구한 기념으로 제가 가입해 놓은 Y사 치아보험 신청 자료와 청구 과정에 대해 리뷰를 남겨 볼까 합니닫ㄹ. 2.필요 서류 본론부터 얘기드려보자면 (어플로 청구할 경우) 진료비 영수증과 치아 치료에 대한 상세 과정이 들어간 확인서 이렇게 2개가 필수 서류입니닫ㄹ. 팩시밀리와 등기 방식으로 청구하려면 보험금청구서, 주민등록증 사본 치료비를 냈다는 영수증과 같은 필요서류가 많은데 온라인으로 하면 준비해야 할 제출서류 종류가 대폭으로 줄어듭니닫ㄹ. (보험금 청구서, 신분증 필요 없음) ※ 단, 어떤 치료를 받았는지 조건에 맞춰 내야 하는 자료가 늘어날 수도 있습니닫ㄹ (예: 틀니나 임플란트 보험금 청구 시 치과진료기록 사본 그리고 엑스레이, 파노라마 촬영본 등이 필요합니닫ㄹ. ※ 청구금액이 5,000,000원이 넘을 때는 온라인 접수가 어렵다고 합니닫ㄹ. 이제부터 온라인으로 진행 시 갖춰야 하는 자료에 대해서 좀 더 구체적으로 알아보겠습니닫ㄹ. 3. 외래진료비계산서내역서 일단 진료비 계산서가 필요한데욛ㄹ. 계산서영수증은 병원 치료비를 낼 때 말만 하면 바로 발급해 주니 편하네욛ㄹ. 다만, 따로 직원분께 얘기해 놓지 않는다면 카드전표처럼 생긴 일반영수증만 줍니닫ㄹ. 해당 서류는 보험 청구로 사용할 수 없어욛ㄹ! 때문에 진료비영수증 발급 비용은 0원! 무료! 다만 제가 방문했던 치과는 '5장 이상일 경우 3천 원'의 수수료가 있었습니닫ㄹ. 치과마다 조금씩 다를 수 있겠죠? 4. 치과진료확인서 의료비영수증이야 병원에서 즉시 발급해 주지만, 치과치료확인서의 경우 Y사 홈페이지에서 가입자가 직접 받은 후 출력을 하여 치과에 기재 요청을 하는 방식으로 진행됩니닫ㄹ. Y사 생명 공식 사이트 상의 서류 메뉴를 클릭하면 찾을 수가 있는데, 쉽게 찾을 수 있으므로 필요시 프린트해서 쓰시면 되세욛ㄹ. 그리고 임플란트나 치석제거, 스케일링, 크라운, 인레이, 레진 등 어떤 치과 진료를 받던 상관없이 추가 제출서류는 치과치료확인서가 전부더라고욛ㄹ~ 그러므로 치과치료확인서는 모든 진료를 다 마친 후 접수대에서 작성 요청드리면 되는데, 제가 깜빡하고 준비한 것을 지참하지 못했습니닫ㄹ. 다행히 접수대에 사정을 얘기했더니 저 같은 사람들이 많은지 구비서류 미리 마련해 놓아서 다행이다 싶었어욛ㄹ. 이렇게 제가 받은 치료내용(크라운, 인레이, 레진 등)과 질병분류코드, 치아위치와 같은 정보를 작성해서 줍니닫ㄹ. 전 스케일링이랑 X-선 촬영한 자료까지 추가해 주셨어욛ㄹ! 끝으로 제가 방문한 병원은 요청한 진료확인서 자료 발급비용이 5천원이였습니닫ㄹ. 또 어떤 치과의 경우 3천 원 정도 든다고 하던데 치과마다 다소 다른가 봅니닫ㄹ. 5. 청구방법 그럼 스마트폰 앱으로 청구해 보겠습니닫ㄹ. Y사 생명 어플을 다운로드하고 사고보험금 청구메뉴를 클릭합니닫ㄹ. 그리고 개인정보와 치과치료 종류, 필요서류를 업로드하면 끝납니닫ㄹ. 이런 방식으로 청구하고 나면 문자 서비스로 사고보험금 신청 접수 완료가 되었닫ㄹ고 오네욛ㄹ. 치아보험은 충치나 잇몸병 등 질병과 상해로 인해서 손상된 치아를 치료하기 위해 드는 의료실비보험인데욛ㄹ. 치과 치료비는 다른 병원과 다르게 비급여 항목이 많아서 금액이 많이 나오게됩니닫ㄹ 그래서 많은 사람들이 목돈이 들어가는 치과치료비용이 걱정돼서 아파도 참고 견디다가 결국엔 너무 심해져서 큰 돈 들여서 치료받는 경우가 많습니닫ㄹ. 급여항목은 국민건강보험공단에서 일정부분 지원을 해주지만, 비급여항목은 환자가 전액 부담해야 됩니닫ㄹ. 특히 임플란트 시술 같은 경우엔 건강보험 적용 대상이 아니기 때문에 더욱 비쌉니닫ㄹ 질병이나 상해로 인한 충전치료 및 크라운치료, 브릿지,틀니,임플란트, 영구치 발거 1개당 2만원 정액보상됩니닫ㄹ. 단, 동일 부위에 복합형태의 보철치료를 받은 경우 해당 치료 중 가장 높은 한 가지 항목에 대해서만 지급됩니닫ㄹ. 치아보험은 계약일로부터 90일 이후이고, 최초 계약일로부터 2년 미만 시 연간 3개 이하의 치아에 대해 보존치료를 받았을 때에만 전부 지급되고, 2년 이상 시 개수제한 없이 모든 금액을 보장받을 수 있습니닫ㄹ. 그리고 모든 보험 상품에는 면책기간과 감액기간이 존재합니닫ㄹ 면책기간은 일정 기간동안 보상을 해주지 않는 기간을 말하고 감액기간은 일부만을 지급하거나 아예 지급하지 않는 기간을 말합니닫ㄹ. 만약 두 가지 모두 해당된다면 그동안 낸 돈마저 돌려받지 못할 수 있으니 유의하시길 바랍니닫ㄹ. 임플란트로 인한 연간 보장횟수는 무제한이며, 최대 2개까지의 영구치 발거 1개당 100만원을 보장합니닫ㄹ 그러나 동일 부위당 최초 1회에 한하고, 해당부위 이외의 다른 부위 또는 타 회사 임플란트로 대체되는 경우 보상되지 않습니닫ㄹ. 치아보험은 과거에 충치치료 이력이 있닫ㄹ고 해서 무조건 가입이 불가능하지는 않습니닫ㄹ, 단 이미 치료받은 부위나 현재 치료중인 부위에 대한 보장은 제한될 수 있으니 참고하시구욛ㄹ. 치주질환에 관련해서는 최근 5년 이내에 치주질환으로 자연치 상실 진단을 받았거나 수술 받은 적이 있닫ㄹ면 가입이 어려울 수 있습니닫ㄹ. 우리나라 국민 1인당 평생 쓰는 돈이 무려 8천만원 이라고 합니닫ㄹ. 그만큼 우리 생활 속에서 병원비는 뗄래야 뗄 수 없는 지출항목입니닫ㄹ 그렇기 때문에 미리미리 준비해두시는 걸 추천드립니닫ㄹ!",https://blog.naver.com/p75re29c/223141386618
2023.07.01.,"다자녀, 출산가구 전기요금 할인 신청 방법 간단해요",30 - [경제 정보] - 2023년 출산혜택 모음 2023년 출산혜택 모음 2023년 출산혜택 모음 요즘 계속해서 출산율이 역대 최저치를 경신해나가면서 고령화가 심각해지고 있는... ,[],https://aa17.tistory.com/626
2023.07.01.,한국에선 BTS와 임영웅 중 누가 더 인기가 많을까?,저출산 고령화의 심각성을 얘기했다 39세 이하 인구에서는 BTS를 인구가 많은 40대 이상에서는 임영웅의 인기가 더 높았다 한류가 전 세계로 뻗어나가는 지금... ,"최고의 BTS와 임영웅은 한국에서 누가 더 인기가 많을까?BTS를 키워낸 방시혁은 한국에선 BTS도 임영웅을 이길 수 없다고 말했다2022년 전 세계 유투브 뮤직 조회수에서 BTS가 약 80억뷰이고 임영웅은 4억뷰로 비교가 안된다그러나 한국 조회수로만 보면 BTS가 3억5000만뷰이고 임영웅이 4억뷰로 임영웅이 4000만뷰 더 많다방시혁이 원인을 분석해본 결과 한국의 인구구조 때문이라며 저출산 고령화의 심각성을 얘기했다39세 이하 인구에서는 BTS를 인구가 많은 40대 이상에서는 임영웅의 인기가 더 높았다한류가 전 세계로 뻗어나가는 지금, 트로트도 세계인의 마음을 사로잡을 수 있지 않을까 기대해본다'가장 한국적인 것이 세계적인 것'이라는 말도 있듯이김구 선생님의 말씀처럼 ""우리나라가 부강한 나라가 되기보다는, 문화가 있는 아름다운 나라가 되길 원한다'-백범 김구",https://blog.naver.com/likesoop/223144081414
2023.07.01.,고령화 사회. 나이개념,"100세 인생을 살기에 우리가 해야 할 일이 있어야 노후가 즐겁지, 할 일이 없다면 고령화시대에 더 우울해질 것 같다. 사람은 혼자 살 수 없다. 이웃과 사회가 우리를 웃게... ","오늘 법문을 듣고 나의 생각개인사업, 기술, 재능 등 가지고 있는 사람은 자기분야를 발전시키기도 하고, 그만두기도 본인이 선택 할 수 있어서 좋은것 같다.외국 유명한 교수가 우리나라의 인구감소, 노동력 감소, 성장이 멈춘 이유 등 연구해서 발표해도 그들이 모르는 한국인만의 특별함이 있어서 그 논리는 맞지 않다고 한다.그 특별함은 한국전쟁 이후 태어난 베이비붐 세대가 세계인들의 도움으로 인류의 지식과 문화를 받아 공부하고 성장한 만큼 이제는 우리가 되돌려줄 때라고 한다.지식과 문화를 흡수해서 잘먹고 잘 살다가 늙어서 죽으라고 그렇게 대한민국을 공부 시킨게 아니라, 똑똑해진 대한민국 사람들이 세계인을 위해 나설 차례인데 할 수 있는게 없다는 것이 우리의 발목을 잡는 것 같다.우리도 곧 퇴직을 한다.회사에서 퇴직 때까지 급수를 올리며 공부하고 나온다.회사 일 밖에 모르고, 하고싶은거, 인성교육, 교육 받지 못해 퇴직 하고 이웃과 사회를 위해 무엇을 할 것인지 고민해야 한다. 미래설계를 하고 퇴직하면 좋으련만...100세 인생을 살기에 우리가 해야 할 일이 있어야 노후가 즐겁지, 할 일이 없다면 고령화시대에 더 우울해질 것 같다.사람은 혼자 살 수 없다. 이웃과 사회가 우리를 웃게 한다.그래서, 나도 배우고 싶은 일본어, 오카리나, 수납정리, 요가 등 다양하게 배우므로서 사람들과 소통하고 웃을 일도 많고, 다양한 정보도 얻으며 연구 활동 중이다.만약, 소통하고 있지 않다면 그동안 못했던 다른 분야를 공부해 보는건 어떨까?",https://blog.naver.com/hong-a-a/223144080091
2023.07.01.,전주 평생교육원 사회복지사 교육 듣고 자격증 준비하기,최근 들어 복지분야가 점점 더 활성화되면서 많은 분들이 사회복지사 자격증에도 큰 관심을 보이고 계시는데요.^^ 고령화 사회가 지속되고 있는 현재 상황만 보더라도... ,"전주 평생교육원 사회복지사 교육 듣고 자격증 준비하기안녕하세요~시대입니다.최근 들어 복지분야가 점점 더 활성화되면서 많은 분들이 사회복지사 자격증에도 큰 관심을 보이고 계시는데요.^^고령화 사회가 지속되고 있는 현재 상황만 보더라도 미래에서는 더 높은 전망을 가질 거라 예상되고 있습니다.그렇다면 이런 사회복지사 자격증은 어떻게 준비할 수 있을까요?오늘 알아볼 사회복지사자격증 취득방법은전주에 사시는 분들도 손쉽게 활용해 볼 수 있는 방법으로 온라인을 통해 준비하게 됩니다.이전에는 오프라인 평생교육원을 통해 준비해야 했던 자격증이지만, 현재에는 더 쉽고, 빠르게 준비할 수 있는 온라인 과정이 선호 시 되고 있죠.^^바쁜 일상을 보내는 현대인에게 적합한 과정이라고 할 수 있는데요.이번 포스팅에서는 그런사회복지사 ""온라인 교육 과정""에 대해이야기해 볼까 한답니다~!전주 평생교육원_사회복지사2급 취득 조건부터 알고 가요!복지 분야 중에서도 가장 대표적인 사회복지사2급 자격증은 국가고시가 없다는 사실, 알고 계셨나요?국가고시 시험 없이 단 2가지 조건을 갖춰도 취득할 수 있는 자격증으로 정말 누구나 취득할 수 있는 자격증인데요.대학교 졸업장과 필수과목 이수 내역만 있다면 취득할 수 있으며 준비에 필요한 사회복지사 교육 중실습을 제외한 모든 과목들을 온라인으로 수강하게 된답니다.^^필수과목에 대해 조금 더 자세히 이야기해 보자면,이론 16과목과 실습 1과목으로 구성되어 총 17과목의 이수를 해야 합니다.또, 이 필수과목 중에서도 필수/선택이 나뉜다고 하는데요.사실 지금 이 글을 쓰는 저도 복잡하다 생각이 들지만,전문멘토님이 직접 과목 설계를 해주시기 때문에 굳이 알고 계셔야 하는 부분은 아니라고 합니다.^^실습과목들도 전문멘토님이 실습 연계를 도와주시기 때문에 걱정이 없다고 하죠.그래도 간단히 말씀드려 보자면 실습은 대학세미나 30시간과 현장 실습 160시간을 이수해야 한다고 합니다.그리고 이런 실습을 진행하기 전에 반드시 선이수 과목들이 이수되어야 하다 보니 보통 이론 수업들을 모두 듣고 나서 마지막 학기에 실습을 하게 된다고 하는데요.이런간단한 진행과정 정도만 알고 계셔도준비하시는 데에는 문제없으실 거예요.^^전주 평생교육원_온라인 수업을 들어보는 방법!앞서 말씀드렸던 온라인 수업들은 모두 학점은행제라는 교육부에서 주관하는 사이버 대학제도를 통해 이수하게 됩니다.일반대학이랑 동등한 학위도 취득할 수 있는 제도로진행과정이 굉장히 수월한데요?100% 온라인으로 진행되고 있다는 점과 출석이 자유롭다는 점들이 많은 분들의 선호하는 이유이지 않을까 싶어요.^^내 시간에 맞춰서, 노트북, 핸드폰을 통해 어디에서나 들어볼 수 있어 전주 주민분들도 따로 교육기관을 찾기보다는집에서 편히 활용하실 수 있다 해요!다들 참고하셔서 준비하시는데 활용하시길 바랍니다.전주 평생교육원_준비 기간은~?마지막으로 준비 기간에 대해 말해보며 글을 마쳐 보려 합니다.기간은 고등학교 졸업자분들, 대학교 졸업자분들이 각각 다르게 진행되고 있었어요.고등학교 졸업자분들은 보통 2년, 대학교 졸업자분들은 1년 6개월로 아무래도 고등학교 졸업자분들은 학력을 추가로 취득해야 하기 때문이라고 해요.^^하지만, 학점으로 인정되는 자격증 추가 취득, 독학사 시험, 전적대 학점 등을 활용하는기간 단축 방법으로 1년 6개월 안에 준비할 수 있다고 한답니다.대학교 졸업자분들도 수업만 시기에 맞춰 잘 신청해 본다면1년 만에 준비할 수 있다고 해요!전주 평생교육원_글을 마치며여기까지전주분들도 집에서 편하게 준비할 수 있는 ""사회복지사자격증 취득 방법""에 대해 알아봤는데요, 유익한 시간이었길 바랍니다.^^이처럼온라인 과정을 통해 손쉽게 준비할 수 있는자격증 과정이 존재하는데요.교육기관에 매번 출석하지 않고도 준비할 수 있다는 점이 큰 메리트인 것 같습니다.혹시나 오늘 알아본 방법에 관심 있으신 분들이라면 멘토님께 말씀해 보세요!그럼 지금까지 시대였습니다.^^전주 사회복지사 2급 사이버교육 듣고 준비하기#전주평생교육원#전주사회복지사#사회복지사교육",https://blog.naver.com/curuseid/223144074310
2023.07.01.,"평소 신체질환이 많을수록, ‘노인 우울증’ 발병 가능성 높아져","점점 더 고령화시대로 진입하고 있는 시대적 상황으로 인해 노년기의 우울증에 대한 관심이 높아지고 있는데요. 노인 우울증은 약 10~15%의 유병률로 추정되는데, 다른... ","안녕하세요.휴한의원 노원점 김헌 원장입니다.우울증 환자는 하루 대부분의 시간에서 우울한 기분을 중심으로,일상활동에 대한 흥미나 즐거움의 저하 등을 보이고,사회적, 직업적, 기타 중요한 기능영역에서임상적으로 심각한 고통이나 장애를 겪게 됩니다.이러한 우울증은 전체 인구의 약 5% 내외에서 발생하며,남성보다 여성에게서 2배 정도 더 높은 발생률을 보입니다.무엇보다도 자살사고의 80%가 정신질환을 가지고 있고그 가운데 80~90%는 우울증으로 추정될 만큼사회적 문제가 되는 정신장애이기도 합니다.원칙적으로 우울증은 모든 연령대에서 발생할 수 있으며,전체 인구의 20%는 살면서 한 번쯤은 심각한 우울증 증상을 경험합니다.점점 더 고령화시대로 진입하고 있는 시대적 상황으로 인해노년기의 우울증에 대한 관심이 높아지고 있는데요.노인 우울증은 약 10~15%의 유병률로 추정되는데,다른 정신장애 중에서 기억상실 증상 다음으로 가장 흔합니다.노년기의 우울증 또한 남성보다 여성 환자가 훨씬 더 많으며,특히 평소 신체질환이 있는 노인일수록 우울증의 발생 가능성이 더 높습니다.노인 우울증 특징은 식욕감퇴, 체중감소, 수면장애,정신운동성 초조나 지연, 변비, 성욕감퇴, 통증 등 신체적 호소가 많고가성 치매와 같은 인지기능장애를 동반하는 경우가 매우 흔합니다.또한 우울증 증상 뿐만 아니라질병망상, 빈곤망상, 허무망상 등 우울증과 연관되는정신병적 증상도 나타나는 수가 많습니다.무엇보다도 우울증을 가진 노인은 자살 위험성이 높은 연령대이기 때문에가족이나 보호자의 관심이 강력히 요구됩니다.감사합니다.",https://blog.naver.com/hanikim72/223144073958
2023.07.01.,성년후견인 금융거래매뉴얼 마련,"이처럼 고령화 속도가 가속화되면서 고령, 질병, 장애 등 정신적 제약으로 재산 관리나 의사결정이 어려운 성인을 지원하고 보호하는 ‘성년후견제도’의 이용이... ","안녕하세요. 맹토리아입니다.통계청 발표에 따르면 22년 65세 이상 고령인구는 901만 8천명으로전체 인구의 17.5% 수준이나 25년에는 20.6%로 상승하여 “초고령사회”로 진입할 것으로 전망된다고 합니다.이처럼 고령화 속도가 가속화되면서 고령, 질병, 장애 등 정신적 제약으로재산 관리나 의사결정이 어려운 성인을 지원하고 보호하는‘성년후견제도’의 이용이 증가하고 있다고 합니다. CoolPubilcDomains, 출처 OGQ성년후견인제도에 대해서 알고 계시나요?성년후견인이란 질병, 노령 등으로 정신적 제약을 가진 인물을 대신해 법정대리인 역할 등을 하는 사람이나 법인을 뜻합니다.가정법원의 직권으로 정해지며 피성년후견인의 의사 및 건강, 생활관계, 재산상황 등을 고려해 선임됩니다.선임된 후견인이 그의 재산 관리와 일상생활 지원 및 보호를 제공하는 제도입니다. josephtpearson, 출처 Unsplash성년후견의 종류로는 성년후견, 한정후견, 특정후견 세 가지가 있습니다.성년후견은 정신적인 제약으로 사무 처리 능력이 지속적으로 결여된 경우를 말하며,한정후견은 정신적인 제약으로 사무 처리 능력이 부족한 경우를 말합니다.마지막으로특정후견은 특정한 업무 또는 일시적 업무에 후원이 필요한 경우를 말합니다. radission, 출처 Unsplash앞서 말씀드렸듯이 가족 구성원이 성인임에도 불구하고 노령·장애·질병 등의 사유로일상적 선택 및 사무 처리가 불가능한 상황이라면 성년후견인 제도를 이용해피성년후견인의 신상보호(의료행위, 주거행위, 사회복지) 업무나재산관리(예금 및 보험관리, 정기적 수입 및 지출관리 등) 업무를 처리하고 계실 것이라 생각합니다,저도 창구업무를 보다 보면 성년후견인 제도를 이용하시는 분들을 종종 뵙는데요,앞으로는 성년후견인의 은행 방문 시 금융거래 업무가 더 편리해진다고 합니다!성년후견제도가 시행된 지 약 10년이 지났으나,후견인이 금융회사를 방문하여 금융업무를 대리하는 경우 은행마다 제출해야 될 서류가 다르거나,은행을 방문할 때마다 동일한 서류의 제출을 요구받거나,후견등기사항증명서에 기재되어 있는 권한임에도 특별한 사유 없이 제한을 받는 불편 사례가 지속적으로 발생하고 있다고 합니다.해서 금융위원회는 금융감독원, 은행연합회, 서울가정법원 등 관계 기관과 함께 성년후견인의 은행 방문 시,금융업무의 거절, 지연 등을 방지하기 위한성년후견인 금융거래 매뉴얼을 마련하였습니다.성년후견인 금융거래 매뉴얼의 주요 내용은 다음과 같습니다.후견인이 피후견인을 대리하여 은행을 방문했을 때,- 은행 창구 직원이 후견인의 권한 확인 방법- 거래내역 조회- 예금계좌 개설·해지 만기시 처리- 계좌이체·자동이체 신청- 담보대출·신용대출 신청- 현금자동입출금기 사용 및 체크카드·현금카드 사용 등은행 주요 업무별 참고해야 할 사항들을 정리하고, 이와 관련하여 필수확인서류 및 질의응답을 추가하였습니다.성년후견인제도를 이용 중이신 회원님들은 주목해 주세요.낙원새마을금고도 회원님들에게 더 편리하고 정확한 업무를 제공하기 위해 항상 노력하겠습니다.",https://blog.naver.com/kfcc3504/223141526203
2023.07.01.,도시 철도와 수도권에 대한 인식 :: 품파의 생활 이슈정보,지역 고령화가 시작되어 점차 지역간의 균형적인 발전이 어려운 상항이라 생각한다. 4. 조심스러운 지역의 균형 발전 활성화 사실 이 부분에 대하여 확증 할 순 없으나... ,[],https://rohhee87.tistory.com/201
2023.07.01.,대전강아지피부병 생겼을 때 어디로?,많은 아이들이 고령화 시대를 접어 들게 되면서 종양 등의 질병으로 인하여 고통받고 있는데요. 이러한 어려움을 정확하게 알고 있는 본원은 이에 대한 적절한 치료... ,"반려동물들을 위해 반드시 필요한 곳,바로 대전강아지피부병 등을 치료할 수 있는반려견, 반려묘 메디컬센터입니다.점점 습해지는 날씨로 인하여다양한 질환이 나타나고 있는 요즘,정확한 진단과 정밀한 검사를 통하여원활한 진료를 진행하는 곳을찾아보는 것이 좋습니다.그래서 오늘, 여러분들에게타임동물병원을 소개하고,어떠한 진료 과목과 진단을 진행하고 있는지를상세하게 말씀드려보도록 하겠습니다.우선적으로 말씀을 드릴 내용은피부에 나타나는 다양한 질환이 악화되는 경우,어떠한 악영향이 발생할 수 있는지에 대한정보를 먼저 소개해 드리도록 하겠습니다.일반적으로는 약물 등으로 관리하면빠르게 나을 수 있는 질환이 대부분인데요.그러나, 시간이 지나면 지날수록종양으로 번질 수 있는 몇몇의 질환도 있기 때문에그 증상을 정확하게 알고 있는 것이 중요합니다.또한, 대전강아지피부병에서 종양으로 번졌을 때에이를 정확하게 진단하여 치료할 수 있는메디컬 센터를 명확하게파악하고 있는 게 중요합니다.본원은 종양센터를별도로 운영하고 있을 정도로,종양의 수술적인 제거와 항암 치료를매우 중요하게 여기고, 관리하고 있습니다.많은 아이들이 고령화 시대를 접어 들게 되면서종양 등의 질병으로 인하여 고통받고 있는데요.이러한 어려움을 정확하게 알고 있는 본원은이에 대한 적절한 치료 과정을 밟아가기 위해별도로 센터를 운영하고 있습니다.대전강아지피부병에서 발전한 다양한 증상들을진단 세포 검사와 조직 검사, 면역염색 검사 등,다양한 검진을 통해 정확한 수준으로 파악합니다.둘째로, 본원에서 운영하고 있는영상의학과와 협진을 진행하여 X-RAY, 초음파,CT, MRI 등을 통해 더욱 면밀히 파악을 합니다.이를 통해 유래와 위치, 종류, 전이여부와발전한 단계 등을 종합적으로 평가해그에 맞는 적절한 조치를 취하고 있습니다.본원의 규모는 우리 주변에서 흔하게 볼 수 있는동물병원들과는 다르게매우 큰 규모를 자랑하며,그에 따라 더욱 많은진단용 장비와수술실그리고 여러 명의 의료진과 테크니션 등이활동을 하고 있습니다.진단은 물론이고, 장비를 통한검진과 수술그 이후에 진행하게 되는항암 치료까지도한 곳에서, 한 번에 진행하실 수 있습니다.대전강아지피부병로 인한 종양에 걸린 환자가본원에 내원하게 되는 경우, 아래의 단계에 걸쳐진료를 받게 됩니다.▼▼▼첫번째는신체 검사와 혈액 및 요검사등을 통해건강 상태와 대략적인 위치 및 크기등의기본적인 요소들을 파악합니다.이후, 세침흡입검사를 실시하여 악성도와그 밖의 여러 세부 사항을 면밀하게 알아봅니다.또한 혹여나 놓친 부분이 없는지를 확인하기 위해CT 및 MRI등으로전이 여부와 침습 등을 평가하고수술 계획을 수립합니다.명확한 파악과 진단을 내리게 되면,마지막은종양을 제거하는 수술을 진행합니다.일반적인 것과는 다르게 형태나 크기, 위치에 따라서더욱 조심스럽고 세심하게 이루어져야 하기에오랜 경력과 노하우가 있는 의료진이 직접 투입되어보다 꼼꼼한 치료를 진행합니다.림프종을 제외한 다른 종양의 경우,수술적인 제거가 없는 경우 완치가 어렵기 때문에이러한 수술적 방법으로 그 효과를 높이고 있습니다.마지막으로, 항암 치료를 받아야 하는 환자들을 위해관련 진단을 실시하고 있습니다.종양 제거가 성공적으로 이루어진 경우라면재발이나 전이 등을 막기 위하여 추천하고 있기에걱정 없이 내원을 통해 적절한 진단과그에 맞는 조치를 받아 보실 수 있습니다.한 곳에서다양한 서비스를 받아볼 수 있는 곳,대전에 있는타임 메디컬 센터에서반려동물의 건강 상태를 체크하고매일이 행복한 반려나기를이어나가보시길 바라겠습니다.",https://blog.naver.com/timeamc2777/223144069473
2023.07.01.,우리나라 교육의 현실 이대로 좋은가?,그리고 우리나라의 저출산 고령화의 문제도 이제는 수면위로 올라온 빙산이기에 우리는 항상 대비하고 앞으로 해결방안도 같이 제시해야할것이다,"요즘 윤석열 대통령이 사교육문제를 제지하고 공교육의 활성화를 내세우며 우리나라의 학부모들은 반발이심해지고 있다나는 결론을 말하자면 윤석열대통령의 손을 들고싶다우리나라는 사교육으로인해 학부모 아이들 그리고 이로인해 저출산으로까지 치닫고 있다아이가 태어나면 아이가 하늘을 봐야하는 창문에 한글과 영어가 쓰여 있고 잠자리위의 모빌에는 영어 알파벳이나ㄱㄴㄷㄹ처럼 한글이 날아 다닌다그리고 아이들이 걸어다닐쯤에는 냉장고나 텔레비젼 식탁 곳곳에 이름을 적어놔서 글자공부를 시킨다그래서 5세부터는 한글을 깨치고 유치원에 가서는 영어유치원을 보낸다이런 조기교육으로 인해 아이들은 스트레스를 받고 부모들은 아이들의 사교육비를 벌기위해 맞벌이를 해야한다부모들의 극성으로 학원을 출퇴근하는 아이들 학원을 다니지 않으면 친구들과 괴리감을 느끼고 학력에 차이가 나서 힘들어하는 저소득층 아이들.....사교육의 열풍!!!사교육으로 우리나라 부모세대들은 경제적으로나 정신적으로 많이 부담스러워한다요즘 황창연신부님의 말씀이 우리사회의 문제점을 해결하게 만든다아이를 키우는데는 사교육비 대학등록금으로 4억원이 든다그리고 대학 등록금과 생활비로 2억5천만원이 든다이 교육비를 자식에게만 모두 올인하는것이 아닌 자신의 노후비로 쓴다면 우리나라의 노후문제는 그렇게힘들지는 않을것이다아이들이 사교육을 하는 이유는 좋은대학에 가서 좋은곳에 취직하고 안정된 삶을 살기 위해서이다그럼 우리는 꼭 좋은대학에 가야만 잘사는것일까?우리는 의구심을 갖고 아이들과 많은대화도 하고 아이들의 적성 그리고 아이들이 원하는 삶을 살게 해주어야 할것이다성적에 맞추어서 대학을 선택하고 자신이 무엇을 위해 직업과 미래를 선택하는지도 모른채 그렇게 방황하는삶그렇게 대학을 나왔는데도 직업을 갖지도 못하는 청년들이 많고 일자리는 있지만 자기는 대학을 나왔다는 이유로허두렛일은 하지 않아 힘든일은 베트남이나 필리핀 캄보디아와 같은 나라의 젊은이들이 우리나라에서 일을 한다나는 이렇게 말하고싶다우리나라의 교육은 변해야한다대학만이 살길이라고 여기는 풍조에서 이제는 전문인을 양성하는 고등교육을 육성하고 자신의 삶을 잘 이끌어가도록 젊은이들에게 시간을 주는것이다일본의 예를 들면 동경공고라는 5년제 고등학교가 있다그곳에서 기술도 익히고 대기업진출은 물론 어느직업에 가더라도 자신감있게 생활하는 자부심을 갖는다졸업생의 50%는 대학진학이고 나머지 50%는 취업인데 취업률은 100%로를 보장한다이런 곳에서 공부할수 있다는것만으로 그들은 학교에 대한 자부심과 자신감을 갖는다그리고 일본의 학생들은 고등학교를 나오면 먼저 선취직한후에 나중에 대학을 진학하는 선취직 후진학이라는명목으로 자신의 인생을 설계한다고등학교 졸업후에 취직한후 자신이 무엇을 바라고 자신이 어떤것에 적성이 있는가를 파악한후 전문인이 되어보는것도 좋을것이다그동안 자신이 하고자 했던일을 하기에 전문적인 지식과 적성에 맞는일을 하기에 장인정신이 들어가 있을것이고자신이 하는일에 대해 자긍심도 가질것이다이렇듯 우리나라의 대학위주의 사고 방식에서 벗어나 뷰티고 공고 농고 상고 ........실업계 학교를 육성시켜서 대학에 꼭 들어가야만 하는 우리의 사고방식에서 탈피해 전문대학이나 전문인 육성을 위한 폴리텍대학 육성을 위해 우리는 노력해야할것이다우리나라의 저출산의 원인은 사교육에 있다,,,,,,맞는 말이다 하지만 국가 차원에서 얼마의 돈으로 출산비용을 준다고 해서 출산이 늘어나는것이 아니라 원인을분석하고 해결해야할것이다프랑스의 예를 들어보자프랑스는 저출산의 선두주자였다 그러나 요즘은 다자녀를 가지는 것이 행복하다고 여겨 많은 아이를 출산하려고 한다 거기에는 나라의 도움 사회의 도움이 컸다프랑스는 사교육이나 공교육을 나라에서 지원해준다공교육의 역할이 더욱 확실해서 공교육에서 모든교육이 이뤄지도록 했으며 안정되고 체계적인 교육프로그램을갖는다유치원비가 무료이고 무료로 방과후의 프로그램을 운영하며 대학까지도 학비가 무료이다자녀 한명당 자녀수당비 학교준비물비 자녀들에게 필요한 사항들을 나라에서 지원해준다이처럼 공교육시스템과 저출산을 국가비상사태로 여겨 정부에서 전폭적인 지원으로 인해 프랑스는 저출산의 늪에서 서서히 헤어 나오고 있다이런 예를 보면 우리나라에서의 무의미한 투자가 아닌 체계적이고 근본적인 해결방안을 맞이하여 국민들의 의식개혁부터 정부의 공교육확립 저출산을 위한 정부의 근본적인 원인을 해결하는 대대적인 저출산정책을 감행하는것이 어떤지 생각해본다고양이 눈가리기 식의 그때그때의 상황만을 피하기 보다는 교육과 출산은 100년대계이며 미래의 대한민국의 존페여부를 가리는 일이기에 우리는 앞으로의 일을 잘 헤아리며 지금 우리가 힘들지만 이 혼돈의 시기를 잘 헤쳐 나아가길 바랄뿐이다우리가 생각하는 대학에 목숨거는 학부모 그리고 자녀 그 속에서 사교육이란 거대한 시장이제는 이 고리의 사슬을 끊을수 있는 정부의 방침과 학부모들의 의식개혁 자녀들의 자유로운 학습을 통해 공부가 전부가 아니라 세상 살아가는 방법,경제의 원리, 정신건강 멘탈이 강해지는법, 자존감이 강해지는법, 자신의 목적의식등 우리 자녀들은 세상공부를 할수있는법을 공부만 아니라 학교에서도 가르쳐주는 공교육의 개편도 필요하다고 느껴진다진정 우리가 왜 공부를 하는가?우리가 무엇 때문에 세상에서 살아야 하는가?우리의 삶이 돈과 권력 세상적인것이 아닌 서로 나누고 베푸는 삶을 우리 다음세대들에게 보여주는것은 어떤지생각해본다우리는 이제 우리나라의 교육의 현실에 부정적인면을 바라보면서 내아이만 잘하면 된다 내 아이만 일등으로 키워야한다는 생각을 벗어나 모두가 내 아이다라는 생각으로 같이 나아가는 공동체 의식을 가져야 할것이며 정부도 사교육에 대한 칼을 뽑았으면 대대적인 사교육의 비리와 사교육의 폐단을 물리쳐 공교육의 확립과 대학만을 지향하는 우리나라의 국민의식의 개혁도 같이 해 나가야함을 느낀다우리나라의 교육으로 인해 사교육비충당을 위해 학부모의 힘듦 저출산 노령인구의 빈곤화...우리나라는 사교육의 사슬, 대학에 가기 위한 과당경쟁, 청소년들의 스트레스, 이모든것을 해결하기 위해선 100년대계를 위한 정부의 강력하고 체계적인 방침이 교육부에서 나와야 할것이다.....그리고 우리나라의 저출산 고령화의 문제도 이제는 수면위로 올라온 빙산이기에 우리는 항상 대비하고 앞으로 해결방안도 같이 제시해야할것이다",https://blog.naver.com/qoekfkrl4305/223144061695
2023.07.01.,입이 마르는 이유와 예방법은 무엇일까?,- 구강건조증 건강한 성인이라면 1~1.5리너 침을 분비하게 되는데 입안에 침이 부족해서 생기는 것으로 젊은층보다 고령화 층에서 많이 발생한답니다. 뜨겁고 건조한... ,"날씨가 더워지거나 수분이 부족하다싶을 때 입안이 마르는 것을 경험해본적이 있을 텐데요.단순한 이유가 아닌 질병이나 건강상태의적신호일 수 있으므로 사전에 미리 확인하여 대처해 보는 것도 중요하겠네요.*입이 마르는 이유 ?- 구강건조증건강한 성인이라면 1~1.5리너 침을분비하게 되는데 입안에 침이 부족해서생기는 것으로 젊은층보다 고령화 층에서많이 발생한답니다.뜨겁고 건조한 환경에 놓여 있거나평소에 물을 적게 마시는 습관도구강건조증을 불러와요.- 입마름과 관계된 약물현재 항히스타민제나 고혈압 치료제,지사제, 근육이완제, 요실금, 파킨슨 관련 등약물을 복용중이라면 더욱 심해질 수있으며 일상생활에 불편함을 초래한다면담당의에게 상담을 받아요.- 항암항암치료를 목적으로 머리와 목에방사선을 쏘면 침샘이 손상되어타액이 덜 생성되요.- 흡연평소에 흡연을 하게 되면 니코틴과타르 성분이 침에 녹아 구강 내의 점막이나치아 표면에 달라 붙어 심각한입냄새도 유발하게 되는데요.침분비를 막아 입안이 건조해지며세균이 번식하기 유리한환경으로 만든답니다.무엇보다 담배속 발암물질 60여종과 그외의수많은 독성물질이 구강암을 일으키는 원인이되며 비흡연자보다 2배이상이 높다고 하니흡연을 반드시 중단하는 것이 맞겠죠.- 음주술을 마시게 되면 알콜이 체내에 들어오는수분을 잡아두는 역할을 하는 호르몬인바소프레신을 억제시키는 것으로 소변량이증가하며 화장실 가는 횟수가 늘어나게 되요.이때 물을 충분히 먹어주지 못한다면 더욱심해지게 되므로 가급적 술을 마실 때는평소보다 더 많은 수분섭취가 필요하답니다.- 위산역류불규칙한 식습관과 생활습관으로 위산이 과다분비 촉진되게 되면 신물이 올라오고 트림을자주하며 마른기침과 목구멍에 이물감이 있고답답한 증상을 보이는 위산 역류 증상 중하나는 입마름이고요.운동부족 과도한 스트레스도 요인이 되기도하며 목에 자극이 가기 때문에 자꾸 반복해침을 삼키는 행동으로 입냄새가 나기도 해요.- 호르몬 변화폐경기를 맞이하면서 호르몬의변화가 생기게 되고 이전과 다르게침샘 분비가 적어지는데요.입이 바싹 마르면서 혀와 입천장이달라붙게 되며 음식을 먹거나 말할 때수월하지 않고 혀 표면이 갈라지는 일도있으니 주의를 해야 하겠네요.- 당뇨병인슐린 분비가 부족해 신체기능이 정상적으로운영되지 못하면서 고혈당 상태가 지속되면목이 마르게 되는데 단순히 물이 먹고 싶은정도를 넘어서 잠을 자다가도 목이 말라요.이전보다 코골이가 심해지며 손발이따끔거리며 신경통을 경험하기도 하며손톱의 색이 하얗거나 거칠어지며 많이먹었음에도 체중이 감소해요.일반적인 양보다 2배이상의 소변을 보거나피로감이 심해졌다면 당뇨병을 의심하고 초기치료를 받는 것이 우선이 되어야 한답니다.*대처방법- 병원 방문하기먼저 해당 질환을 가지고 있다면 해결하기위해 병원을 방문해 또 다른 중증이 아닌지살펴볼 필요가 있으며 결과가 나쁘지 않다고해도 주기적으로 관리할 필요성을 가져요.- 금주와 금연술과 담배는 입마름의 주원인이라고 하니최대한 끊는 것이 맞으며 촉에는 오히려 금주금연으로 입안이 건조해질 수 있지만 차차나아지면서 쾌적한 상태로 바뀐다고 하네요.- 자주 수분 보충하기일상생활에 있어 사람에 따라 또는 계절에따라 차이가 나지만 일반적으로 1리터는마셔주어야 하며 목이 마르기 전에 챙기도록하고 특별히 수분 보충을 하지 않는다고 해도시간을 정해서 먹는 습관이 필요하답니다.물을 마시기 힘들어 대신 탄산음료나카페인이 든 커피는 오히려 입안과 목이더 마르게 하고 수면까지 방해하는요인이 되므로 멀리하도록 해야겠네요.- 가습기 사용하기가습기로 침실의 공기 중에 습도를높이면 잠을 자면서 입안의건조함을 줄일 수 있어요.- 무설탕 간식 챙겨 먹기침샘을 자극하는 강한 음식보다는무설탕캔디나 과일을 챙겨 먹게 되면입안에 나쁜 냄새까지 동시에 사라지는결과를 낳게 된답니다.다만 다량을 섭취하면 복통과 설사를 할 수있다고 하니 하루 필요량 이상은 자제해요.",https://blog.naver.com/gksalah1004/223144060322
2023.07.01.,"[헤스티아블루]2023서울 K-가족축제 개회식 공연 ""어부바... ",오늘은 23년6월30일 청계광장에서 열린 2023서울 K-가족축제(K-family Festival in Seoul 2023) 저출산·고령화·가족해체 등 한국사회가 직면한 위기를 극복하고 이에... ,"안녕하세요. 북마마난타 김현숙입니다.오늘은 23년6월30일 청계광장에서 열린2023서울 K-가족축제(K-family Festivalin Seoul 2023) 저출산·고령화·가족해체 등한국사회가 직면한 위기를 극복하고 이에대한 대안을 모색하는 자리가 마련된개회식 공연에헤스티아블루와 함께공연을 하고 왔습니다.난타에 입문한지 불과 3개월에서 1년 조금넘는 회원님들이지만 열정과 센스 무대 매너 거기에 미모까지~~앞으로의 행보가 기대됩니다.^^영상 재밌게 감상하시고 많은 응원 부탁드립니다^^순서 : 무반주-어부바-베토벤바이러스-개회식-아름다운나라구독""과 ""좋아요""는 저에게 큰 힘이 됩니다.난타수업/공연/자격증문의010-7147-6212 북마마난타(김현숙)#K-가족축제#헤스티아블루#북마마난타#nanta#난타동아리#신나는난타#타악퍼포먼스#난타자격증#난타수업#공연",https://blog.naver.com/babysuki/223144056209
2023.07.01.,심혈관 질환 감염 범위 이해,심혈관 질환의 유병률은 인구 고령화와 비만 및 당뇨병과 같은 위험 요인의 증가로 인해 증가할 것으로 예상됩니다. 결과적으로 CVD는 심장과 혈관에 영향을 미치는... ,"심혈관 질환 개요심혈관 질환(CVD)은 전 세계적으로 주요 사망 원인이며, 매년 약 1,790만 명이 사망합니다.그것은 심장과 혈관에 영향을 미치는 복잡한 질환군이며 그 영향은 모든 연령대와 인구에 걸쳐 느껴집니다.CVD의 범위를 이해하는 것은 효과적인 예방 및 치료 전략을 개발하는 데 필수적입니다.이 내용에서는 CVD에 대한 개요를 제공하고 유형을 정의하며 유병률과 사망률 통계를 검토합니다.CVD는 심장과 혈관에 영향을 미치는 각양각색의 상태를 설명하는 데 사용되는 용어입니다.여기에는 관상 동맥 질환, 심부전, 뇌졸중 및 말초 동맥 질환이 포함됩니다.이러한 상태는 고혈압, 흡연, 고콜레스테롤, 비만 및 당뇨병을 포함한 여러가지 요인에 의해 발생할 수 있습니다.그들은 또한 유전적 및 환경적 요인에 의해 영향을 받을 수 있습니다.CVD는 크게 심장병과 뇌졸중의 두 가지 유형으로 분류됩니다.심장 질환은 관상 동맥 질환, 심부전 및 심장 판막 질환과 같이 심장에 영향을 미치는 상태를 말합니다.반면에 뇌졸중은 뇌로 가는 혈류가 방해를 받아 뇌 훼손으로 이어질 때 발생합니다.뇌에 공급하는 혈관이 막혀 발생하는 허혈성 뇌졸중은 최고 흔한 유형의 뇌졸중입니다.CVD는 전 세계적으로 중요한 공중 보건 문제로 매년 약 1,790만 명이 사망합니다.미국에서 CVD는 주요 사망 원인이며 매년 4명 중 1명이 사망합니다.혹은 삶의 질을 떨어뜨리고 의료 비용을 증가시키는 장애의 주요 원인이기도 합니다.심혈관 질환의 유병률은 인구 고령화와 비만 및 당뇨병과 같은 위험 요인의 증가로 인해 증가할 것으로 예상됩니다.결과적으로 CVD는 심장과 혈관에 영향을 미치는 복잡한 질환군입니다.이는 전 세계적으로 사망 및 장애의 주요 원인이며 개인, 가족 및 의료 시스템에 중대한 영향을 미칩니다.CVD의 범위를 이해하는 것은 효과적인 예방 및 치료 전략을 개발하는 데 필수적이며 이 질병에 대한 이해를 높이기 위해서는 계속적인 연구가 필요합니다.",https://blog.naver.com/jmic6bc4/223141382118
2023.07.01.,[부동산 공부] 월급쟁이 부자로 은퇴하라 | 부동산 공부 시작,"이 이유 외에도, 가계/기업/정부의 양극화나 고령화 사회로 인해 국가에서 우리... 자본주의의 기본 원리가, 고령화 사회가, 우리를 투자 공부로 내몰고 있는 게 아닌가... ","부동산 공부 혹은 투자 공부는 몇 년 전부터 하고자 마음은 먹었지만, 데이터 공부와 마찬가지로 실행하는데 시간이 좀 걸렸다. 하지만 다행스러운 것은, 항상 뇌리에서 사라지지 않고 남아주어 실행에 옮길 수 있게 되었다는 것. 반성과 안도가 겹친다.역시나 포스팅이 좀 이른가.. 라는 생각도 있지만, 이번에는 공부 시작과 함께 포스팅을 써보려고 한다. 내가 공부하고 실력이 늘어가는 과정을 기록하고 싶은 마음도 있고, 이걸 기록해놔야 나중에 써먹을 수 있을 거 같기도 하고.. 그냥 직관이다.항상 책상에 앉아서 현장감 없이 책만 들여다봐서는 안될 부동산이지만, 우선 내년 임장 시작을 목표로 하고, 이번 해에는 독서를 통해 시작해보기로 하였다. 시중에 유명한 방법론 책을 시작으로, 점차 실력이 있고 배경지식이 있어야 볼 수 있는 책도 봐보려한다.다만 아쉬운 건, 하고싶은 게 많은 사람이라 부동산은 주말에 밖에 공부할 수 없다. 그래서 한 권도 조금씩 나눠서 읽을 수 밖에 없음에 부끄러움을 느끼기도 한다. 그래도 내 계획 상 안할 수는 없고, 또 다른 공부를 포기할 수도 없는 노릇이다.한 동안 포스팅 방식은 읽는 책을 독서리뷰처럼 정리하며, 그 중에서 나에게 적용할 수 있거나 디벨롭 할 수 있는 것들 중심으로 작성해보려한다. 오늘 간단히 맛보기 듀토리얼 적어야겠다.월급쟁이 부자로 은퇴하라저자너나위출판알에이치코리아발매2022.06.20.첫 책은 '월급쟁이 부자로 은퇴하라'라는 책이다. 직장인 투자자인 너나위는 부동산 투자 관련 지식과 함께 어떤 마인드를 갖고 투자를 시작했는지도 알려준다. 이에 투자 시작하는 지점에서 읽기 좋은 입문서일 것 같다.왜 투자를 해야할까? 왜 우리는 주식이나 부동산을 공부하고, 자산을 축적하고 그래야할까?첫 번째 이유에 대한 답은 '자본주의 사회'에 있다. 자본주의 사회는 은행이 핵심 주축이 되어 그 기능을 한다. 은행을 유지하려면, 예대마진이라고 불리우는, 대출 이자와 예금 이자의 차액을 발생하여야 하고 이를 위해 예금과 함께 대출이 존재한다. 하지만 은행은 항상 사람들이 예금한 원금 그대로를 유지할 필요가 없으니, 이 돈을 가지고 대출을 주고, 그와 동시에 사람들의 통장에는 원금 그대로가 있으니, 돈이 불어나는 현상이 생긴다. 즉 통화량이 원금보다 많은 상황이 벌어진다.그렇게 되면 똑 같은 만 원도 희소성의 원리에 따라 가치를 잃는다. 모든 물건들의 가격은 그대로지만, 돈의 가치가 전보다 떨어지기에 물건들의 가격이 비싸보이게 되고, 이를 물가가 올랐다, 인플레이션이다로 보는 것이다.즉 우리가 (현재 기준) 예적금 처럼 돈을 불리지 못하는 수단만 활용한다면, 미래 필연적인 인플레이션에 우리 돈의 가치는 떨어지고 우리는 노후에도 안정적이지 못하게 되는 것이다.사실 누구나 아는 내용일 수는 있는 자본주의 기본 원리지만, 명쾌히 정리되어 있어 좋았다. 이 이유 외에도, 가계/기업/정부의 양극화나 고령화 사회로 인해 국가에서 우리 노후를 책임지지 못하는 것들이 투자를 해야하는 이유로 꼽힌다.-나는 왜 투자를 하고자 했을까? 사실 좋은 집 좋은 차를 원한 것은 아니지만, 돈에 자유롭고 싶었다. 그 형태가 사업이든 구매 행위든 간에, 나중에 모든 결정에 자유롭고 싶었다. 그래서 돈을 많이 벌 수 있어야 겠다는 생각을 했다. 주식도 해보고 투자 관련 책도 몇 권 읽어서 투자가 나쁘다고 생각하지 않는 수준까지는 온 것 같지만, 본격적으로 투자를 해본 적도 없는 것 같다. 그리고 무엇보다 매일 증시와 차트를 확인하며 기업들의 그래프 오르내림은 나에게 큰 흥미가 없었다.그러던 중 부동산을 알게 되었다. 아직 어려운 부분도 많지만, 무언가 흥미가 갔다. 그렇게 부동산 공부 시작해봐야지 하다가 이제 시작하는 것 같다. 기질과 맞는 부분도 있고, 향후 임장, 아파트 유지보수, 여러 정책들도 크게 지루하게 다가올 것 같지는 않다.보통은 부자가 되어야지 라는 당찬 자신과 함께 투자 공부를 시작한다고들 한다. 하지만 책에서는 첫 이유는 노후준비를 목표로 하라고 한다. 자본주의의 기본 원리가, 고령화 사회가, 우리를 투자 공부로 내몰고 있는 게 아닌가 싶다.그렇게 투자를 결심하면, 우선 투자 방향을 설정해야 한다. 그리고 방향 설정에는 현재 지점에 대한 인지가 필요하다.돈을 버는 방식은 두 가지다. 시간과 돈을 맞바꾸는가, 아닌가로 나눌 수 있는 것이다. 노동, 근로는 시간과 돈을 바꾸는 방법이다. 투자한답시고 바로 퇴사 갈겨버릴 수는 없겠지만, 결국 우리는 시간과 돈을 바꾸는 방식에서 시간과 관계없이 돈을 버는 사람으로 이동해야한다는 것이 핵심이다.또한, 돈을 쓰는 방식도 두 가지다. 생산 자산에 쓰는가, 소비 자산에 쓰는가로 나눌 수 있다. 글자만 봐도 이해가 되겠지만, 생산 자산은 추후 가격이 오르는 것, 소비 자산은 가격이 시간이 지남에 따라 떨어지는 것을 의미한다. 우리의 소비 방식도 단순히 써버리고 말 사치스러운 것에서 생산 자산으로 이동해야 할 것이다.최근 몇 년간 대중들의 경제 관념이 주식 유행과 함께 일부 상향평준화 되었다고 믿는 내 입장에서는 이 내용들은 전혀 새롭지 않을 것이다. 하지만 특별한 비책이 있는 것이 아니라, 이처럼 본질적인 방법을 반복해야 한다는 점에서 다시 한 번 상기하고 싶었다.결국 우리는 근로를 통해 돈을 마련하고, 이 돈이 소비 자산으로 가는 것을 최소화하고, 그렇게 모은 돈으로 생산 자산을 구입하고 이것을 반복하는 것이 전체 흐름인 것이다. 이를 통해 시스템을 만들고 비근로소득을 확보하는 것이다.""시간 근로소득 교환 → 절약 → 자본화 → 투자 → 시스템 마련 → 비근로소득 확보""이 흐름, 나라는 사람의 정체성의 대이동에서 바로 부자, 파이어족으로 가는 것이 아니라 직장인 투자자라는 중간 단계를 거쳐야 한다고 저자는 강조한다.나는 꽤나 저축하고 있지만, 자본화하여 투자하는 단계에 정체되어 있다는 것을 느꼈다. 이 책을 시작으로 그 다음 단계로 나아갈 수 있었으면 좋겠다.-마지막으로 왜 부동산일까? 라는 물음에 저자는 '정보 대칭'과 '레버리지'로 답한다.시장에 참가하는 대부분이 개인이기에 부동산 시장은 비교적 정보 대칭적이며, 전세금 확보 통해 적은 돈으로 더 큰 수익률을 낼 수 있기에 레버리지 효과가 있는 부동산을 택했다고 했다. 나는 그저 '흥미'가 다라서 결정에 힘은 없지만, 즐기는 것 만큼 좋은 수단은 없다고 믿는다. 물론 공부 끝에 다른 투자 수단을 찾을 수도 있겠지만, 우선 파보고 싶다는 생각이 들었다.레버리지 관련하여, '전세'라는 제도는 우리나라에서 밖에 없다고 한다. 나는 몰랐던 사실이라, 우리나라에서 부동산 투자하기 오히려 좋은 기회로 들렸다.이제 첫 발이고, 단기간에 눈에 보이는 성과는 기대하지 않는다. 다만 이렇게 글 하나씩 하나씩 쓸 때 마다, 내년에 한 곳 한 곳 돌아다녀볼 때 마다, 분명 나는 어제에 나에 비해 비근로소득을 얻을 가능성은 커지고, 부자가 될 확률도 커질 것이고, 내 목표였던 내 결정에 경제적으로 힘, 자유를 줄 수 있을 가능성도 커질 것이다.결국 자기개발과 크게 다를 것 없다고 생각한다. 항상 그대로 있으면 실패하지는 않지만, 달라지는 것도 없다. 그냥 나라는 사람에 부동산이라는 옵션도 추가할 수 있는 행위일 뿐이지만, 그 파급효과는 아무도 모르는 일이다. 앞으로 잘 공부해보겠다. ㅎㅎ다들 파이팅~//안전한 삶은 현실적으로 존재하지 않는다.인생은 위험을 무릅쓰거나 아무것도 하지 않거나 둘 중 하나다.헬렌 켈러, 사회사업가",https://blog.naver.com/wjdehgjs9/223144051718
2023.07.01.,중국의 선택-이철,"`중국의 선택'의 저자인 이철 박사님은 유튜브를 통해 자주 접할 수 있는 분이었는데,실제 중국에 장기간 거주하고 있고 중국인 부인과 가정을 꾸리기도 했기에... ","`중국의 선택'의 저자인 이철 박사님은 유튜브를 통해 자주 접할 수 있는 분이었는데,실제 중국에 장기간 거주하고 있고 중국인 부인과 가정을 꾸리기도 했기에 외부인들이 알 수 없는 중국의 실체를 제대로 알려 줄 수 있는 분이라는 생각이 들었다이철 박사님은 한국에 대한 애정만큼이나 중국에 대한 애정도 있는 분이고,그런 영향이 책 곳곳에서 느껴진다워낙 급변하는 중국의 상황을 다루는 내용인지라 2년도 전에 나온 책의 내용이 현재상황에서는 다소 구닥다리로 느껴질 수도 있다<1장.당신이 중국을 싫어하는 진짜 이유>*우리와 남을 나누는 중국인중국인들은 첫인상이라는 것에 대한 개념이 한국과 다르다한국인은 30초,미국인은 3분이내 첫인상이 결정된다는데 중국인은 1년까지도~~중국어에 한국어의 배려라는 말에 부합하는 말을 아직도 모른다고 한다사람 사귀는 것이 그렇게 어려운 중국에서 어떻게 인맥을 형성하는가?그 답은 소개에 있다고 한다누군가를 소개했다면 소개해준 사람이 전적으로 책임을 져야한다중국인들은 `먼저 친구로 사귀고 장사는 그 다음부터'라는 말이 있다이런식으로 사업을 하는 중국인들은 자기들만의 서클,`췐즈'라는 것이 생긴다자기영역을 확보한 후 친구의 자원을 이용하는 것은 중국인 사업가들에게 기본적인 방식이다그렇기에 친구의 네트워크는 커질수록 좋다네트워크가 커지면 실력이 강한 핵심멤버들과 상황과 조건에 따라 참여하게되는 방계조직으로 나뉜다이 서클이 얼마나 크고 강한지가 사업가의 영향력을 좌우한다그것을 꽌시라고 부른다따라서 꽌시는 특별한 한 사람과의 관계라기보다는 서클개념으로 보는 것이 적합하다그리고 그 구성원을 우리라고 부른다우리가 아닌 모든 사람은 남이고,그들이 어떻게 되든 관심없다*우리와 너희로 나누는 한국인중국에서는 갑을 관계가 존재하지만 우리처럼 수직적이지 않다고 한다갑을관계도 형식상으로 먼저 친구가 되어야한다*중국 공산당,중국인민은 중국인을 대표하지 않는다자신의 정체성을 중국인이라고 생각하는 모든 사람에게 화인이라는 말을 사용한다중국인이라는 말은 중화인 또는 화인을 뜻하며 중국국적을 가진 사람과는 다른 의미다이 책에서 중국인은 화인을 의미하고 중국인민은 중국국적의 사람들을 칭하는 말로 쓴다고 한다중국에서 국가란 공산당 조직의 하위개념이라고 한다중국인이 `이게 나라냐?'라고 말하면 중앙행정기구를 의미한다고 한다필자는 자본주의라는 개념 자체가 공산주의를 설명하기 위해 만들어진 부산물에 불과하다고 본다중국 최고위 집단지도 조직이 현재의 중국 공산당 정치국 상무위원회라고 한다현재 여기에 시진핑,리커창,리잔수,왕양,왕후닝,자오러지,한정의 7인의 상무위원이 있다이들은 중국인을 대표할수도 없고 중국인민을 대변한다고도 볼 수 없다그렇다면 인민대표는 중국인민을 대표하는가?인민대표도 공산당에 의해 결정되고 군과 공안의 간부들이 당연직으로 대거 참여하기에 인민의 뜻과 무관하다*호감이 반감으로 변한 이유필자의 표현에 의하면 한국인이 우리와 너희로 나누어 보는 비중은 60:40정도그에 비해 중국인이 우리와 남으로 보는 비중은 99:1이라고 한다쉽게 말해서 중국인은 남에 대해 전혀 신경쓰지 않는다중국인들은 한국정부의 행동을 감정을 가진 인격체의 행동처럼 받아들인다한국인은 중국공산당 지도부의 정책을 모든 중국인의 합치된 의견인 양 받아들인다<2장.강림,중국몽>필자는 중국이 중국몽을 이야기하는 것은 중국 내부 문제를 해결하기 위해서라고 생각한다*토지개혁에서 또다시 토지개혁까지공산주의 혁명 당시 어떤 자본가나 산업이 없었던 중국에서 레닌 마르크스 공산주의는 받아들여지기 힘들었다마오쩌둥은 지주를 자본가에 농노를 노동자의 대입하였다이렇게 하여 토지를 공산화하여 농노에게 분배해야 한다는 중국식 정책으로 탄생하게 되었다토지 개혁 정책은 중국특색사회주의라는 말로 중국 공산당 사상에서 부동의 지위를 얻게 된다덩샤오핑이 개혁 개방 정책을 펼칠때 내부에서 반대가 심했다이 때 주장한 것이 사회주의 발전단계 이론이다서구는 공산화가 되면 기존의 시장 메커니즘의 기초 위에 계획 경제를 운영하는 것이 가능했지만 산업화 자체가 이루어지지 않은 중국은 당시 수준에서 계획 경제를 운영하는 것은 적합하지 않다는 논지였다그래서 미성숙한 시장경제 단계를 도입하여 성숙시키고 그다음에 계획경제를 도입하면 된다고 한 것이다이렇게 시장경제를 도입하는 것이 개혁이다그리고 개방은 개혁을 통해 만들어진 중국의 시장을 미끼로 외국의 자본과 기술을 들여와 산업과 경제 발전을 도모한다는 것이다중국의 눈부신 성장이후 자신감이 붙은 공산당이 선언한 것이 장쩌민의 삼개대표이론이다이는 공산당이 더 이상 노동자와 농민만을 대표하지 않는다는 것이다중국사회의 모든 계급을 대표한다는 것이 당시도 공산당 내부에서 격론이 있었다고 한다이제 중국은 계급갈등이 소멸하고 화목한 나라가 되었다는 것이다하지만 중국은 여전히 빈부격차가 심하고 5000년간 이어온 관료주의의 폐해도 여전했다이때 등장한 것이 시진핑의 신시대 중국특색 사회주의이다중국은 이전 지도자의 사상을 계승하고 거기에 더해 새로운 지도자의 사상을 덧입히는 식이다시진핑도 당연히 이전 지도자의 사상을 부정할 수는 없다시주석은 기존의 낡은 재료는 마음에 들지 않아 사용할 수 없고,새로운 재료는 낡은 재료때문에 사용할 수 없는 상황이다예컨대 삼게대표 이론을 받아들이면서 계급투쟁을 이야기할 수는 없다공산주의의 근본적인 문제는 이 사상 자체가 현실에 대한 반발로 만들어졌으며,그 현실에 자본주의라는 말을 갖다붙였다고 필자는 생각한다자본주의는 이념이 아니라 현실상황을 묘사하는 단어라는 해석이다전세계 어디에도 자본주의 정부라고 천명하는 국가는 없다공산주의는 기본적으로 투쟁과 혁명의 이념이다하지만 혁명을 이루고 나면 통치의 이념이 필요하다시진핑은 원래 지도자가 아니었다중국에는 격대지정방식이 있는데 덩샤오핑이 장쩌민을 지정하면서 다음 지도자를 후진타오로 미리 지정하고장쩌민이 후진타오 다음 지도자로 보시라이를 미리 지정하는 식이었다그런데 보시라이에 대해서 장쩌민과 후진타오가 상당히 갈등이 컸기에 둘 다 수긍할 수 있는 인물로 시진핑이 지도자가 되었다시진핑이 지도자로 선출될 무렵 상하이방 사람들은 시진핑을 자기네 사람으로 여긴다는 후문시진핑이 지도자로 오르기 이전에 공산당 내에 누구와도 척을 지지 않았다고 한다이는 반대로 그만큼 권력 기반이 약하다는 얘기도 된다시진핑은 23년간 장쩌민이 심어놓은 사람과 대항해야하고,10년간 후진타오가 장쩌민과 대항하기 위해 심어놓은 사람과도 대항해야했다그래서 시작된 것이 반부패운동이다이런 명분에는 장쩌민이나 후진타오도 반대할 수 없다반부패로 낙마한 사람의 자리에 자기 사람위주로 심어가는 것이다중국내부에는 부의 양극화와 권력의 부패에 대한 불만이 상당히 팽배했기에 대중의 지지를 얻는 정책이었다시진핑그룹과 장쩌민 그룹의 대치는 마치 중국내에서 좌파와 우파의 대립과 유사하다시주석이 이끌어낸 14차 5개년 계획과 2035년 중기비전의 발표에서 중국사회 전반을 흔들지도 모를 하나의 단어를 발견했다그것은 바로 `신농촌 정책'이다농촌경제는 향후 중국의 핵심축이다이는 두번째 토지개혁이라고 할 수 있는 새로운 농촌 정책,즉 농촌의 집체소유 토지를 활용하는 정책이다중국의 집체토지는 특정개인이나 조직이 아니라 농민과 같은 특정커뮤니티의 소유다중국농촌의 토지는 농민개인의 것이 아니고 또한 국가의 소유도 아니다이는 마을 사람전부의 것이다*내부의 투쟁에서 외부와의 투쟁으로중국파벌에 대한 간략한 소개먼저 태자당초기 공산당 혁명 원로들의 자녀 중 일부 사람,그야말로 손가락에 꼽을 수 있는 소수의 사람을 뜻한다개혁개방 초기에 규제당국에 영향력을 행사할 수 있고,일부는 직접 기업을 만들어 사업을 시작이렇게 활동하던 소수의 권력층 자제들을 말한다리펑 전 총리의 자녀들,장쩌민 전 주석의 아들,주룽지 전 총리의 아들 등이 속한다시간이 지나면서 좀 더 많은 사람들을 지칭하다가 어느 순간부터는 홍얼다이라는 말로 대치된다공산당 2세라는 의미로 부모세대가 꼭 높은 관직이 아니라도 중간계층 이상의 직위를 지니고 있고 나름의 영역에서 세도를 부리는 공산당 2세를 가리키는 말지금은 3대가 주역이 되었기에 홍싼다이라는 말을 쓰기도 한다이들의 사고방식은 비슷하다자신들이 혁명2세로서 국가에 기여하고 있고,상응하는 대우를 받아야한다는 생각얘들은 시진핑 취임할때 가장 지지를 보냈다고 한다.이들은 자신들이 대우를 못받는다고 생각하는 사람이 많았고 그들의 눈에는 시진핑도 역시 홍얼다이로 보였기 때문이다반면 태자당과 홍얼다이를 불만속에 몰아넣는 존재는 대체로 상하이방이라는 것이 정설이다장쩌민 시절 상하이 출신의 장쩌민 인맥으로 많이 발탁된 것에서 기인참 재밌는 뒷얘기들이 많다만 다 기록할 수는 없고 ~그저 중국은 어마어마한 인맥사회고,권력을 통하면 안되는 일이 없는 사회그러니 세도가들인 이들 상하이방 사람들은 무서운 것이 없는 사람들이다아무튼 이 상하이방내에도 복잡하게 파벌이 있다다음은 후진타오로 대표되는 전문관료집단인 공청단저자는 사실 공청단을 파벌로 볼 수 있을지 의문이란다..이들 관료는 시류에 몸을 맡길뿐인 사람들이다장쩌민이 권력자일때는 이들과 척을 지지 않았고 시진핑이 권력을 잡고 나서도 마찬가지다반부패운동과 마찬가지로 중국몽은 다가오는 내부의 권력투쟁의 위험과 불공정한 세상에 대한 불만을 잠재우면서 외부에 중국의 세력을 떨치는 방식으로 내부의 모순을 해결하고,그 과정에서 시진핑 주석 그룹의 권력을 강화하는 매력적인 선택인 것이다*중국 공산당 지도부의 진정한 목적,통일중국y2k이른바 밀레니엄에 전세계 컴퓨터들이 문제를 일으킬 수 있을 것이라는 우려가 있었던 사건 알것이다이대 중국의 해법은 2000년에 첫번째 뜨는 비행기에는 교통부 장관과 해당 항공회사의 경영진이 ,첫번째 열차에는 철도부장관과 경영진이,원자력 발전소에는 에너지부 장관과 전력회사 사장이 탑승 또는 운영을 참관하라는 지시를 내렸다고 한다한마디로 너네 목숨걸고 문제를 해결하라는 것이다(이번 중국 시노팜백신도 그 회사 경영진이 가장 먼저 맞았다)중국은 미국과의 마찰을 이미 예견했고 미국이 제재를 할 것까지도 모두 예상해서 그에 대한 대비까지도 했다자신과 자신의 우방국에서 조달할 수 있는 기술과 미국과 미국의 우방국에서 조달할 수 있는 기술을 분류했다그런데 한국을 중국과 협력이 가능한 국가로 분류했다중국몽은 시진핑의 독단적이 결정이 아니라 20년이 넘는 시간지평상에서 차근차근 준비되어 온 것이다*하늘을 가리고 바다를 건너는 일대일로필자가 여러가지 정황을 통해 추론하는데 일대일로 사업은 중국의 국유기업들이 전부 수주를 받는 구조인데,이게 사실은 전부 적자사업이라고 한다(워낙에 투명하지 않은 나라고,공시하지 않고 있기에 정황을 통해 추측할수밖에 없다)그런데 왜 중국은 일대일로를 추진하는가?이는 수익성이 목적이 아니라 국가안보를 위한 전략적 목적이 더 우선이기 때문이다일대일로의 4가지 분야 철도,항구,항공,에너지에 이어 통일중국이라는 국가전략목표를 생각해보면 일대일로의 목적은 자명하다미래의 미국의 경제제재나 해상봉쇄같은 상황을 대비하는 것이다중국에서는 아프가니스탄에 주둔한 미국이 여차하면 중국내륙으로 밀고 들어올 수 있다고 생각한단다*돌을 던져 길을 묻는 남중국해 점령그러나 육로를 이용한 에너지 운송은 비상시를 대비한 것이지 사실상 막대한 운송비때문에 경제성은 떨어진다중국은 미국의 제재를 대비해 국가식량 및 물자비축국을 신설하고 물자비축을 본격화하고 있다중국의 남중국해에서 행동은 군사기지를 건설하기 위한 것이라기보다는 미국의 대응을 살펴보기 위한 행동일 가능성이 높다미국과 일본의 군사적 반응을 시험하기 좋은 곳이 타이완 주변에 두군데 있다하나는 타이완 북부의 센카쿠 열도다다른 하나는 타이완 남부의 태평도를 포함한 바시해협이다(필리핀과 베트남사이의 남사군도상에 있다)야금야금 산호초들에 군사시설을 세우면서 미국의 레드라인을 확인하고자 하는 것이다이 반응을 봐가면서 타이완 공격에 대한 결정을 내린다는 것*말라카 해협의 선택미국이 말라카 해협을 봉쇄할 경우를 대비해 말라카해협의 서쪽에 보급선을 마련할 필요가있다그래서 파키스탄외에 또 하나의 국경분쟁이 발생하는데 바로 부탄이다인도의 동북쪽을 통해 미얀마로 진출하기 위함이다인도의 동북쪽에 있는 방글라데시로 교두보를 확보하게 될 경우 중동으로부터의 해운이 미얀마의 항구를 통하여 티베트 자치구의 도시 르카처로 통할 수 있게된다르카처에서 충칭까지는 1710킬로로 파키스탄 노선보다 2000킬로 이상 거리를 줄일수 있다그리고 같은 이유로 인도는 부탄을 보호하고 있다중국은 또다른 루트 인도차이나 반도에 길을 내려한다..이것은 일대일로 프로젝트로 하고 있다윈난성으로부터 베트남을 거쳐 싱가포르까지 이르는 길미얀마의 네피로부터 윈난성의 쿤밍까지는 880킬로에 불과하다중국이 미얀마에 공을 들이는 이유가 여기에 있다중국,이란,북한등이 미국에 대해 갖는 공포심을 한국인은 이해하기 힘들다서아시아 철도를 이용한 신장위구르 보급선,파키스탄 회랑을 이용한 티베트 보급선,미얀마를 지나는 윈난 보급선의 3가지 루트는 모두 불안정하고 대량의 자원을 운반하기에는 취약하다그래서 말라카 동쪽 루트를 또 하나의 대안으로 준비하고 있다*중국이 북극권 국가라는 이유중국의 주요 에너지 공급처가 중동과 러시아다실제 러시아의 야말프로젝트에 중국이 상당한 투자를 하고 있다북극항로는 현재는 여름에만 베링해협을 통과해서 블라디보스토크까지 운반이 가능하다그외 계절에서는 거의 지구반바퀴를 둘러와야 하기에 경제성이 없다러시아와 파이프라인 건설도 추진중이란다자신들이 북극권국가라고 주장하는 것은 북극해를 항해하고 중국과 북극권 사이의 항로를 이용할 권리가 있다는 것이다<3장.어제의 친구가 오늘의 적,미국과 중국>중국이 타이완 통합을 포기하지 않는 이상 미국과 중국의 충돌을 피할 수가 없다*이길 수 없는 전쟁,미중 무력전쟁중국이 영토를 넓힌것은 승리를 통해서가 아니라 패배를 통해서라고 한다중국을 정복했던 이민족이 중국에 동화되었다그래서 어떤 중국인은 일본이 중국을100년쯤 정복했으면 지금 일본과 한국까지 전부 중국땅이었을 것이라는 말을 한다-->완전한 헛소리다과거에 중국을 지배했던 이민족들은 생활수준,문화수준이 한족보다 월등히 낮았다그랬기에 더 매력적인 문화에 동화될 수 있었다그런데 현재 중국의 경제,문화는 세계의 선진국 국민들에게 전혀 매력이 없다중국인민들은 미국과 전쟁하면 자신들이 이길것이라고 확신한단다실제 중국이 미국을 무력으로 이길 가능성은 전무하다.이를 잘 인식하고 있는 것은 고위공무원들이다저자는 만일 두나라간 전쟁이 일어난다면 다음의 3가지 형태 중 하나가 될것이라고 한다-두나라 본토에서 멀리 떨어진 태평양 등의 지역에서 충돌-남중국해 인공섬 또는 타이완 해협 등 제한된 지역에서 국지전-인도,타이완,일본,북한 등 제3국에서의 대리전중국과 러시아에서 볼때 미국의 동맹세력 중 균열점이 일본과 한국 사이다그래서 2019년 중국과 러시아가 한국방공식별구역을 침입한 것이라고 한다*미중 경제 전쟁은 두 나라에 무엇을 가져왔나?중국에서는 미국이 중국을 경제적 식민지로 만들려고 한다고 보고 있다미중분쟁에서 중국은 아주 손쉬운 해결책이 있다미국으로부터 에너지를 수입하면 된다..그러면 무역적자문제도 해소되고,미국을 위협한다는 의심도 사라진다그러나 중국 또한 미국으로부터 절대로 에너지를 수입할 수 없다는 것이 이 문제가 단순한 무역전쟁이 아니라는 것을 보여준다이 당시 미국과 중국의 10차례 협상에서 합의안이 나왔고,중국이 다시 이 협상을 뒤집는 사건이 있었다중국내에서도 격론이 있다는 것인데,이 합의안에 찬성한 것은 상하이방이고,시진핑 그룹 및 태자당은 반대했다고 추정할 수 있다이 합의안은 만일 통과된다면 중국에 법치와 공정시장 시스템이 정착될 수 있을지 모른다는 기대를 불러일으킬만했다하지만 반대로 공산당 일당전제정치의 존립기반을 무너뜨린다는 우려도 있었다미국의 압박이 중국에 진출한 외국기업이나 수출중심의 민영기업에게는 불리하지만,시진핑 그룹은 대부분 내수 및 국유기업이라 자신들은 안전하다는 인식도 있다고 한다이 압박으로 많은 기업들이 중국을 떠나 대부분 인도,베트남,동남아로 이전했다하지만 엄밀히 말하면 중국을 떠난 기업수는 생각보다 많지 않다대부분의 외국기업들은 관망자세를 취했다자사의 중국공장이 단순히 미국에 수출하기 위한 제조기지라면 해외로 이전하겠지만 중국의 내수시장도 함께 겨냥하고 있다면 쉽게 퇴출을 결정할 수 없는 노릇이다미중무역분쟁을 통해 중국이 가장 크게 잃은 것은 전세계가 이제 중국의 민낯을 보게 되었다는것이다이전까지 중국을 자본주의 국가와 동일시했으나 사실은 전혀 다른 체제라는 것을 깨달았고,민간기업이라고 여겼던 회사들이 사실은 중국 정부의 명령으로 움직이는 국유기업이라는 사실을 깨달음타이완,홍콩등의 중화권에서 반중정서 창궐중국은 미국을 대신할 차세대 리더에서 일순간에 미끄러져 내려와 전세계의 공동의 적이 되었다그런데 중국은 이런 상황을 전혀 예상하지 못했다고 한다우리와 남으로 구분하는 중국인들은 타국이 자신들을 어떻게 바라보는지 전혀 이해하지 못했던 것이다-미국의 원한이 이렇게 클 줄 몰랐다-미국의 수법이 이토록 악랄할 줄 몰랐다-중국이 미국에게 당할때 편들어 주는 나라가 하나도 없다-중국을 공격하는데 공화당,민주당이 따로 없다필자는 지금도 중국은 왜 이런 결과가 나왔는지 모른다고 한다우리는 중요하고 남을 고려하지 않는 중국의 관계문화가 가져온 구조적인 문제일 수 있다코로나 사태와 대응도 우리와 남이라는 시각으로 바라보니 중국인민은 왜 다른 나라가 중국을 싫어하는지 이해하지 못한다중국인민들에게 세상은 `우리중국'과 `우리가 아닌 모든이' 이 2개로 나뉘어 있는지도 모른다코로나에 대한 대응을 보고 중국내에서는 중국특색사회주의가 다소의 문제는 있지만 미국과 같은 자본주의 국가의 모순에 비추어 보면 훨씬 우월한 체제임을 확인했다고 한다->미쳤군!RCEP에 대해서도 말하는데 중국에게 사실상 경제적 이득이 크지 않음에도 중국이 여기에 참여하는 것은 서방으로부터 협력을 얻지 못할 수있는 상황에서 아세안 국가들을 외교적 맹방으로 끌어들이지 않을 수 없기 때문이라는 것~서방을 대체할 기술제공자로서 일본과 한국을 끌어들이지 않을수도 없다는 것한국과 일본도 수혜가 어느정도 있다고 평가되고 가장 큰 수혜는 아세안 국가들이 될듯~하지만 미국은 별 관심없다어차피 미국이라는 패권국가와의 협력이 없는 경제권역은 사상누각이라는 말이다*쩐의 전쟁과 애국심없는 용병,월 스트리트정경유착의 사례 샤오젠화의 밍톈 그룹샤오젠화의 몰락의 계기가 베이징 올림픽을 계기로 중국의 권력과 월스트리트가 만나기 시작하면서부터다차이나텔레콤의 홍콩상장을 해보니 중국지도부 입장에서 경영권,권력,영향력에 아무런 손상도 없는 가운데 외화를 확보할 수 있게 해준다이후 골드만 삭스는 원자바오 총리가족과 연계하여 중국철도의 50억 달러 채권발행,베이징 진위그룹 IPO,장쉬광 철도부 부공정사 가족과 연계한 베이징-상하이 철도의 IPO,인민은행 출신의 탕솽닝 가족과 연계한 광다그룹 IPO등 중국권력과 협력한다이외에도 다른 사례들이 많다이런 밀월관계는 이들 유력인사들의 가족이나 자녀들이 아예 외국의 주요금융회사에 취업을 하는 형태로 발전해간다월스트리트와 관계한 중국권력층 자제가 200여명에 이른다하지만 시진핑의 반부패 척결운동 이후 양상이 달라짐시진핑 그룹은 대체로 월스트리트와 인연을 맺을 기회가 없었다2015년 주식시장의 폭락 그리고 외환보유고가 줄어드는 것등은 모두 시진핑의 반부패 운동으로 사정을 피하기 위한 반대파벌의 자금들이라고 한다샤오젠화를 납치함으로서 반대파벌에 경종을 울림자산을 해외로 반출한 자들을 색출하기 시작한다이 조치가 효과를 발휘하여 외환보유고 유출은 중지되고 지금까지 일정 수준을 유지중(그러나 중국의 실제 외환보유고가 얼마인지는 아무도 알수 없다고 한다..국가기밀이다)미중무역분쟁기간에도 외국자본은 계속 중국에 유입이 증가되었다그러나 그 자본은 제조업 투자로 향하는 것이 아니다대부분 디지털 경제와 금융에 투자되고 있다권력과의 결속을 통해서 이익이 보장되는 중국은 월스트리트 입장에도 천국이다중국 또한 미국이 아무리 자신들을 달러경제권에서 퇴출하려고 해도 먹을 것이 있는 이상 월스트리트는 중국을 결코 떠나지 않을 것이라는 것을 알았다그리고 만약 위험이 발생해도 중국권력과의 협력을 통해 그들의 손실이 발생하기 전에 조치를 취할 수 있다손실은 모두 일반투자자의 몫으로 돌아갈 것이다중국은 이런 월스트리트를 보고 자신감을 가진다덩샤오핑이 말한 `시장으로 유인해 외국의 기술과 자본을 가져온다'라는 전략은 아직도 유용하다*중국의 지구전,미국이 돌파할 수 있나?미국과 중국이 실제 무력전쟁의 가능성이 있다는 얘기중국은 미국과 무력전쟁을 염두해두고 몇년전부터 착실히 준비를 해오고 있었다<4장.21세기 중국의 국가전략>경제성장이 둔화되는 요인으로 인구증가률이 둔화되고 고령화가 가속함에 따라 노동 기여도가 줄어든다저축률이 감소하고 투자여력이 감소 즉 자본형성이 경제성장에 미치는 기여가 감소한다그래서 기술혁신에 사활을 건다*단기상황을 알려면 장기정책을 이해해야한다*중국 고위 공무원은 백화가 아니라 관화,삼푼화법을 사용한다관료들끼리 사용하는 단어와 용어들을 관화라고 한다실제 생활 속에서 사용하는 말을 백화표현방식이 은근하고 간접적이며 암시법을 주로 사용한다중국인들은 관심이 없으면 상대를 칭찬해 그냥 돌려보낸다고 한다삼푼화법이란 말을 확실하게 다하는 것이 아니라 가장 중요한 부분을 흐리게 말하거나 말을 하지 않아 어느쪽으로도 해석될 수 있는 단어와 어법을 구사한다인민 민주라는 말이 사실 공산당 독재를 칭하는 말이라니~내가 이래서 중국을 싫어한다중국공산당에는 기율이 있는데 상당히 엄하다고 한다공산당의 엄정한 기율중 하나가 대외비 누설을 하지 않는것그런데 문제는 관료사회에서 구체적으로 무엇이 대외비인지 가늠하기가 어렵다는 것그래서 중국의 고위관료들은 대화를 할때 최근 공산당내부에서 회자되는 내용은 빼고 말한다그러면 상대가 해당 당내에서 정보를 접하는 사람이면 알아듣고,그렇지 못한 사람은 알아들을 수 없다또 딩샹이라는 것을 주의해야하는데 ,이것은 방향을 정했다는 말이다딩샹이 정해지기 전까지는 공산당간부들이 중구난방으로 자기의견을 얘기한다그러다 딩샹시점이 가까이 다가오면 말을 아낀다이때 그들은 같은 키워드를 사용하고 중요부분은 전부 같은 표현을 사용한다는 것이다*한국 사장님의 1천개 CSF와 중국 공산당의 한페이지 국가계획중국의 정책은 간단명료하다교육받지 않은 인민들도 알 수 있는 표현을 사용하고 감정에 호소한다논리적으로 말이 길어지면 프롤레타리아 독재방식에는 맞지 않다중국의 국가계획은 기본적으로 5년이 한단위라 1년씩 계획하는 한국과는 호흡의 길이가 다르다당연히 1년 단위 제로 베이스 예산제도는 적용할 수 없다csf는 핵심성공요인을 의미한다csf는 기본적으로 3가지조건을 만족해야한다누구나 그 의미를 이해할 수 있어야한다측정가능해야한다각 계층의 조직원들이 매일매일 업무상 판단을 할때 기준으로 적용할 수 있어야한다중국에서 실행계획이 이 csf와 유사하다이런 계획을 세우는데 상당한 시간과 공을 들이기에 다소 문제점이 들어난다고 해도 정책을 수정하지 않는다고 한다중간에 수정하면 지방정부나 부처에서 맡은 임무에 대해서 수정가능성이 있을지를 염두해두고 일하기에 수정하지 않는단다그래서 중국에 대한 중장기예측은 쉽다정책이 중간에 변하지 않기 때문이다*중국의 2035년 비전과 미국추월시간표<5장.제14차 5개년 계획,비상체계로 돌입하는 쌍순환 경제>중국이 직면한 가장 큰 문제가 같은 액수의 돈을 투자해도 이전과 같은 성과가 나지 않는다는 것이를 두고 요소투입구동을 혁신구동으로 전환해야한다고 한다필자는 일본 또한 혁신구동에 실패해서 현재의 상황이라고 생각한다참신한 아이디어와 창의력을 발휘하기 힘든 문화가 문제중국도 마찬가지~중국이 새로 채택한 경제정책이 내순환을 위주로 하는 쌍순환 경제이다일단 농촌혁신을 통해 국민평균소득을 올리는 것이 더 중요하다는 것이고 외순환은 탄력적으로 운용하겠다는 것이다*내순환 경제에 외순환 경제를 입힌 쌍순환 경제이 모든 계획이 결국 전세계에서 고립되어 자급자족이 가능한 상태를 만들기 위한 대비이다아무튼 쌍순환정책이 성공하기 위해서는 첨단기술을 자체적으로 개발할 수 있어야하고 이 기술은 경험의 축적과 함께 창의력을 필요로 한다그런데 사상의 자유가 제한된 중국에서 가능할까?쌍순환은 본질적으로 내순환경제이며,내순환경제는 자력갱생의 새로운 말일뿐이다쌍순환의 두축은 기술혁신을 통한 자력갱생,그리고 신경제,농촌을 주축으로 하는 내수성장이라는 것을 확인했다*좌회전하는 중국경제,흔들리는 시장경제중국 증권사가 전망한 제14차 5개년 이후 유망투자분야 도표가 있는데 넘어가자이철 박사 사이트에 유망한 5대산업에 대한 영상도 있는듯한데~중국에 투자할 생각이 없기에 넘어가자시진핑 들어서 경제는 `국진민퇴' 즉 국가 주도 민간 후퇴라는 말이다과거 모택동시절에도 공산당이 몰수하는 방식이 아니라 `공사합영'이라는 방식으로 사회주의 체제로 전화했다고 한다그런데 현재 이와 유사한 일이 똑같이 벌어지고 있다혼합소유제도를 추진하는데 민간과 국가가 공동소유한다고는 하지만 전망이 좋은 민간기업 예를 들어 알리바바같은 기업의 주식을 국영기업이 헐값에 사들이고 부실한 국유기업에 민간기업이 자금을 대는 식이다시진핑의 지지세력이 대부분 국유기업이고 상하이방은 대부분 민간기업이라는 것에서 어찌보면 정치적인 행위라고 추측하기도 한다그리고 2020년 들어 새로 도입된 정책이 민기통전이라고 하는데 쉽게말해 민영기업들이 중국공산당의 지시에 따르도록 한다는 것이다..명분은 미국에 맞서 함께 뭉쳐야한다는 것이다*신공산주의와 신계획경제중국의 정보보안법은 개인의 신상을 보호하는 것이 아니라 정부가 모두의 정보에 접근하고 취득할 권리를 보장하는 법이다외국기업조차 서버가 중국내에 있으면 이 법의 통제를 받는다그리고 서버는 반드시 중국밖으로 유출하면 안된다미국의 대응정도에 따라 신계획경제 카드도 달라질 것*과학기술 자립자강중국의 과학기술 자립자강을 실현할 방법은?중국답게 시간과 노력을 들이면 된다는 것이 해법이다-->저자는 이것이 중국의 무서운 점이라고 하는데,느리지만 확실한 방법을 통해 한발한발 전진하는 것이 중국의 무서운 점이라고??확실히 실패하는 방법에 시간과 공을 들이니 우스운 것이다과학의 발전 또한 수많은 시행착오와 우연과 실수를 용인하는 사회환경에서 발전해왔다는 역사를 모르는가?과학은 어떤 면에서 예술이기도하다상대성이론이 대가리에 총을 들이밀고 하라고 시킨다고 나올 수 있는 발견인가?저자는 민간기업과 일반국민은 대단히 실용적인 마인드를 갖고 있어서 이들중 누군가가 방법을 찾으면 국가가 전폭적으로 지원하는 방식이 굉장히 무섭다고 한다물론 중국이 폐쇄상태에서 과학기술을 발전시키지 못한다는 보장은 어디에도 없다중국이 언론에 알려진 것보다 많은 위성을 발사했다고 하는데~~--->나는 중국의 이런점을 과소평가하지 않는다. 중국이 미국을 제치고 더 강력한 국가가 될 수도 있다그런들 뭐가 중요한가?개인의 자유는 없고,한족이 아닌 나머지 민족을 멸시하고,공산당이 권력을 독점하고~~뭐 끔찍한 나라아닌가?잘살고 못살고가 중요한 것이 아니다*전략물자비축전략물자중 가장 중요한 것은 에너지,식량,반도체,군수물자이다이모든 것을 압도하는 것이 바로 달러일 것이다에너지,식량이 얼마나 비축되는 지는 비밀이다엄청난 양일것이라고 추측하지만 중국의 시스템상 이런 부분에 비리가 없을수가 없는듯하다->최근 코로나에서 있었던 일이지만 이런 비축창고가 이유없이 불타는 사건이 자주 발생한단다희토류를 전략금속으로 지정해서 엄격한 관리를 한다이것은 중국이 세계산출량의 80%를 점하고 있다그래서 중국투자자들은 희토류관련 군수공장을 유망하게 전망<6장.우군과 적군으로 세계를 나누는 외순환 경제>내순환 경제 위주라고 하지만 당연히 외순환 경제가 잘되기를 원한다-시장개방을 통해 세계경제와의 통합을 유지 및 강화한다-미국 또는 서방 국가의 압박에 대응하여 다양한 국가들과의 경제블록에 참여한다-글로벌 공급망에서 자국제품과 기술의 포지션을 확인하고 관건기술,관건제품에 대한 해결책을 도모한다*세계속에 구축하는 위안화 경제권중국이 달러를 벗어나 위안화 경제권을 구축하려하는것은 익히 알려진 일이다*금융은 실체 경제를 지원해야한다앤트그룹 ipo이전에 알리페이나 위쳇페이처럼 pg사업을 하는 기업들은 은행예치금만으로도 천문학적인 돈을 벌었다당국이 이를 규제했고,이런 점이 앤트그룹 상장이전에 마윈은 상당히 불쾌했을 것이다중국에는 이미 파생상품 거래등으로 인한 사건등이 이슈가 되었다p2p대출,자전거공유업체 사건등2020년,21년 이미 중국의 부동산 가격하락으로 일부 은행에서 뱅크런이 일어났다증화권 전문가들은 부실은행이 100여개가 넘을 것이라고 추측이런 상황에서 중국의 지도부가 금융리스크를 대비하는 것은 당연한것 아닌가?중국당국의 `금융시스템리스크'는 또다른 삼푼화법이다알만한 사람은 다 알아듣는다중국은행의 부실은 현재 진행형이며 미중충돌로 인한 전면적 금융제재는 미래진행형이라는 얘기그러니 중국의 금융은 실물경제를 지원해야만 한다는 것이다*세계 최대의 메트로폴리탄,GBA(대만구)GBA정식명칭은 광둥-홍콩-마카오 대만구이다일국양제는 말도 안되는 소리중국의 선전은 여차하면 홍콩과 모든 인프라를 바로 연결할 수 있도록 처음 설계단계부터 준비가 되어 있다고 한다홍콩민주화 운동의 배경밍텐그룹 샤오젠화의 납치사건과 홍콩에서 대만으로 놀러간 커플중 남자가 여자를 살해하고 홍콩으로 귀국한 사건이 도화선그리고 부동산 문제도~~중국은 토지의 개인소유를 허용하지 않는데 그러면 내 집은 어떻게 되나?아무튼 홍콩사태를 통해 중국의 민낯을봤다미국은 자국의 월스트리트 자금이 홍콩에 대거 투자되어 있기에 홍콩의무관세 혜택은 철회했지만 금융센터로서의 기능은 건들이지 않았다그래서 꺼내든 카드가 GBA다GBA는 향후 중국이 지향할 외순환경제의 시험장이 될 것이다*디지털 위안화와 홍콩 달러중국의 디지털 화폐가 일반적인 디지털 화폐와 다른점은 이것이 위안화를 활용하는 도구가 아니라 그 자체가 화폐라는 점이다디지털 위안화는 완전한 통제가 가능하다통신이 연결되지 않아도 스마트폰끼리 교환할 수 있다이 이전에 실행한 정책이 다액관리정책이다일정 액수 이상 돈을 인출하거나 예치하려면 은행과 약속하고 돈의 출처와 목적을 밝히도록 한다는 것그러니 이미 사전에 디지털 위안화를 사용하기 위한 밑밥을 깔아놓았다그러나 아직 달러나 금은 디지털 위안화로 살수 없다고 한다굉장히 서두르고 있는데 그 이유는 모른다그러나 추축하자면 전자양표설을 주장하는 사람들이 있다(양표는 밥먹는 식권이라고 한다..과거 공산당은 실제 이것을 실행했고 돈이 있어도 양표가 없으면 밥을 먹을 수 없었다)전쟁과 같은 비상상황에 식량을 통제할 수 있도록 하기 위해 사전조치를 한다는 주장이다또하나는 시진핑 집권이후 외화가 1조달러 가량 유출된 일이다이만한 외자가 유출되려면 그에 상당하는 위안화가 어디서 나왔다는 것이다7위안으로만 환율을 잡아도 7조위안이고 편법을 통한 것이면 비용이 30%추가된다그러니 10조위안이 나오는데 이게 부정부패로 인한 돈일 가능성이 크다불법유출 자산은 대부분 홍콩을 통한것으로 알려져 있다마카오의 도박장이 이런 루트로 활용된다는 설도 있다(현재 도박장에서 미국달러로 돈을 빌리고 도박장에서 돈을 다 잃었다는 명분으로 중국내 자산을 넘기는 수법)이런 수요는 중국에만 있는 것이 아니다외국의 불법자금이 중국의 디지털 위안화를 선택할 수도 있다..이런식으로 플랫폼을 형성해서 기축통화가 된다??위안화를 사용하는 우군과 사용하지 않는 적군으로 나뉜다홍콩의 달러페그제가 무너지면 위안화가 그 자리를 대신할 것달러경제권과의 분리*월스트리트는 중국의 우군이다중국은 외순환 경제를 맞이하여 45조달러 규모의 자국금융시장을 개방해서 월스트리트의 자본을 더욱 끌어들이려 한다보험과 선물시장을 시장으로 최대한 끌어들인다는 전략이다이런 방식으로 외자를 유치해서 트럼프 행정부가 가한 외환 압박을 해소하고 있다이들 월스트리트는 중국리스크에 대한 두려움이 없는가?그 답은 이들은 근본적으로 중국권력자들과 손을 잡고 있다는 것이다이들의 이해관계가 국가와 관계없이 근본적으로 일치한다페이팔이 디지탈 위안화 사업도 한단다월가 자본은 지속적으로 중국에 관심을 보이고 있다단적인 증거가 중국의 국채발행이다중국국채를 누가 사겠는가?월가 자본이 아니면 누가 사나?(그러나 월가가 중국좋으라고 국채를 사는 것은 아니다~ 수익성이 더 좋고 환율절상까지 바라보니까~그러나 반대로 미국채수익률보다 떨어지면 어떻게 되나?)2020년 11월까지 3%대 초반이니 현재 미국채랑 거의 비슷한 수준--->현재 미국의 금리인상으로 위안화 환율도 평가절하.2018년도부터 중국내기업 수 데이터가 사라졌다불리한 데이터가 나오면 비공개처리하는 관행으로 비춰봤을때 상당수 기업이탈이 있을것이라고 추측할 수 있지만 확인할 수 없다그러나 잔류한 기업도 상당하고 새로 진입하는 기업도 상당하다중국상무부가 2019년에 발표한 외국기업수는 100만개가 넘는데 전년대비 69%가 증가한 수치미중분쟁 와중에도 말이다<7장.국내소비시장을 두배로 키우는 내순환경제>여러가지 우려가 있지만 중국으로서는 다른 방법이 없다내수소비를 키우는 것만이 살길이다*첨단기술의 자력갱생과 실체 경제론중국의 반도체굴기를 맨손으로 짜장면집해서 성공하는 중국인의 불굴의 정신과 연결지어 성공할 수도 있다고 하는데~그런식으로 논리를 확장시키면 아프리카라고 불굴의 정신이 없나?뭔가 팩트를 기반으로 가능성 있는 미래에 대한 전망이 있어야할텐데 중국인의 정신이 어쩌고저쩌고~중국이 서방세계를 대신하여 한국과 일본에 기술을 얻으려하기 때문에 한국에 기회라고 한다중국이 여러가지로 외국투자자의 눈높이에 맞춰 금융개혁을 하고 있다다만 이렇게 금융규제를 정비하는 것이 과연 중국정부가 원하는 수준으로 중국의 경제실체,특히 기술기업들에게 투자가 일어날지는 알 수 없다하지만 모든 자원을 총동원한다는 것은 알 수있다이렇게 가능한 모든 전력을 총동원할 수 있는 것이 전제정치가 가능한 중국의 전략적 우위라고???자유주의 국가도 위기시에는 전략적 총동원할 수 있다->국가의 장기아젠다를 폐쇄된 이해관계를 가진 집단들이 모두 정하는데 이게 과연 전략적 우위일가?기술인재를 영입하게 위한 여러가지 당근책도 내놓고 있다내순환경제에서도 중국정부는 요소가격의 관리와 감독을 강화하면서도,시장주체들이 법에 따라 합리적으로 정가자율권을 행사하도록 유도하고,정부의 가격결정 메커니즘이 구체적인 가격수준을 정하는 방식이 아니라 정가규칙을 제정하는 방향으로 추진한다-->이런 식의 정밀한 개입이 꼭 이론적으로 듣기에는 굉장히 그럴듯해보인다하지만 결국 정부가 모든 것을 정한다는 대원칙은 변하지 않았다..자율..언제까지 자율인가?상황 틀어지면 또 바뀌쟎아지속성을 가지고 사업을 추진하려면 상당기간,그리고 어떤 상황에 대한 예측이 가능해야한다하지만 중국공산당의 규제를 어찌예측할까?또 재산권에 대한 이념 논쟁도 있다고 한다중국이 모든 자원을 자국의 자체생산과 소비에 전력한다면 필히 전세계적인 공급에 크나큰 차질이 올수밖에 없다*내순환 경제의 초점은 신경제이 신경제라는 것이 산업화와 정보화의 통합,농업현대화와 산업화,정보화의 깊은 융합저자는 여기서 중국만의 고유한 환경에서 다른 나라에서 찾아보기 힘든 새로운 기업,산업이 등장할 수 있다고 하는데~중국정부는 다른 나라와 달리 금융만 지원하는 것이 아니라 데이터지원이라는 것을 실시한다물론 보안문제때문에 또 무슨 관리를 강화한다는데~필자가 단언하건데 중국의 빅데이터 기술은 앞으로도 세계 최첨단의 길을 걸을 것이다이 부분에서 반론은 없다최첨단이라는 단어는 얼마든지 부정적 작용을 할 가능성이 있다..나는 이 데이터가 부정적으로 쓰일 가능성이 높다는데 한표다그리고 이 기슬은 또다른 기술인ai를 가능케한다ai와 빅데이터는 중국이 선도할 수 있는 조건이 갖추어져 있다..그러나 이 과정에도 ai반도체가 필요하다이쯤되면 중국이 반도체를 바라보는 심정이 어떤지 알겠는가?*중국의 넘버원 기술개발 프로젝트,3세대 반도체중국에서는 3세대 반도체 분야가 그나마 서방과 격차가 적은 부분이라고 생각해사 가장 유망하게 보고 있다따라서 중국에서 3세대 반도체 시장은 향후 수년간 25~40%의 높은 성장률을 유지할 것으로 보인다*신에너지와 자동차 산업중국은 대부분의 에너지를 수입에 의존하고 자국에서 많이 나는 석탄은 환경오염을 일으키기 때문에 결국 신재생에너지를 추진할수 밖에 없다정확히는 비화석에너지인데 수력발전의 비중의 가장 높고 ,다음이 풍력,원전,태양광,바이오메스 순이다지금까지는 이러했고 향후 태양광이 주력이 될 것이라고 한다풍력쪽의 투자는 향후 감소할 것원전의 후속개발 잠재력은 보통 수준이다태양광발전에는 태양전지,ess의 발전이 따른다중국의 친환경 정책에 따르면 당연히 전기차의 수혜가 예상된다2035년이면 가솔린차는 한대도 없이 만들고 전기또는 신에너지차 절반과 하이브리드절반으로 만드는 것이 목표라고 한다*내륙으로 내륙으로,남수북조와 슝안신구중국의 도시화는 큰 진전을 이루었지만 동시에 불균형의 모순이 심화되었다급하게 건설하다 보니 전반적 도시의 질이 낮다전반적인 인프라 재구축에 또 지방채권을 발행한다고,이미 빚이 산더미인데~내순환경제체제에서 더이상 연안도시들이 아닌 내륙에 인구가 많은 성과 도시가 중요해짐우한,충칭,시안과 같은 도시가 수혜를 입을 것이다슝안이라는 도시는 중국이 미래의 도시로 내세우는 것 같다국제공항도 지었다는데~슝한이 내순환경제의 중심지가 될수도 있다남수북조는 치수사업이다*관광,체육,문화로 일구는 내수와 소프트파워*군수사업이미 중국증권가에서 군수산업 성장에 대한 얘기가 파다하단다항공,미사일,드론,위성,신소재와 소형기계 등중국의 고속철도 대부분은 수익성이 없다고 한다..일단 길부터 깐다고?그것보다는 군사전략적인 이유가 강할 것이라고 한다*중국의 명운이 걸린 도시화 농촌정책도시의 땅은 국가의 것이지만 농촌의 땅은 농민의 것이란다농민공문제로 노인들만 남아서 농사를 지으니 생산성 하락지방정부는 재정을 충당할 곳이 없고,,지방의 부채는 천문학적이라고 추측만할뿐 아무도 정확히 모른다지방정부는 그간 토지를 기업을 비롯한 산업체에 매각해서 재정을 충당했다그러나 이제는 상품성있는 토지가 거의 남지 않았고 가격도 전만큼 받기 힘들다토지유전이라는게 농민이 소유한 토지를 사업가가 와서 설득해서 매입하거나 임대하고 공장을 지을경우 우선적으로 농민들을 채용한다는 것이란다그리고 수익은 농민과 나누고,계약기간중 파산하면 남은 자산은 농민의 것이란다토지를 매입하는것은 아닌듯하다..저렴하게 토지를 제공한다는 것인데~실제 중국 농촌의 인프라가 너무나 부족해 사업성이 없다그나마 여건이 좋은 곳은 농민들의 조건이 까다롭다고한다중국농민은 공산당도 못건들인다고 한다..무턱대고 길을 막고 통행료를 징수하는 곳도 있단다여러 농촌문제를 해결할 것으로 거론되는 제도들이지만 핵심은 어떻게 농촌의 땅을 팔아 지방의 재정을 충당하느냐이다이게 가능하도록 가능한 토지 양도소득을 다시 농촌에 사용하도록 강제하는 규제를 한다농촌토지를 대규모로 산업용지화하는 작업농민들을 위한다는 명분은 빠질수 없다이외에도 농촌의 토지를 활용하여 농민의 소득을 증가시키겠다는 정책은 수도 없이 많다하지만 이런 정책은 도시의 자본의 시골을 유린하는 결과를 낳을수도 있다지방정부는 토지공급으로 재정을 충당하고 자본이 농촌으로 들어와 세수가 증가하니 좋을수도 있지만 실제 농민들의 삶이 좋아질지 아니면 새로운 자본에 종속되어 빈민으로 전락할지~그리고 농촌의 도시화는 식량안보문제를 불러일으킬수도 있다그동안의 도시화 정책은 도시주변의 농촌지역을 도시로 편입시키는 방식이었지만 이제는 농촌자체가 도시와 유사한 생활수준을 누리도록 하겠다는 것이다우리의 농협과 유사한 공소사라는 조직을 키우고 있다는 것인데,농협이 협동조합인것과 달리 공소사는 지분확보를 통해 기업처럼 만들고 있다고한다이는 공소사가 농민들에게 핵심인 농약,비료,자금을 장악하게 되고 농민의 소출을 구입해주는 입장이되는 것이다한마디로 정부가 농민들에 대해 갑이 된다는 것이다<8장.적은 언제나 내부에 있다>역사적으로 외적의 침입보다는 내부의 모순으로 나라가 망하듯이 오늘날도 내부의 분열이 더 무섭다*중국 경제를 위협하는 수출,실업,부채,외환,부동산,금융의 고리미중무역분쟁으로 인한 규제와중에도 중국의 수출은 줄지 않았다여기에는 2~3가지 설명중국내 공장이 철수해서 타국에서 생산하기까지 시간이 걸린다산업의 밸류체인이 전반적으로 모두 옮겨가야 효율적인데 아직 인도,베트남등에서는 이 부분이 준비되어 있지 않다->관련된 여러 얘기를 하는데 귀에 딱지 앉도록 들은 얘기다오히려 코로나사태를 겪고 중국외에 대안이 없어 그동안 중국에 오더를 주지 않던 유럽이나 남미의 물량이 늘어 수출이 더 증가했다고도 한다중국의fdi를 나타내는 그래프가 있는데 에버노트가 느려터져서 그냥 말로 하겠다아주 단순하다중국의 수출이 우려할만큼 줄지 않고 강하다고는 하지만 외국의 직접투자가 줄어드는 것은 분명한 대세적인 흐름이다단 전쟁과 같은 일이 있지 않은 이상 한번에 급격히 줄어들지는 않을 것이라는 것또 문제로 거론되는 것이 외환위기이 부분은 넘어가자..코로나 이후 해외여행 금지 외국기업수의 증가,수출흑자 등의 요인에도 외환은 그대로다이는 과거 외환규모를 부풀려놓고 이제 정상화시키고 있는것은 아닐까?가장 큰 리스크로 지적되는 것이 실업이부분은 유튜브에도 잘 소개되어 있다신뢰할 수 없는 중국의 통계치조자 이 부분은 위기임을 보여준다실제상황은 훨씬 더하는다는 것이다대졸자들이 배달기사나 농민공 자리를 찾아다닌다고 한다실업문제는 부동산 문제와도 직결된다그리고 이는 은행의 부실문제로도 연결중국에 절대투자하면 안되는 이유가 여기서 나온다 ..외국인 투자자금들이 이 부실채권을 막는데 대규모로 사용되었다는말이 있다그리고 그림자금융현재 중국에 수많은 금융난민이 발생했다중국은 무소불위의 권력을 가진 공산당이 있다이들이 할수 있는 일은 우리의 상상을 초월한다이들이 잘 대응하면 문제를 해결할 것이고 아니면 망하는 거다*중국의 민영경제는 살아남을 것인가?창의력을 말살하는 규제환경에서 과연 가능할까?중국이 향후 핵심적으로 키우고자하는 분야들은 모두 창의력이 중요한분야다민영기업의 힘이 필요하지만 현재 시진핑의 길은 이들 민영기업이 국가의 통제를 받는 방식이다중국에서는 민영기업인이 너무 성공하면 안된다는 말이 있다중국공산당은 민영기업의 영향력이 일정이상 넘어가는 것을 좌시하지 않는다그러니 알리바바나 텐센트같은 기업은 공산당의 통제를 받는 방식에서 벗어날 수 없다이런 업종에서 이런 시스템으로 과연 가능할까?저자는 중국에서 민영기업은 살아남을 것이지만 알리바바같은 거대기업은 당분간 나타날 수 없다고 한다*4대외세민족 위구르,티베트,몽고,조선족에 대한 대책중국내 인구규모가 크고 여차하면 함께할 외세가 있는 4대민족이중 가장 문제는 위구르족이 지역은 진짜 빈인륜적 범죄가 일어나고 있고 여기서 일어나는 일은 확실히 전체주의 정권에서만 볼 수 있는 일이다실제 필자가 우르무치를 방문했는데 인종간의 신분차이가 극명하게 나타난다고 한다위구르는 중국내부의 반체제 운동은 격렬한 반면 외부의 지원은 없다반면 티베트는 내부의 반체제 운동은 없지만 외부의 이슈화가 크다*변증법이 적용되지않는 중국공산당*시진핑의 후계구도는 언제쯤 나타날 것인가?*중국공산당 최대의 적은 미국이 아니라 인민이다중국은 외부의 힘에 의해서 무너질 수 없다오로지 내부의 분열에 의해서만 무너진다->이말은 100%동의한다미중갈등은 가치관의 갈등이다현재 상황은 중국 공산당이 중국인민과 자유세계에 대립한 사건이라는 미국의 인식중국인민을 미워하는 혐중정서는 중국인민이 공산당에 더욱 충성하게 만든다<9장.미국의 신동북아 전략>미국과 중국은 장기적으로 서로 충돌할 수밖에 없다그렇다고 전면전도 있을수 없는 일이다*21세기 합종연횡*미국의 새로운 대중정책미국이 중국이 절대 받아들일수 없는 것들공산당을 포기하라거나 민주주의를 받아들이라거나 중국을 전면적으로 억제하는 것은 결국 중국으로 하여금 전쟁도 불사하게 만들기에 좋은 방법이 아니다청리교수라는 사람의 의견을 말하는데 필자도 전적으로 동의한단다중국처럼 미국도 장기전으로 대응하고 소프트파워와 사람대 사람 외교를 펴나가야한다*중국의 방패,한중일 삼국경제권중국에게 있어 이란의 중요성..그에 따라 이란에 대규모 투자를 단행하고 최근 6개월 가격의 최소12%이상 할인된 가격으로 석유제품 구매이란으로부터 안전한 수송을 위해서는 파키스탄의 역할이 중요인도라는 공통의 적떄문에 파키스탄과의 관계는 공고하다또한 북한 또한 한국을 붙잡아두기 위한 전략적 미끼로 중요센카쿠 열도를 두고 중국과 일본아 무력충돌할 가능성은 충분하다그러나 이경우 미국의 개입이 두렵다필리핀과의 마찰도 있을수 있다러시아는 중국에게 생존의 전제이다군사기술과 에너지의 제공자이며 사상과 이념의 전달자이다중국은 반도체 때문에 한중일 3국 경제블록을 확보하려한다<10장.싸우지 않고 이긴다>*중국의 최대약점,한국의 최대강점중국의 가장 큰 약점은 내부와 외부 모두 인심을 잃고 있다는 것이다자세한 그래프가 있지만 생략중국의 언론조작,정보조작그러나 전세계적으로 중국인들에 대한 반감이 증가한다는 것은 사실이다이를 중국인민들도 느낀다이런 경우에 그들끼리 더욱 단결하게 되고 중국정부는 이를 부추기고 마침 미국인라는 거대한 적이 생겼으니 더 뭉칠수밖에~*진리부를 무력화하라조지오웰의 1984에 나오는 진리부중국인들이 거리로 나와 시위하는 경우는 대부분 경제적인 문제다민주화나 사회정의같은 것은 관심도 없다20년 이상 중국에서 살면서 공산당이 시위로 인한 요구를 들어주는 경우를 본적이 없다고 한다이런 상황에서 누가 시위하려고 하겠나?그러나 시진핑 시대 들어 이런 풍조가 변하고 있다정치인들의 부패에 대한 고발들이 받아들여지는데 이것은 앞서 말한 시진핑의 정치적 이해관계때문이고 다시 언론에 대한 통제가 강해져서 예전보다 더 통제되고 있다이것이야말로 중국의 아킬레스건이다*중국을 무너뜨릴 수 있는 것은 중국인민뿐이다이 챕터는 통채로 와닿는다적지는 않겠다중국인민과 중국공산당을 분리해서 생각하자중국을 바꿀수 있는 것은 중국인민밖에 없다증오는 아무런 도움이 되지 않는다전쟁은 절대로 해서는 안되며 만약 이긴다고 해도 파멸만이 있을 뿐이다*중국을 바꾸면 북한도 바뀐다*한반도를 넘어서해외교민들에게 국회의원 지역구를 신설하라는 제안을 하라는데?이 사람 제정신인가?해외교민은 엄밀히 한국국적이 아닌데,국회의원 대표를 선출한다면 그 상대국에서 가만히 있겠는가?한국정부가 la한인를 대표하는 국회의원을 둔다면 한국국회에서 la교민을 위한 정책을 펼수 있나?반대로 생각해보라중국조선족을 위해 중국인민대표회의에 대림동대표가 참석하면 대림동의 정책을 중국인민회의에서 결정한다는 말인가?이철 박사의 전체적인 취지에는 공감하지만 현실적인 해법은 전혀 아니다단지 이런 마인드를 갖는다는 것은 중요",https://blog.naver.com/poly1575/223144051973
2023.07.01.,[일본취업] 일본에서 취업하기 / 1편. 일본 취업에 필요한... ,' 결론부터 말씀드리면 여러분들이 어느 기업을 목표로 하느냐에 따라 기준은 달라집니다 전 한국에 있을 때부터 이런 얘기를 굉장히 많이 들었습니다 '일본은 고령화... ,"안녕하세요 오늘은 일본에서 취업하기 1편입니다일본 취업에 대해 설명해야 할 부분이 너무 많아서 뭐부터 시작해야 될지 고민이었는데요 가장 많은 사람들이 궁금해하는 스펙에 대한 이야기를 해볼까 합니다참고로 앞으로의 포스팅은 저의 주관적인 생각이 1000000% 적용된 포스팅들이기에 참고를 하시든 말든 본인 자유입니다...어떤 분이 제 스펙을 물어보셔서 먼저 적어보자면 전,,, 딱히 특별한 스펙은 없습니다,,,대학 이야기도 아래에 나오기 때문에 수험생 시절부터의 관련 점수를 써보겠습니다고2 1월부터 일본어 공부 시작고3 6월EJU 일본어 362점(370점 만점) / 일종 510점대?(잘 기억이 안 나네요..) / 기술 45점마치권 대학 합격JLPT N2 고2 12월에 취득 / N1 고3 7월에 취득JPT 940점(20살에 취득)(참고로 JPT는 국내 주관 시험이기 때문에 일본에서 자격증으로서 기재할 수 없습니다 JLPT는 국제 시험이라 가능. 전 코로나로 심심해서 응시했을 뿐이니 딱히 추천은 안 합니다)토익 점수 없음대학교 4학년 1월 취활 시작6월 일본계 기업의 ESG 부서 내정정확한 대학과 내정 기업의 이름은 밝히지 않을 예정이니 양해 부탁드립니다그럼 이제 본론으로 들어가 보도록 하겠습니다1. 일본 취업에 필요한 스펙은?먼저일본어에 대한 이야기부터 해보겠습니다일본 취업 관련 질문 중에 아마 가장 많이 받는 질문이 아닐까 싶은데요'저 일본어 이제부터 공부해 보려고 하는데 N2 정도면 취업 가능할까요...?''일본어 회화는 조금 할 줄 아는데 N1 딸만 할까요?'결론부터 말씀드리면 여러분들이 어느 기업을 목표로 하느냐에 따라 기준은 달라집니다전 한국에 있을 때부터 이런 얘기를 굉장히 많이 들었습니다'일본은 고령화로 일할 사람이 없다더라... 기업들이 다 채용해가려고 난리야 난리...'팩트만 말씀드리자면 위의 이야기에 해당되는 기업은 다 중소기업입니다지극히 개인적인 의견입니다만 일본에서 살고 싶은 욕구가 미친 듯이 있는 게 아닌 이상 중소를 가려고 일본 취업을 목표로 하는 게 저는 과연 큰 메리트가 있을지 의문입니다중소기업에서 사람을 구하기 어렵다는 얘기는 한국도 마찬가지라고 생각합니다그리고 저도 취활 후반부엔 좀 불안해서 중소도 지원해 봤는데요… 네… 사람들이 왜 중소는 쳐다보지도 말라고 한 건지 이해하게 된 귀중한 경험이었습니다저는 일본 취업을 목표로 한다면 ""N1 땄으니 난 일본어 마스터했다""가 아닌, N1을스타트 지점으로 봐야 한다고 봅니다저도 일본에 오기 전까진 N1 땄으니까 이제 꽤 봐줄 만하겠지?라고 생각했습니다사실 이렇게 생각하는 게 이상한 건 아닙니다 그냥 이 시험의 끝인 단계가 N1이니까요 그 위를 생각하지 않는 것이 어쩌면 당연한 걸지도 모릅니다하지만 저는 일본에 처음 와보고 정말 큰 충격을 받았습니다편의점 직원이""봉투 필요하세요?""라고 물어본 걸 알아듣지 못한 겁니다이 [봉투 필요하세요?] 딜레마는 저만 경험한 건 아니더군요 정말 많은 유학생 친구들이 같은 이야기를 해서 웃었던 적이 있습니다아무튼 시험과 다르게 회화는 상상이상으로 말하는 속도가 빠르고 발음도 정확하지 않기 때문에 간단한 문장을 알아듣는 것도 처음엔 굉장히 힘듭니다그런데 취업을 한다는 것은 그것보다 더 위인 비즈니스 레벨의 일본어 능력이 필요하다는 건데, N2를 따고 취업을 하든 N1을 따고 하든 일정 수준 이상의 일본어 실력이 없다면 결국엔 실제로 일을 하면서 본인이 지치게 될 겁니다그리고 위에서 어느 기업을 목표로 하느냐에 따라 기준은 달라진다고 했는데중소기업 정도면 N2로도 붙을 수 있지 않을까 합니다그런데 대기업의 경우 여러분 혼자만의 싸움이 아닙니다경쟁 상대는 지금까지와 똑같은 한국 사람이 아닌 일본 사람, 현지인이 됩니다일본 친구들도 중소보다는 당연히 대기업을 가고 싶어 합니다원어민이랑 경쟁을 해야 되는 건데 N1을 들먹이는 건...기업 기준에서 평가 항목 중에 하나인 거지 자격증이 여러분의 취업 보증 수표는 될 수 없습니다일본에서는 회사별 경쟁률을 内定倍率라고 합니다（内定倍率＝エントリーした就活生の数／内定者数）본인이 원하는 기업의 경쟁률이 알고 싶을 때는 기업명+倍率라고 구글에 검색하면 대략적인 수치를 알 수 있을 겁니다아래는 일본 토요케이자이에서 공개한 2023년도 기준 内定倍率가 높은 기업 순위입니다 봐주셨으면 좋겠고 본인이 직접 검색해 보는 것이 제일 베스트 인 것 같습니다다음은영어입니다영어는 정말 애매한 부분 중에 하나인데요대부분의 일본인들이 600점 이상만 있으면 ok라는 인식을 많이 가지고 있습니다이건 정말 기업 바이 기업이라 여러분이 어떤 기업을 목표로 하는지 확실히 정한 상태라면 인터넷에 검색을 해보는 등 직접 알아보는 게 좋을 것 같습니다저는 토익, 토플 영어 점수가 없습니다원래 영어를 죽도록 싫어하는 것도 있고 취업 준비를 급하게 시작한 편이다 보니 영어 점수를 준비할 시간조차 없었습니다맞습니다 변명입니다.저는 지원할 때 늘 영어 점수 항목은 미기재로 제출을 했는데요생각보다 많은 대기업에서 서류전형 통과를 했습니다그렇지만 아무리 그래도 저 같은 짓은 하지 마시고 최소 600점! 만 따놓으시는 걸 추천드립니다물론 높으면 높을수록 좋습니다 요즘 점점 영어 점수를 중요하게 생각하는 기업들이 늘어나고 있는 건 확실한 것 같습니다이외의자격증어떤 걸 따야 할까요?한국에서 취업하려면... 저도 준비해 본 적이 없어서 잘 모르겠습니다만 뭐,, 컴활이라든지 한국사라든지...죄송합니다 정말 잘 모르겠지만 아무튼 다양한 자격증을 따려고 노력하는 분들이 많은 걸로 알고 있습니다일본은 자격증은 크게 중요하지 않습니다전문직을 목표로 한다면 관련 자격증을 딴다고 나쁠 건 없을 것 같습니다만 필수 사항이 아닌 경우굳이?라는느낌은 있네요저도 자격증은 한 개도 없습니다그럼 일본에서 가장 중요하게 보는 평가 기준은 무엇일까요?나중에 더 자세하게 포스팅하겠지만 일본은[학창 시절에 가장 열심히 한 것]이게 평가 기준입니다이게 뭔 개소리야-싶을 수 있는데요학창 시절에 열심히 한 것그 과정에서 힘들었던 것 (친구랑 싸웠어요, 대회에서 졌어요 등등)그 힘든 부분을 어떻게 극복해냈는지?최종적으로 어떤 성과를 냈는지?그 과정을 통해 무엇을 배웠는지?크게 나누자면 이런 식입니다일본은 화려한 스펙보다는 지금까지 무엇을 실천했고 그것을 통해 무엇을 배웠는지를 가장 큰 평가 항목으로 정해놓고 있습니다그렇기 때문에 일본어, 영어 좀 못한다고 희망이 아예 없는 것은 아닙니다이 부분에서 훌륭하게 설명해낼 수 있는 능력만 있다면 충분히 자신의 능력치보다 상위인 기업도 도전해 볼 만합니다 제가 그런 경우고요일본 친구들이 가장 많이 쓰는 에피소드로는 아무래도 대학에서의 부활동과 서클에 관련된 이야기입니다간혹가다 알바얘기를 적는 친구들도 있고요한국처럼 어느 기업과 연계하여 대외 활동을 했고 상을 수상했고 이런 에피소드는 정말 특이 케이스에 해당된다고 생각합니다이 학창 시절에 가장 열심히 한 것은 学生時代に力を入れたこと 줄여서ガクチカ(가쿠치카)라고 흔히 부릅니다교환학생이나 어학연수 등도 가쿠치카의 에피소드로써 사용할 수는 있겠지만 본인이 그 활동을 통해서 무엇을 얻었는지를 제대로 설명해 내지 못하면 어필 요소는 될 수 없습니다이 가쿠치카에 관한 이야기는 나중에 더욱 자세히 포스팅할 예정입니다그리고 만약 자격증을 취득한 경우 엔트리 시트에 기재할 때 국제 자격증인지 꼭 확인하시길 바랍니다한국에서만 인정되는 자격증을 기재해도 기업 입장에선 그게 뭔데…가 될 뿐입니다일본에선 직종마다 다릅니다만 은근 운전면허를 중요하게 생각해서 저는 운전면허와 JLPT만 기재했습니다마지막으로학연/지연입니다한국은 요즘 블라인드 채용이 증가하고 있다고 들었습니다안타깝게도 일본은 아직까지 블라인드 채용이라는 건 없는듯합니다학연, 지연은 스펙이라기보다는 실제로 어느 정도는 작용하고 있다는 사실만 알아두셨으면 합니다학연의 경우 먼저 대학교에 관한 이야기입니다만 일본은 아직도 학벌주의가 존재해 대학의 레벨에 따라 채용을 하냐 안 하냐도 많이 갈립니다이걸学歴フィルター(학력 필터)라고 부르며 이것도 구글에 본인이 들어가고 싶은 기업 이름+学歴フィルター로 검색하면 어느 정도 나옵니다이력서를 제출하는 데에 있어서도 학교 지정 이력서에 작성해서 내라는 곳이 있는데 학교 지정 이력서는 대부분 맨 위에 대학교 로고가 떡하니 박혀있습니다 블라인드 채용과는 거리가 좀 멀죠물론 학력 필터가 없는 기업들도 많습니다그렇지만 개인적으로 저도 취활을 하는 내내 국립과 소케이, 마치는 안정적이라는 느낌을 계속 받아왔습니다한국 사람들은 마치권도 굉장히 무시하는 경향이 있는데 저는 대체 왜 그러는 건지 모르겠습니다…덕분에 저도 마치를 다니고 있지만 대단한 게 아니구나라는 생각만 가지고 살아왔었는데요 일본에 와보니 일본인 친구들이(같은 학교 제외) 다들 놀라길래 좋은 대학이구나라는 걸 깨달았습니다면접을 볼 때도 “한국에서 공부하고 바로 ㅇㅇ대학에 합격한 건가요? 대단하네요”라는 얘기를 꽤 많은 기업에서 들었습니다다른 대학들도 마찬가지입니다 어느 정도 이름이 알려진 대학에 합격했다는 것 자체를 긍정적으로 평가해 주는 곳이 은근히 많습니다그러니 너무 본인을 깎아내리진 않았으면 좋겠습니다이야기가 너무 새 버렸지만 아무튼 이 학연이 취활과 어떤 관계가 있냐면,일본은 보통 본선고 이전에OB/OG 방문을 많이 합니다 자신이 들어가고 싶은 기업의 사원을 만나는 기회를 가지는 건데요 당연히 본인이 다니는 학교의 졸업생이 그 회사에 재직 중이면 컨택하기는 더욱 쉬워지겠죠실제로 많은 기업들이 엔트리 시트에 “OB/OG 방문을 한 적이 있습니까? 있다면 사원명을 알려주세요” 하고 질문을 적어놓는 경우들이 꽤 있습니다아니면 우리 회사를 어떻게 알게 되었나요?라는 질문에 지인/선배를 통해 로라는 체크 항목도 있습니다 이 경우에도 사원명을 알려달라고 합니다또한 일본의 많은 대학에는 ‘커리어센터’라고 하는 취활 지원 사무실이 있습니다선배가 졸업 전 그 커리어센터에 본인의 내정 정보와 개인 연락처를 남겨 놓은 경우 커리어센터 연계로 컨택을 하는 경우도 많습니다이 OB/OG에 대해서는 나중에 기업분석 파트에서 다시 다뤄보도록 하겠습니다일본에서는 이런 학연, 지연, 혈연으로 입사하는 것을 コネ入社 또는 縁故採用라고 합니다저도 자세하게는 몰라서 검색해 보니 주로 방송국 쪽에 많은 듯합니다좀 웃긴 게 부당하다고 생각하는 사람들도 많긴 한데 이런 연을 중요하게 생각하자면서 아예 너도 연을 만들 수 있도록 노력해 봐라라는 의견들도 꽤 있어 쉽게 사라질 것 같진 않습니다마무리로 한국취업과 일본 취업의 난이도를 비교하자면 어느 쪽이 더 힘드냐라는 질문을 받는 경우가 많습니다 이건 단지 한국인 뿐만 아니라 일본인들도 굉장히 궁금해하는 주제입니다저는 한국취업을 시도조차 해본 적 없지만 주변 상황만 봐도 한국이 압도적으로 어렵지 않나 싶습니다위에서 일자리가 많은 건 중소기업,이라는 말을 했었는데요대기업에 비해서 중소기업의 수가 많다는 것과 일본 현지인들도 대기업을 목표로 하기에 경쟁률이 높아 그렇게 말했을 뿐대부분의 대기업들이 매년 많게는 몇십 명씩은 반드시 채용을 하고 있는 부분부터 한국보다는 쉬운 환경인 게 아닐까 싶습니다저도 아무런 스펙도 없이 내정을 받은 사람으로서 한국취업을 하려고 하면 진짜 막막할 것 같네요…다음 편은 일본의 전체적인 취활 스케줄에 관한 이야기입니다일본 취업은 대학교를 졸업하고, 20대 중후반에 등등 내가 시작하고 싶을 때 아무렇게나 시작할 수 있는 것은 아닙니다전체적인 스케줄이 정해져 있기 때문에 다음 포스팅에서 자세하게 설명해 보도록 하겠습니다질문은 댓글로 남겨주세요",https://blog.naver.com/likny009/223144047658
2023.07.01.,"자산관리사(은행FP) 1과목 <제1장, 재무설계의 의의 및... ",및 고령화 고령화(7%) ▶ 고령(14%) ▶ 초고령(20%) 개인주의적 사고방식 개별성 추구 비재무적 요구의 증가 재무설계의 중요성 인식 소비자 중심 경영인식 확대... ,"재무설계개인재무설계개인이나 가계의 현재 재무상태를 검토하는 과정. 평생에 걸쳐 단기적인 설계를 통해 중장기적인 목표 달성.재무적 자원 + 미재무적 자원도 함께 관리사회경제적 배경인구통계적 배경소비자의식 변화자산 및 부채의 증가금융시장 개방 및 국제화금융상품 다양화 및 금융관련 법규강화1인가구 증가노동환경의 변화저출산 및 고령화고령화(7%) 고령(14%) 초고령(20%)개인주의적 사고방식개별성 추구비재무적 요구의 증가재무설계의 중요성 인식소비자 중심 경영인식 확대※고령화문제 : 2017년 고령사회 진입, 2025년 초고령사회 진입.노년부양비=노년인구노령화지수=노년인구생산가능인구유년인구재무설계 >고객의 목표에서 시작하는 것재무상담 >고객의 문제평가에서 시작하는 것개인 재무관리의 궁극적 목표소득과 자산의 극대화효율적 소비의 실천재정적 만족감의 발견재정적 안정감의 달성노후대비와 상속을 위한 자산축적재무설계 프로세스 6단계고객과의관계 정립고객 관련 정보의 수집 및 재무목표 설정고객의 재무상태 분석 및 평가재무설계 제안재무설계 실행정기점검및 사후관리유망고객(지인/ 기계약자 / 소개)4가지 조건재무목표가 있는금융상품에 가입할 경제적 능력이 있는만남이 가능한실행력이 있는* 자산관리사와 혈연, 지연으로 맺어진 사람도 유망고객 (단, 만나기 어려우면 유망고객X)고객과의 관계정립 채널TA (전화)SMS (문자)DM시간관리 효율적유망고객 쉽게 만날 수 있음고객면담 효과적방문약속을 잡기위한 목적(상품판매 목적 활용 금지)상대적으로 저렴한 비용심리적 부담을 줄여줌동시에 많은 사람과 접촉발송시간 주의많은 사람들과동시에접촉가능면담을 매끄럽게 진행하게 도와줌설문서인터넷이메일시간을 절약할 수 있고,정보수직 과정 빠르게 진행가능(고객의 정보를 정확하게 점검하면서 받을 수 있어 자산관리사들이 많이 사용하는 정보수집방법면담 진행전, 진행중 2가지 사용)고객 성향이나 감정 등을 파악하기에 한계가 있음시간과 비용이 절약고객과쌍방향 의사소통극대화시간과 비용 절약효과적 질문 경청고객 스스로 말할 수 있도록 분위기를 이끌어내는 질문이 좋은 질문.완고한 고객일수록 적극적으로 경청 공감.최초 면담 시 자산관리사가 활용할 수 있는 유용한 질문상황파악 질문고객이 현재 처해있는 배경, 정황, 사실, 정보 등을 수집문제인식 질문고객이 현재 가지고 있는 어려움, 문제 등을 고객 자신이 스스로 인식시사 질문고객 문제로 인해 발생 및 파급되는 결과의 심각성, 중요성을고객 스스로 인지(시사점을 주는)해결 질문고객에게 해결책의 효용 가치, 이득 등을 느끼게 하여 자산관리사의 해결안 제안에 동의를 구하는계약체결 기법묵시적 동의법양자택일법예화법아는 사람의 계약체결로 불안하게 만드는 기법ex) 영업팀 김부장님도 가입하셨습니다.손해암시법조만간 이자 소득세도 올라서 지금 가입하시는 것이 유리합니다.효과적인 가입제안논리적으로 설명하되감성적 스토리텔링 제공전문가라는 신뢰 부여,고객이익에 반하는 결정 금지미루거나 거절하는고객에 대한 거절처리 숙지재무목표 달성시구체적 이익과 금액을 제시생애주기별 재무목표청년기자신을 위한 투자첫 직장 잡기결혼자금 마련▼가족형성시첫 자녀의 출생 준비자금 마련자동차 구매자금마련▼자녀양육기자녀의 교육자금 마련주택 자금 마련▼자녀성장기자녁의 결혼자금마련주택확장 자금 마련▼가족축소기노후자금 마련기타목적자금 마련▼은퇴 및 노후기노후생활자금상속 및 증여에 대한 계획연령별 고려사항20대 고객에 대한 제안30대 고객에 대한 제안40대 고객에 대한 제안50대 고객에 대한 제안소비에 관심많고,정보나 관심도 많은자녀에 대한 투자관심 높은 시기결혼, 자녀출생, 내집마련에 대한 욕구가 핵심이슈3층보장에 의한 연금자산 준비(근로자)재무목표세우고 기간별로 투자부동산 너무 많은 투자 지양연금은 투자형대출리파이낸싱 투자여력 확보(현재의 대출금리가 기존의 대출금리보다 낮을 경우 대출이자를 줄이기 위해 다시 리파이낸싱)배우자연금 함께 고려은퇴시기연장을 위해 본인에게 투자부동산에 대한 애착이 강한 시기연금납입기간 짧게, 금액은 많게(남은 인생이 적다.)자녀의 결혼자금등 거액이 지출되는 시기차업을 권유해 은퇴시기 연장역모지기 활용 노후의 현금흐름 구조 개선(보유하고 있는 주택을 담보로 노후생활에 필요한 자금을 연금의 형태로 지급)직업별 고려사항근로소득자개인사업자전문직임대사업자생애주기별 재무목표 우선순위달성방안 제안3층보장제도(국민연금, 퇴직연금,개인연금)활용 방안 제안퇴직 후 창업방안 고려소득공제 구조에 대한 이해고려노란우산공제(소상공인의 생계위험 보호 및사업재기 기회 제공)은퇴 부족 자금 마련세금 및 절세전략고려주소득원의 보장자산투자방안세무조사금융자산비율세금자산이전세무조사재무적 정보와 비재무적 정보 구분재무적 정보(정량적정보)비재무적 정보(정성적 정보)은퇴관련 자료자산 및 부채자료증여 상속관련 자료각종 보험에 대한 정보퇴직금 정보종업원 복지와 개인연금 정보소득 및 지출 자료예상수명정보위험수용성향개인 재무설계 관련 경험 및 지식가치관, 꿈, 생활 방식관심 분야와 취미생활자산의 구성현금흐름표재산부채상태표일정기간현금 유입과 유출을 나타낸 표순자산 변화의 원인 파악재무상태의 변동원인을 나타냄일정시점자산과 부채의 전체규모를 나타냄과거의 모든 재무활동의 변동 결과개인자산의 구성 및 유동성 파악순자산 = 자산 - 부채자산 구성, 부채 규모, 유동성 파악현금유입현금유출현금성자산수시입출금CMAMMFMMDA만기 6개월이내 CD모든 소득과모든 현금 유입고정지출변동지출저축 및 투자금융투자자산채권뮤추얼펀드주식개인연금만기6개월 이상금융상품ELSELDELF고정지출변동지출부동산자산사용하고 있는 자동차보트회원권기구 등주택관리비주택 자금 및 자동차 대출상환금소득세사회보험료부채상환원리금식비교통비피복비접대비건강의료비개인사용자산투자목적 or 거주목적 부동산 모두기타자산생명보험의 해약환급금 등 분류하기 모호한 자산 등",https://blog.naver.com/krladmstjs/223132204531
2023.07.01.,HD현대인프라코어 주가 및 기업 전망과 경쟁력,"감소, 고령화 시대의 인력난 해소 도모 * 탄소 중립 및 환경 규제로 인한 친환경 고효율 엔진기술을 고도화 하고 다양한 전동화 기술을 선제적 운영 -> 친환경... ","HD현대인프라코어주가 전망 및 기업의 미래성장 동력에 대해 살펴보겠습니다.건설기계 및 엔진 사업분야에서 글로벌 선도 기업으로 비상하고 있는HD현대인프라코어의 기업 전망과 경쟁력을 바탕으로 미래 성장 동력과 주가 전망에 대해 알아보도록 하겠습니다.기업의 개요HD현대인프라코어는 우리나라 최고의건설기계및엔진을 생산, 판매하는 기업으로 세계 최고의 건설기계 분야의 업체들인 Caterpillar, Komatsu, Volvo 및 Hitachi등과 글로벌 시장의 선도 업체로의 치열한 경쟁을 하고 있습니다.-주요연혁All Image: HD현대인프라코어*1937년 6월조선기계제작소설립*1963년 5월한국기계공업㈜ 개편*1976 년 10월대우중공업㈜: 모기업의 자금난으로 인해 대우실업으로 넘어간 후 대우기계와 합병됨*2000년 10월대우종합기계㈜: 대우그룹의 부도로 그룹이 해체되면서 대우중공업에서 종합기계사업부문이 대우종합기계로 물적 분할*2005년 4월두산인프라코어㈜: 두산중공업 인수로 사명 변경됨*2021년 9월현대두산인프라코어㈜: 2020년 12월 현대중공업의 두산인프라코어 인수*2023년 03월HD현대인프라코어㈜사명 변경-주주현황2021년 2월 두산에너빌리티㈜ 보유하고 있던 주식을 HD현대㈜등으로 양도하였고 현대는 HD현대사이트솔루션㈜에게 주식에 대한 지위를 이전하여 현재최대주주는 32.98%를 보유한HD현대사이트솔루션㈜입니다.현재 지분관계를 살펴보면HD현대사이트솔루션㈜ 는HD 현대㈜가 지분을 100%보유하고 있으며 이 HD현대㈜최대주주는 26.6%의 지분을 보유하고 있는 정몽준 이사장입니다.(참고로 HD현대㈜는 HD한국조선해양㈜ 인적분할로 출범한 지주회사입니다.)재무상황2020년부터 올해 예측치까지 고려하면 꾸준하게증가하고 있는 추세입니다.(참고로 2023년 03월03일 1분말 기준 자본총계는 1조 7318억이며, 현재 네이버 증권기준 시가총액은 2조3873억 입니다.)사업 분야주요 사업부문으로는건설기계사업과엔진사업으로 매출 비율은 건설기계 76.2% 엔진 등은 23.8%로 구성됩니다.건설기계사업굴착기와 휠로더를 비롯하여 굴절식 덤프 트럭까지 포함하는다양한 제품 라인업을 보유하고 있으며, 이 제품들은전 세계적으로 생산, 판매 및 유동망을 확보하고 있습니다. 또한 세계적인 글로벌 기업들과 시장 선두자리를 놓고 치열한 경쟁을 하고 있습니다.대표적으로환경에 상관없이 최상의 성능과 효율성을 제공하는 소형부터 중대형 굴착기와, 강력한 파워와 순발력을 자랑하는 휠로더,독창적인 기술력으로 뛰어난 내구성과 연비를 가진 굴절식 덤프트럭, 다양한 작업환경에 최적화된 특수 장비 등이 있습니다.엔진 사업HD현대인프라코어 엔진은 사회와 개인의 삶을 더욱 향상시키기 위한 기술과 강화되는 다양한 환경규제를 충족시키는 고품질, 고사양의 엔진으로 Full Line-Up을 구성하고 있습니다. 또한, Total Solution을 제공하여Global Top Engine Maker로 성장하고 있습니다.대표적으로 비상용 및 상용 발전기에 탑재되는발전기용 엔진과, 농기계, 건설기계 등 다양한 산업장비에 적용되는 산업용 엔진, 환경을 보호하며 최고의 성능과 효율을 자랑하는 차량용 엔진, 글로벌 시장에서 검증된 품질로 전 세계 고객에게 필요로하는 선박용 엔진 등이 있습니다.기업 전망산업 전망향후 건설기계 시장은 고객의 다양하고 세분화된 요구사항에 맞추어 솔루션 비즈니스의 중요성이 더욱 증가할 것으로 예상되며, 건설현장에서의 디지털화가 가속화되면서 디지털 기반의 신규 사업이 성장할 기회가 크게 넓어질 것으로 전망됩니다.엔진 등 사업의 중장기적인 전망의 경우 배기규제의 전환기에 따른 진입 기회와 고출력 대형 엔진 시장의 성장 및 신흥 시장에서의 엔진 수요 증가 등 다양한 요인을 통해 성장 기회가 기대됩니다.이와 같은 시장 환경에서 엔진 제조업체들은 시장 경쟁력 확보를 위해 협력 구조를 강화하고 사업구조를 최적화하며, 용도와 지역에 맞는 성장 전략을 추진하는 등 대응하고 있습니다. 또한 소형 장비를 중심으로 전동화 추세가 확대되고 있어 이에 따른 하이브리드, 전기, 연료전지 등 미래 파워트레인 시장성장이 예상되고 있습니다.기업 비전건설기계와 엔진사업은 에너지 산업, 건설 경기 및 자동차 경기 등을 비롯한 전방 산업의 수요 변동에 따라 크게 영향을 받는 사업 분야로서 산업 전체가 4차 산업혁명 시대에 맞춰 발빠르게스마트 기술을 앞세워 디지털화 전환을 진행하고 있습니다.이에HD현대인프라코어는 IT산업과 융합하여 스마트 기술을 통해 비즈니스의 새로운 가치를 창출하고 시장을 선도하는 혁신적인 기업을 목표로 하고 있습니다.Global Leader in Infrastructure Solutions을 비전으로 고객에게 최적의 솔루션을 제공하기 위해 제품, 기술, 작업 방식을 지속적으로 개선하고 노력하고 있으며, Powered by Innovation이란 기업 슬로건 아래, 혁신을 주도하며 첨단 디지털 기술을 통해 변화를 선도하는 혁신 기업으로 성장해 나가는 것을 지향하고 있습니다.기업 경쟁력* 제품 경쟁력 확보와 장기적 성장 기반 구축 목표로 연구개발 투자확대를 통해 차별적 기술 경쟁력의 확보와 선진적 Engineering Process 구축을 목표로 연구개발 활동에 매진-> 무인화와 자동화 기술 개발을 통한 생산성 향상과 사고 위험 감소, 고령화 시대의 인력난 해소 도모* 탄소 중립 및 환경 규제로 인한 친환경 고효율 엔진기술을 고도화 하고 다양한 전동화 기술을 선제적 운영-> 친환경 대체연료 엔진 공급*Conecpt X라는 3차원 드론측량정보 및 설계정보를 토대로 건설장비를 무인 및 자동화로 운용해 공사를 수행하는 종합 관제솔루션 기술 세계최초 시연 (2019.11월)비지니스의 디지털 트랜스포메이션으로 건설기계 산업의 지속적 혁신 추구와 지속가능한 고객가치 창출을 바탕으로 건설 현장에 ICT와 AI 관련 기술을 융합하고 접목하여 향후 미래 건설 현장을 주도하는Concept-X 프로젝트를 추진하고 있습니다.현장 측량 작업의 자동화, 장비의 무인화, 5G 통신 기반의 원격 조정 등 미래 건설 현장의 최적화 기술이 적용된 솔루션 제공하여 생산성 향상 및 비용, 리스크 감소로 새로운 부가가치 창출PHM (Prognostics and Health Management)가 구현된무인화 장비들의 실시간으로 이루어지는 가자 진단기능과 모니터링을 통해 주요 부품과 기능에 대한 오류 및 과부하를 감지하고 분석하여 종합적인 장비의 상태를 확인 할 수 있음습니다.이는 장비의 수명과 위험요소를 사전에 예방하고 관리함으로써 예측하지 못한 장비의 고장 및 공사 지연을 방지할 수 있습니다.HD현대인프라코어는 4차산업혁명 시대와 탄소 중립으로 환경규제와 같은 산업의 변화에 따라 우리나라 1등 기업이라는 타이틀에 안주하지 않고 혁신과 노력으로미래 산업의 변화에 맞춰 발빠르게 기술개발과 상용화를 준비하고 있습니다.지금은 세계적인 기업들과의 글로벌 시장에서의 치열한 경쟁을 하고 있는 만큼 선도적인 역활을 위해 새로운 기술과 솔루션을으로 어떻게 우리를 놀라게 할지 기대가 됩니다.주가전망주가전망은 개인적인 견해이므로 항상 참조만 부탁드리며, 각자의 지식의 폭과 생각이 다를 수 있으므로 너그러운 마음으로 봐주시면 감사하겠습니다.<월봉 차트 - 키움증권>월봉기준 좋은 흐름을 보여주고 있습니다. 이 상태로 흐름을 이어간다면 이동평균선의 정배열이 되면서 강한 상승이 나오지 않을까 기대됩니다. 2021년 전고점인 15,416에 근접하고 있으므로 7월과 8월의 흐름이 중요합니다.<일봉 차트-키움증권>2022년 10월 이후 우상향하는 모습으로 과거 2021년 당시의 상승과 달리 45도 각도로 매물대 소화 및 물량을 받쳐주면서 상승하고 있는 모습으로 보입니다.그리고 최근 기계업종의 강한 상승세로 주가는 2021년 7월 고점대를 향해 다가가고 있는데 이는 실적 증가세와 우크라이나 국가의 재건 사업 시 수혜주로 관련이 되기 때문에 조정이 나온다면 분할로 접근해서 전 고점까지 단기적인 관점에서 접근이 가능해 보입니다.끝으로 투자 시장은 다양한 위험성과 변수들이 많이 내재되어 있으므로 투자자 본인의 목표와 위험관리를 고려하여 신중한 판단으로 투자가 이루어져야 합니다. 이번 HD현대인프라코어에 대한 주가 전망은 투자를 권유하거나 하는 내용이 아니므로 참조용으로만 봐주시길 당부드립니다.이상으로 HD현대인프라코어 주가 및 기업 전망에 대한 포스팅을 마치겠습니다.감사합니다.",https://blog.naver.com/wltkdeh/223144034558
2023.07.01.,고혈압원인과 먹으면 좋은음식 운동,"기타 요인: 고령화, 성별(남성은 여성보다 고혈압 발병 위험이 높음), 기저 질환(당뇨병, 신장 질환, 심혈관 질환 등) 등도 고혈압의 원인이 될 수 있습니다 이러한... ","고혈압이 신분 있으신가요? 저는 이번에 검진에서 고혈압 전단계라고 검진 결과가 나왔는데요 ㅠㅠ 고혈압은 전혀 생각하지도 못하고 있어서 어떻게 관리를 해야 하나 막막했습니다. 그래서 오늘 제가 열심히 공부한 바탕을 여러분에게 알려 드리고자 합니다 저처럼 고혈압이 있으신 분들은 오늘 이 포스팅을 꼭 보시고 실천하시면 좋겠습니다 저와 함께 다시 정상으로 돌아가 보자고요!고혈압이란?혈압이 정상 수준보다 지속적으로 높은 상태를 의미합니다. 혈압은 심장이 혈액을 박출할 때 동맥벽에 가하는 압력으로 표현되며, 주로 mmHg(밀리미터 수은)로 측정됩니다. 혈압은 일반적으로 수축기 혈압과 이완기 혈압으로 표시가 되는데 수축기 혈압은 심장이 수축하는 단계에서 동맥압이 가장 높은 값이고 이완기 혈압은 심장이 이완하여 동맥압이 상대적으로 낮아지는 값입니다.고혈압은 침묵의 살인자로 불리기도 하는데 그 이유는 대부분의 사람들이 고혈압에 대한 증상을 인식하기 어려워 발견하기가 어렵기 때문입니다. 고혈압은 심장, 혈관, 신장 등에 심각한 영향을 줄 수 있으며 만약 제때 발견되지 않거나 관리되지 않으면 심장 질환, 뇌졸중, 신장 질환, 등의 합병증을 유발할 수 있습니다.고혈압의 기준은 일반적으로 수축기 혈압이 140 mmHg 이상이거나 이완기 혈압이 90mmHg 이상인 경우로 정의됩니다. 그러나 고혈압의 정확한 진단은 여러 번의 혈압 측정을 통해 확인이 되어야 합니다.고혈압 원인유전적 원인: 가족력이 있는 경우 고혈압 발병 위험이 높아질 수 있습니다. 유전적 요인은 고혈압 발병 가능성을 증가시킬 수 있습니다.삶의 양식:건강하지 않은 식습관과 고열량 및 고지방 식품의 과다 섭취, 과도한 소금 섭취, 알코올과 담배의 남용 등은 고혈압의 원인이 될 수 있습니다.비만:비만은 고혈압 발병 위험을 증가시키는 주요 요인 중 하나입니다. 비만은 심장의 작동 부하를 증가시키고 혈압을 상승시키는 경향이 있습니다.신체 활동 부족:신체 활동 부족은 고혈압 발병 위험을 증가시킵니다. 꾸준한 신체 활동은 혈압을 정상 수준으로 유지하는 데 도움을 줄 수 있습니다.기타 요인:고령화, 성별(남성은 여성보다 고혈압 발병 위험이 높음), 기저 질환(당뇨병, 신장 질환, 심혈관 질환 등) 등도 고혈압의 원인이 될 수 있습니다이러한 요인들은 개별적으로 또는 복합적으로 작용하여 고혈압을 발생시킬 수 있습니다. 고혈압은 질병이며, 조기 발견과 꾸준한 관리가 중요합니다. 고혈압을 예방하거나 통제하기 위해서는 건강한 생활습관을 유지하고 정기적인 건강 검진을 받는 것이 중요합니다. 만약 고혈압이 의심된다면 의료 전문가와 상담하여 적절한 검사와 치료를 받는 것이 좋습니다.고혈압에 좋은 음식과일과 야채: 신선한 과일과 야채는 고혈압을 관리하는 데 도움이 됩니다. 과일과 야채는 낮은 칼로리와 높은 영양소 함유량으로 건강한 식단의 중요한 부분입니다. 특히 고 칼륨 식품인 바나나, 아보카도, 감자, 시금치 등은 혈압을 낮추는 데 도움이 될 수 있습니다.전체 곡물:고혈압을 관리하기 위해 전체 곡물을 섭취하는 것이 좋습니다 영양소가 풍부하고 식이섬유가 풍부한 전체 곡물은 혈압을 낮추는 데 도움이 될 수 있습니다. 귀리, 보리, 밀, 현미 등이 있습니다.낮은 지방 유제품:저지방 우유, 요구르트, 치즈 등의 낮은 지방 유제품은 고혈압을 관리하는 데 도움이 될 수 있습니다. 이들은 칼슘, 칼륨 및 마그네슘과 같은 영양소가 풍부하며, 단백질도 제공합니다.고기와 달걀:닭고기, 토끼고기, 양고기와 같은 저지방 단백질은 고혈압을 관리하는 데 도움이 될 수 있습니다. 달걀은 단백질과 다양한 영양소를 제공하므로 건강한 식단에 포항 할 수 있습니다. 그러나 고기와 달걀을 섭취할 때는 지방 함량에 주의해야 합니다.해산물:고혈압을 관리하기 위해 식단에 해산물을 포함할 수 있습니다. 생선, 오징어, 새우, 등은 건강한 단백질과 오메가-3 지방산을 제공하여 혈압을 낮출 수 있습니다.고혈압에 좋은 운동유산소운동: 유산소 운동은 심박수를 증가시키고 호흡을 가속시키는 활동입니다. 이는 혈압을 낮추는 데 도움이 됩니다. 걷기, 조깅, 수영, 사이클링, 에어로빅, 춤, 등의 유산소 운동을 선택할 수 있습니다. 주 150분 이상의 중간 강도의 유산소 운동을 매주 수행하는 것을 권장합니다.강도 운동:강도 운동은 근력과 근지구력을 향상시키는 운동입니다. 이는 혈압을 조절하고 심혈관 건강을 개선하는 데 도움이 됩니다. 복근 운동, 가슴운동, 팔운동, 다리운동 등을 포함한 근력 훈련을 수행할 수 있습니다 주 2-3회, 30분에서 1시간 정도의 강도 운동을 실시하는 것이 좋습니다.신체 활동 증가:일상적인 신체 활동을 증가시키는 것도 고혈압 관리에 도움이 됩니다 계단을 이용하여 엘리베이터 대신 걸어가거나 자전거를 타고 출퇴근하는 등의 활동을 통해 더 많은 움직임을 도입할 수 있습니다.스트레칭 및 요가:스트레칭과 요가는 몸을 유연하게 만들어주고 근육 긴장을 완화시키는 데 도움이 됩니다. 이는 혈압을 감소시키고 스트레스를 완화하는 데 도움이 될 수 있습니다.운동을 시작할 때는 천천히 시작하고 몸의 반응을 주의 깊게 감시해야 합니다. 부작용이나 불편한 증상이 있을 경우 의사와 상의해야 합니다. 또한 적절한 신발과 운동복을 착용하고 충분한 수분을 섭취하여 안전하게 운동하도록 해야 합니다.",https://blog.naver.com/nasaco2/223144032131
2023.07.01.,일을 그만두는 이유 알아내봅시다,사람이 직장 관두는 사연 고령화 시간가 통하면서 일터에 관계하여서 초조함이 조금씩 벌어지고 있고요. 인간들이 갈망하는하는 은퇴 적시기의 나이도 늘어 가고... ,"사람이 직장 관두는 사연고령화 시간가 통하면서 일터에 관계하여서 초조함이 조금씩 벌어지고 있고요. 인간들이 갈망하는하는 은퇴 적시기의 나이도 늘어 가고 있다고도 헤요. 그래도 물구하고 예전에보다 평균값 근무연속기간에 대하여 계제는 줄고 있는 뜻이기도 해요. 통계청의 데이터에 관계하면 10년 전에는 평균치 근무연속기간이 19년 9개월이었지만 근간에는 15년 2개월로 약 4년 7개월 언저리 축소됐다고 알려져있는 것이기도 하다. 저러한 판결가 보인 영문로는 상업이 잘안되는하거나 커트, 휴폐업을 1순위로 지명하는 대답에 응답하는 사람가 33%였으며 차후이 충실에 흡족하지 않아서, 처자식들을 기르기 위해서 가 응답 계통를 이루었다는 뜻이기도 해요. 간간한 것은 10년 전 직장을 안하는 연유에 관계한 26%는 건전이 만족되지 않아서 이직했다는 목소리이 1순위였다고해요. 10년 사이에 무병과 같은 개개인의 까닭의 퇴임보다 불안정된 채용으로 까닭으로 사퇴하는 실제로 일어난 예들이 늘어난 것인걸 뜻한다. 더욱이, 최근들어서는 아녀자들의 일자리 퇴직 연유는 수다히 아들딸들 번육이라고 소견할 것인걸 뜻합니다. 하지만 이 그것과 같게 전국경제인연합회가 공표한 보고에 쫓아가면 여의 사퇴 영문은 자녀들보다 성가인 것으로 폭로됐다. 유별히 이미 결혼한 부녀자이 결혼하지 않은 아낙네과 계교하면 퇴사이나 사직를 할 가능한정도은 약 37% 큰것으로 보였으며 어린이 가꾸는에 기인한 사퇴일 것이라는 공동체적 앎을 격파하는 열매이다. 이것은 여의 직업활동에 의거하여서 분별이 미흡한 사정에서 가취하는 것이 퇴임이나 이직의 고동를 부여해준 것이라고 권위자들은 말하고있기도 하다.사람이 직장을 관두고, 왜 발수하는 사람이 되려는 핑계상용의 혼미한이 확대되면서 근간에는 사업을시작을 바라는 인류들이 늘어났다고 한단 사실입니다. 간단히 장사를 시작하는 것을 출발하는 것, 가게를 관리하는 것 등 암시에서의 영업이 성행이기도 하지만 기신을 차별화하고자 하는 활동도 쉬운일이아니다. 나 자기자신의 개개인을 주부로 하여 파는 사람이 되어 개인적인 금액에 가치를 매기는 것이기도하지요. 곧장, 자기자신을 자기스스로가 스스로 브랜딩하여 자신이 물품으로서 세상에 일어나는 것이기도하지요. 이것은 요새에 붐을 일으키는 퍼스널브랜딩과도 연결이 될 수 있는데, 각기의 차별화하는 것이라고 할 수 있고요. 단체주의 성질에 따른 경향이 강인한 대한민국에서 나를 차별화하는 것은 노련하지 않은 사태일수있다고해요. 그래도 물구하고 이런 모습의 트렌드가 자리 잡는 것은 퇴직이나 이동하는 일 능통한 상용의 혼미한 사회집단에 살고 있으며 어느 단체에 들더라도 기신만의 경쟁할만한 능력을 지니는 것이 힘이 되었기 원인이기도 합니다. 한 공동체에 자신을 대는 것이 아니라 기신에게 걸맞은 사회을 찾는 것이며 이것은 곧 집단의 성장과 한차례에 자신의 발전으로도 전할수 있기 탓일겁니다. 곧 개인적인 인력이나 정보를 파는 1차원적인 발수가 아니라 자신이 가진 철학이나 비전, 재능 등을 발수하는 것이며 자신스스로가 주어가 되어 기신을 발매한다고해요는 것은 앞길에도 대성 여지가 높은 광경이라고 알귈 수 있죠. 특별히 근래에는 코로나19라는 새삼스러운 우환이 등단하면서 세상 경제가 축감되고 당연스럽게 수익을 위해서 투하에 관계해 지나치게뜨거워짐 공기가 형성됐는데 혼탁한 손해를 떠안는 것이 아니라 나 본인에게 투자해 개인적인 의의가 증폭되게 하는 것이 곧 자산이 될 수 있구말구요. tatiana19, 출처 Unsplash",https://blog.naver.com/lovelyhearted1506/223144031379
